epoch,qre,max_grad
1,1.4261921104541502,0.32410157475376916
2,1.4199039617544065,0.3232918193309674
3,1.4136470290054297,0.3224841539366944
4,1.4074211540367458,0.32167857705286007
5,1.4012261793391625,0.32087508710314055
6,1.395061948064809,0.3200736824570255
7,1.3889283040270546,0.31927436142545407
8,1.3828250917004792,0.3184771222648886
9,1.3767521562207334,0.3176819631770697
10,1.370709343384362,0.3168888823091286
11,1.3646964996485909,0.31609787775726017
12,1.3587134721310163,0.3153089475630825
13,1.3527601086093264,0.3145220897172383
14,1.346836257520919,0.3137373021592159
15,1.3409417679624993,0.3129545827782696
16,1.3350764896896208,0.31217392941165784
17,1.329240273116235,0.3113953398543412
18,1.3234329693140228,0.3106188118468691
19,1.3176544300119302,0.30984434308389586
20,1.3119045075955142,0.3090719312136171
21,1.306183055106267,0.3083015738376928
22,1.3004899262409175,0.30753326851228846
23,1.2948249753506884,0.306767012748876
24,1.28918805744051,0.30600280401450564
25,1.2835790281682176,0.3052406397327052
26,1.2779977438436037,0.3044805172842238
27,1.2724440614276937,0.30372243400732934
28,1.2669178385316826,0.30296638719885105
29,1.2614189334160009,0.30221237411415836
30,1.2559472049893299,0.3014603919689298
31,1.2505025128075498,0.3007104379387718
32,1.2450847170726824,0.2999625091598387
33,1.2396936786317982,0.2992166027300543
34,1.2343292589758765,0.298472715709835
35,1.2289913202386367,0.2977308451215048
36,1.2236797251953582,0.2969909879513037
37,1.2183943372616488,0.2962531411488018
38,1.2131350204921967,0.29551730162859957
39,1.2079016395794873,0.2947834662696092
40,1.202694059852492,0.29405163191764677
41,1.1975121472753223,0.2933217953834588
42,1.1923557684458808,0.2925939534448944
43,1.1872247905944633,0.29186810284775394
44,1.1821190815823335,0.2911442403048806
45,1.177038509900294,0.29042236249789233
46,1.1719829446672132,0.2897024660779887
47,1.1669522556285221,0.28898454766508386
48,1.1619463131547145,0.28826860384871233
49,1.1569649882398152,0.2875546311911563
50,1.152008152499786,0.28684262622398016
51,1.1470756781709666,0.28613258545056036
52,1.1421674381084719,0.2854245053471289
53,1.1372833057845542,0.28471838236242275
54,1.1324231552869581,0.2840142129180913
55,1.1275868613172575,0.283311993409466
56,1.1227742991891754,0.2826117202062522
57,1.1179853448268675,0.28191338965371526
58,1.113219874763184,0.2812169980710483
59,1.108477766137955,0.28052254175364216
60,1.103758896696215,0.2798300169717416
61,1.0990631447864518,0.2791394199759844
62,1.0943903893587454,0.2784507469904752
63,1.0897405099630237,0.2777639942181429
64,1.085113386747206,0.27707915783986814
65,1.0805089004553734,0.2763962340151357
66,1.0759269324259004,0.2757152188815547
67,1.0713673645896011,0.2750361085583658
68,1.0668300794678083,0.2743588991425122
69,1.0623149601705046,0.2736835867117397
70,1.0578218903944059,0.2730101673251729
71,1.0533507544210168,0.2723386370223003
72,1.0489014371147123,0.27166899182360627
73,1.044473823920793,0.27100122773430946
74,1.040067800863481,0.27033534073933446
75,1.0356832545439838,0.2696713268072978
76,1.031320072138504,0.26900918189010886
77,1.0269781413962322,0.2683489019231961
78,1.0226573506373544,0.2676904828260435
79,1.0183575887510266,0.2670339205028338
80,1.0140787451933502,0.2663792108397629
81,1.0098207099853775,0.2657263497156585
82,1.0055833737109587,0.26507533298776387
83,1.001366627514793,0.2644261565017015
84,0.9971703631003388,0.2637788160893309
85,0.9929944727277427,0.26313330756928593
86,0.9888388492117652,0.2624896267472363
87,0.9847033859196976,0.26184776941576415
88,0.9805879767692862,0.2612077313570499
89,0.9764925162265872,0.2605695083396906
90,0.9724168993039157,0.25993309612106485
91,0.9683610215577199,0.2592984904461044
92,0.9643247790864908,0.258665687053542
93,0.960308068528569,0.2580346816670419
94,0.9563107870600911,0.25740547000142733
95,0.9523328323928424,0.2567780477619005
96,0.9483741027721146,0.25615241064444016
97,0.9444344969745662,0.2555285543352316
98,0.9405139143060901,0.2549064745121166
99,0.9366122545996576,0.25428616684420613
100,0.9327294182131727,0.25366762699222556
101,0.9288653060273213,0.2530508506092883
102,0.9250198194434067,0.25243583334079134
103,0.9211928603812005,0.2518225708245565
104,0.9173843312767769,0.25121105868961086
105,0.9135941350803787,0.2506012925642547
106,0.9098221752541615,0.24999326806424516
107,0.9060683557701203,0.24938698080164817
108,0.9023325811078768,0.24878242638193676
109,0.8986147562525266,0.24817960040516374
110,0.8949147866924605,0.24757849846636334
111,0.8912325784171897,0.24697911615534093
112,0.887568037915174,0.24638144905700937
113,0.88392107217165,0.24578549275164527
114,0.8802915886664575,0.24519124281578547
115,0.876679495371862,0.24459869482133328
116,0.873084700750383,0.24400784433670086
117,0.8695071137526211,0.24341868692709828
118,0.8659466438150822,0.24283121815046932
119,0.8624032008580373,0.24224543356991118
120,0.8588766952833109,0.24166132874190674
121,0.8553670379720577,0.2410788992188302
122,0.8518741402826842,0.24049814055100893
123,0.8483979140486602,0.2399190482874008
124,0.8449382715763463,0.23934161797481404
125,0.8414951256428251,0.23876584515920135
126,0.838068389493734,0.23819172538424463
127,0.8346579768411146,0.2376192541930767
128,0.8312638018612448,0.2370484271272733
129,0.8278857791924867,0.23647923972829893
130,0.8245238239331338,0.23591168753676242
131,0.8211778516392494,0.23534576609284397
132,0.8178477783225322,0.23478147093667007
133,0.8145335204481641,0.23421879760802178
134,0.8112349949326716,0.23365774164826306
135,0.8079521191417691,0.23309829859787695
136,0.8046848108882436,0.23254046399848113
137,0.8014329884298137,0.2319842333924872
138,0.7981965704670011,0.23142960232274545
139,0.794975476141011,0.23087656633521847
140,0.7917696250315895,0.2303251209749862
141,0.7885789371549308,0.22977526179047644
142,0.7854033329615433,0.2292269843307627
143,0.7822427333341544,0.22868028414716474
144,0.7790970595856002,0.22813515679277446
145,0.7759662334567299,0.22759159782402266
146,0.7728501771142922,0.22704960279878705
147,0.7697488131488575,0.226509167277752
148,0.7666620645727349,0.22597028682450057
149,0.7635898548178752,0.22543295700048183
150,0.7605321077338685,0.22489717338444917
151,0.7574887475856831,0.22436293154539555
152,0.7544596990517651,0.22383022705897582
153,0.7514448872219379,0.22329905550482082
154,0.7484442375953342,0.2227694124662924
155,0.7454576760783462,0.22224129353053568
156,0.7424851289825822,0.2217146942882381
157,0.7395265230228252,0.22118961033564338
158,0.7365817853149803,0.22066603727171746
159,0.7336508433740674,0.22014397070037373
160,0.7307336251121872,0.2196234062297497
161,0.7278300588365076,0.21910433947334002
162,0.7249400732472404,0.21858676604789073
163,0.7220635974356542,0.21807068157757642
164,0.7192005608820464,0.21755608168978235
165,0.7163508934537641,0.2170429620171907
166,0.7135145254032182,0.2165313181979304
167,0.7106913873658991,0.2160211458755565
168,0.7078814103583984,0.2155124406992129
169,0.7050845257764378,0.21500519832361056
170,0.7023006653929094,0.21449941440916367
171,0.6995297613559148,0.21399508462079414
172,0.6967717461868359,0.21349220463339935
173,0.6940265527783325,0.21299077012400638
174,0.6912941143924645,0.2124907767770624
175,0.6885743646587339,0.21199222028334155
176,0.6858672375721726,0.2114950963399967
177,0.6831726674914123,0.21099940065059652
178,0.6804905891367818,0.21050512892528347
179,0.6778209375884034,0.21001227688044208
180,0.675163648284292,0.20952084024058779
181,0.6725186570184598,0.20903081473592275
182,0.6698858999390378,0.20854219610384625
183,0.6672653135463977,0.20805498008874213
184,0.6646568346912876,0.20756916244218343
185,0.6620604005729627,0.20708473892299753
186,0.659475948737331,0.2066017052971229
187,0.6569034170751098,0.20612005733818867
188,0.6543427438199751,0.20563979081949083
189,0.651793867546818,0.20516090154393196
190,0.6492567271696736,0.2046833853017199
191,0.6467312619401113,0.20420723789576326
192,0.6442174114453829,0.20373245513767502
193,0.6417151156066021,0.2032590328468414
194,0.639224314676949,0.20278696685064673
195,0.6367449492398696,0.2023162529843148
196,0.6342769602072997,0.20184688709135712
197,0.6318202888178841,0.20137886502309127
198,0.6293748766352092,0.20091218263782842
199,0.626940665546055,0.20044683580620049
200,0.6245175977585982,0.1999828204037025
201,0.6221056158006961,0.19952013231459514
202,0.619704662518143,0.1990587674319501
203,0.6173146810729397,0.19859872165714249
204,0.6149356149415661,0.19813999090061243
205,0.6125674079132568,0.19768257108132417
206,0.6102100040882923,0.19722645812650721
207,0.6078633478762985,0.19677164797226787
208,0.6055273839945521,0.19631813656370659
209,0.6032020574662882,0.1958659198545276
210,0.6008873136190211,0.1954149938074031
211,0.5985830980828704,0.19496535439276694
212,0.59628935678891,0.19451699759355187
213,0.5940060359674666,0.19406991939819082
214,0.5917330821465079,0.1936241158054403
215,0.5894704421499863,0.19317958282296302
216,0.5872180630962074,0.19273631646791375
217,0.5849758923961912,0.192294312766188
218,0.5827438777520597,0.19185356775356052
219,0.5805219671554163,0.19141407747457287
220,0.5783101088857423,0.19097583798317588
221,0.5761082515087987,0.1905388453428977
222,0.5739163438750317,0.19010309562646513
223,0.5717343351179895,0.18966858491476124
224,0.5695621746527677,0.18923530930213014
225,0.5673998121743744,0.18880326488704224
226,0.565247197656253,0.18837244778310747
227,0.5631042813486475,0.18794285410921707
228,0.5609710137771149,0.18751447999529045
229,0.5588473457409591,0.18708732158084604
230,0.5567332283117072,0.18666137501508986
231,0.554628612831582,0.1862366364570318
232,0.5525334509119766,0.18581310207518104
233,0.5504476944319574,0.18539076804795923
234,0.548371295536751,0.18496963056349738
235,0.5463042066362496,0.18454968581970255
236,0.5442463804035267,0.1841309300242047
237,0.5421977697733587,0.18371335939481065
238,0.5401583279407385,0.18329697015885474
239,0.5381280083594198,0.1828817585536637
240,0.5361067647404592,0.1824677208097369
241,0.5340945510508837,0.1820548532071864
242,0.5320913215120351,0.18164315201669348
243,0.530097030598025,0.1812326135057553
244,0.5281116330346509,0.18082323396118657
245,0.52613508379783,0.1804150096800062
246,0.5241673381121723,0.18000793696925835
247,0.5222083514495788,0.17960201214599217
248,0.5202580795278342,0.17919723153728642
249,0.5183164783092185,0.17879359148044194
250,0.5163835039991085,0.17839108832255923
251,0.5144591130446159,0.17798971842101416
252,0.5125432621331982,0.17758947814321518
253,0.5106359081912974,0.17719036386626993
254,0.5087370083829885,0.17679237197806877
255,0.5068465201086219,0.17639549887685285
256,0.504964401003468,0.17599974096612717
257,0.5030906089364358,0.1756050946716562
258,0.5012251020086138,0.17521155641767336
259,0.49936783855207345,0.1748191226425925
260,0.4975187771285028,0.17442778979469997
261,0.49567787652790063,0.17403755433276424
262,0.49384509576727664,0.17364841272556225
263,0.49202039408934706,0.17326036145198923
264,0.49020373096125347,0.1728733970011722
265,0.4883950660732763,0.17248751587246658
266,0.4865943593375599,0.17210271457528775
267,0.48480157088684095,0.17171898962929696
268,0.48301666107319274,0.17133633756454492
269,0.48123959046676124,0.17095475492096968
270,0.4794703198545225,0.170574238248816
271,0.47770881023903833,0.1701947841085138
272,0.4759550228372218,0.16981638907068428
273,0.4742089190791061,0.16943904971610477
274,0.4724704606066288,0.16906276263529893
275,0.4707396092724139,0.16868752443023852
276,0.46901632713855346,0.16831333171218518
277,0.46730057647540946,0.16794018110247086
278,0.4655923197604288,0.16756806923089781
279,0.4638915196769604,0.1671969927426534
280,0.462198139113033,0.16682694828885433
281,0.46051214116020667,0.16645793253124724
282,0.45883348911240773,0.1660899421421864
283,0.4571621464647544,0.16572297380406306
284,0.4554980769124093,0.16535702420984058
285,0.45384124434941686,0.1649920900620798
286,0.45219161286756737,0.1646281680738802
287,0.4505491467552547,0.16426525496824954
288,0.4489138104963448,0.16390334747835264
289,0.4472855687690531,0.16354244234700147
290,0.4456643864448262,0.16318253632807214
291,0.44405022858722454,0.16282362618536322
292,0.4424430604508105,0.16246570869224014
293,0.4408428474800523,0.16210878063222375
294,0.4392495553082387,0.1617528387990168
295,0.43766314975637677,0.16139787999637348
296,0.4360835968321206,0.16104390103800753
297,0.4345108627286862,0.1606908987479303
298,0.43294491382378375,0.16033886995988123
299,0.4313857166785571,0.15998781151771674
300,0.4298332380365206,0.15963772027523548
301,0.4282874448225078,0.1592885930965252
302,0.42674830414162557,0.15894042685525525
303,0.4252157832782144,0.158593218435205
304,0.4236898496948127,0.1582469647271348
305,0.4221704710311549,0.15790166264054842
306,0.42065761510306743,0.15755730908618867
307,0.41915124990153263,0.1572139009874039
308,0.41765134359165046,0.1568714352777641
309,0.4161578645116313,0.1565299089002617
310,0.41467078117180023,0.15618931880833223
311,0.4131900622535962,0.15584966196477906
312,0.41171567660858965,0.1555109353424067
313,0.41024759325749294,0.15517313592381896
314,0.4087857813891915,0.15483626070143316
315,0.40733021035976424,0.15450030667742823
316,0.40588084969152227,0.15416527086377188
317,0.40443766907204637,0.15383115028221325
318,0.4030006383532294,0.15349794196369185
319,0.4015697275503358,0.1531656429498725
320,0.40014490684104764,0.152834250292081
321,0.39872614656451866,0.15250376105040583
322,0.39731341722045954,0.1521741722950641
323,0.39590668946820085,0.15184548110592525
324,0.3945059341257693,0.15151768457248085
325,0.3931111221689729,0.1511907797938416
326,0.3917222247304881,0.15086476387870698
327,0.3903392130989509,0.15053963394534495
328,0.38896205871806,0.15021538712159346
329,0.38759073318567516,0.14989202054482414
330,0.38622520825293005,0.14956953136191464
331,0.3848654558233413,0.14924791672894627
332,0.3835114479519408,0.148927173808019
333,0.3821631568444088,0.14860729978041767
334,0.38082055485616095,0.14828829183135456
335,0.37948361449148127,0.1479701471526665
336,0.3781523084027052,0.14765286294791338
337,0.3768266093893491,0.14733643643005634
338,0.3755064903972638,0.14702086482140644
339,0.37419192451777583,0.1467061453536115
340,0.3728828849868542,0.14639227526764434
341,0.3715793451842746,0.14607925181376513
342,0.37028127863278915,0.14576707225128396
343,0.3689886589972975,0.145455733849447
344,0.3677014600840236,0.145145233886053
345,0.3664196558397066,0.14483556964832878
346,0.3651432203507854,0.14452673843271557
347,0.3638721278425914,0.14421873754469117
348,0.3626063526785499,0.14391156429917457
349,0.36134586935937474,0.1436052160199773
350,0.36009065252228734,0.1432996900400458
351,0.3588406769402184,0.14299498370141636
352,0.3575959175210288,0.14269109435519411
353,0.35635634930673543,0.14238801936144974
354,0.3551219474727283,0.1420857560894097
355,0.35389268732700785,0.14178430191700847
356,0.3526685443094184,0.14148365423179807
357,0.35144949399088166,0.14118381042958592
358,0.3502355120726488,0.14088476791534738
359,0.3490265743855465,0.1405865241029569
360,0.3478226568892291,0.14028907641516927
361,0.3466237356714359,0.13999242228358472
362,0.34542978694725157,0.13969655914853343
363,0.3442407870583786,0.13940148445936423
364,0.3430567124723991,0.13910719567420926
365,0.34187753978205304,0.1388136902510172
366,0.3407032457045913,0.1385209656827421
367,0.3395338070808407,0.13822901944466004
368,0.33836920087470723,0.13793784903026285
369,0.33720940417240186,0.13764745194087114
370,0.33605439418172267,0.13735782568672059
371,0.33490414823137016,0.13706896778668068
372,0.33375864377024467,0.13678087576820588
373,0.3326178583667545,0.1364935471673213
374,0.33148176970813115,0.13620697952860727
375,0.3303503555997418,0.1359211704051624
376,0.32922359396441525,0.13563611735858677
377,0.32810146284176245,0.1353518179589608
378,0.32698394038750855,0.13506826978478925
379,0.3258710048728215,0.1347854704229979
380,0.3247626346836574,0.13450341746821132
381,0.3236588083200935,0.13422210852518707
382,0.3225595043956737,0.1339415412064324
383,0.3214647016367511,0.13366171313174668
384,0.3203743788818505,0.13338262192986058
385,0.3192885150810252,0.13310426523780444
386,0.31820708929521224,0.13282664070085493
387,0.31713008069559745,0.1325497459725245
388,0.31605746856298467,0.13227357871453876
389,0.31498923228716613,0.13199813659680504
390,0.3139253513662945,0.13172341729739429
391,0.3128658054062674,0.13144941850250405
392,0.31181057412011093,0.1311761379064709
393,0.3107596373273589,0.13090357321169754
394,0.3097129749534462,0.13063172212866456
395,0.30867056702910745,0.13036058237587664
396,0.3076323936897678,0.13009015167987192
397,0.3065984351749469,0.12982042777515632
398,0.3055686718276629,0.12955140840421894
399,0.304543084093841,0.1292830913171375
400,0.30352165252172547,0.12901547427279358
401,0.30250435776129336,0.12874855503731952
402,0.30149118056367463,0.1284823313846177
403,0.30048210178057033,0.12821680109684527
404,0.2994771023636851,0.12795196196369685
405,0.2984761633641524,0.12768781178270067
406,0.2974792659319645,0.12742434835918373
407,0.29648639131541366,0.1271615695061504
408,0.29549752086052994,0.1268994730445355
409,0.2945126360105208,0.1266380568027491
410,0.29353171830521774,0.1263773186169668
411,0.29255474938053005,0.12611725633099785
412,0.2915817109678942,0.12585786779627683
413,0.2906125848937293,0.12559915087183338
414,0.2896473530788928,0.12534110342427893
415,0.2886859975381517,0.12508372332777265
416,0.2877285003796439,0.12482700846400002
417,0.2867748438043414,0.12457095672175486
418,0.2858250101055342,0.12431556599388668
419,0.2848789816683208,0.12406083419209363
420,0.28393674096902366,0.12380675922566503
421,0.2829982705747094,0.12355333901240645
422,0.28206355314269604,0.12330057147864937
423,0.28113257142001213,0.12304845455807606
424,0.280205308242901,0.12279698619169319
425,0.279281746536304,0.12254616432764526
426,0.2783618693133665,0.12229598692182195
427,0.27744565967492996,0.12204645193556818
428,0.27653310080905147,0.1217975573413797
429,0.27562417599047784,0.12154930111600928
430,0.2747188685801758,0.12130168124347546
431,0.27381716202484085,0.12105469571544439
432,0.27291903985641675,0.12080834253069175
433,0.27202448569160786,0.12056261969516238
434,0.2711334832313943,0.12031752522182135
435,0.27024601626057,0.12007305713073815
436,0.26936206864725154,0.11982921344859274
437,0.2684816243424253,0.11958599221029625
438,0.26760466737945876,0.11934339145652678
439,0.2667311818736531,0.11910140923556323
440,0.26586115202176774,0.11886004360232069
441,0.2649945621015739,0.1186192926187552
442,0.2641313964713836,0.11837915435372351
443,0.26327163956960487,0.11813962688295812
444,0.2624152759142886,0.11790070828904803
445,0.2615622901026775,0.11766239666140027
446,0.260712666810762,0.11742469009624501
447,0.25986639079283336,0.11718758669658619
448,0.2590234468810477,0.11695108457218406
449,0.2581838199849855,0.11671518183906293
450,0.2573474950912198,0.11647987662130505
451,0.25651445726287125,0.11624516704843904
452,0.2556846916391926,0.11601105125701294
453,0.25485818343513245,0.11577752739020983
454,0.2540349179409125,0.11554459359785199
455,0.25321488052160745,0.11531224803635975
456,0.252398056616717,0.11508048886824657
457,0.2515844317397615,0.11484931426399483
458,0.2507739914778542,0.11461872239921048
459,0.2499667214912904,0.11438871145646465
460,0.24916260751314745,0.11415927962480535
461,0.24836163534886424,0.11393042509973994
462,0.2475637908758488,0.1137021460832213
463,0.24676906004305987,0.1134744407836035
464,0.24597742887062513,0.1132473074156305
465,0.24518888344942535,0.11302074420042399
466,0.2444034099407153,0.11279474936543674
467,0.2436209945757133,0.11256932114444299
468,0.24284162365522732,0.11234445777752947
469,0.2420652835492536,0.11212015751106341
470,0.24129196069659997,0.11189641859764482
471,0.24052164160449152,0.1116732392961193
472,0.23975431284820203,0.11145061787154106
473,0.23898996107065962,0.11122855259515207
474,0.23822857298208966,0.11100704174435463
475,0.23747013535961514,0.1107860836020251
476,0.23671463504690848,0.11056567645828938
477,0.23596205895380873,0.11034581860996659
478,0.23521239405594674,0.11012650835707619
479,0.23446562739439614,0.10990774400956929
480,0.23372174607528873,0.10968952388032424
481,0.23298073726947255,0.10947184628925694
482,0.23224258821214505,0.10925470956237346
483,0.23150728620249872,0.10903811203154046
484,0.23077481860335958,0.10882205202873876
485,0.23004517284087012,0.10860652790805639
486,0.22931833640405852,0.10839153801620247
487,0.22859429684453936,0.10817708070729243
488,0.22787304177617962,0.10796315434274503
489,0.2271545588747399,0.10774975728979233
490,0.22643883587753244,0.10753688792157698
491,0.22572586058308008,0.10732454461694718
492,0.2250156208507752,0.10711272576055286
493,0.2243081046005484,0.10690142974280142
494,0.22360329981252836,0.1066906549598409
495,0.22290119452671497,0.10648039981351493
496,0.2222017768426463,0.10627066271137509
497,0.22150503491906814,0.10606144206661774
498,0.22081095697361075,0.10585273629812947
499,0.2201195312824611,0.10564454383040231
500,0.2194307461800431,0.10543686309353309
501,0.21874459005869618,0.10522969252320702
502,0.21806105136835363,0.10502303056067983
503,0.21738011861623008,0.10481687565275596
504,0.2167017803665079,0.10461122625176009
505,0.21602602524000947,0.10440608081552552
506,0.21535284191390947,0.10420143780676988
507,0.21468221912140795,0.1039972956954745
508,0.2140141456514213,0.10379365295526854
509,0.2133486103482909,0.10359050806580172
510,0.21268560211146514,0.10338785951213372
511,0.21202510989520906,0.10318570578449629
512,0.2113671227082925,0.1029840453788955
513,0.21071162961369883,0.10278287679641862
514,0.21005861972832562,0.10258219854378939
515,0.20940808222269247,0.10238200913267598
516,0.20876000632063896,0.10218230708005929
517,0.2081143812990458,0.10198309090826943
518,0.20747119648753465,0.10178435914487455
519,0.20683044126818384,0.10158611032267548
520,0.206192105075246,0.10138834297967309
521,0.20555617739485577,0.10119105565906011
522,0.2049226477647501,0.10099424690919298
523,0.20429150577398758,0.10079791528358292
524,0.20366274106266768,0.10060205934085986
525,0.20303634332165643,0.10040667764477024
526,0.20241230229229945,0.10021176876413959
527,0.20179060776616442,0.10001733127288101
528,0.20117124958474797,0.09982336374997247
529,0.2005542176392172,0.09962986477938371
530,0.19993950187014065,0.09943683295012776
531,0.19932709226721013,0.09924426685617052
532,0.19871697886898598,0.0990521650965448
533,0.198109151762619,0.09886052627514971
534,0.19750360108359644,0.09866934900093416
535,0.1969003170154764,0.09847863188759362
536,0.19629928978962852,0.09828837355392603
537,0.195700509684972,0.09809857262278293
538,0.19510396702772592,0.09790922772397972
539,0.19450965219114025,0.09772033749013107
540,0.19391755559525325,0.09753190055936306
541,0.19332766770662957,0.09734391557461172
542,0.19273997903811946,0.09715638118360526
543,0.19215448014860037,0.0969692960388236
544,0.19157116164272558,0.09678265879754366
545,0.19099001417069328,0.09659646812177905
546,0.19041102842798008,0.0964107226782312
547,0.18983419515510835,0.09622542113831856
548,0.1892595051374073,0.09604056217815846
549,0.1886869492047607,0.09585614447851112
550,0.18811651823137332,0.0956721667247925
551,0.18754820313553466,0.09548862760705801
552,0.1869819948793765,0.09530552581996815
553,0.18641788446863838,0.09512286006249404
554,0.1858558629524394,0.0949406290389831
555,0.18529592142303564,0.09475883145770608
556,0.18473805101559382,0.094577466031527
557,0.18418224290796292,0.09439653147792043
558,0.183628488320438,0.09421602651886934
559,0.18307677851554516,0.0940359498808499
560,0.182527104797801,0.09385630029335726
561,0.1819794585135055,0.09367707649470691
562,0.18143383105048994,0.0934982772219565
563,0.18089021383793913,0.09331990122206604
564,0.18034859834610817,0.0931419472424147
565,0.17980897608616253,0.09296441403601041
566,0.17927133860992317,0.09278730035276458
567,0.17873567750970487,0.09261060496772774
568,0.1782019844179974,0.09243432664322745
569,0.1776702510073207,0.0922584641478853
570,0.17714046899001,0.09208301625571161
571,0.17661263011800177,0.09190798174731371
572,0.17608672618261068,0.09173335940526825
573,0.17556274901432545,0.09155914801718429
574,0.17504069048260362,0.09138534637491202
575,0.17452054249566107,0.09121195327453119
576,0.17400229700026237,0.09103896751632301
577,0.17348594598152456,0.09086638790476614
578,0.17297148146270835,0.09069421324851809
579,0.17245889550501126,0.09052244236040002
580,0.17194818020737834,0.09035107405737766
581,0.17143932770628822,0.09018010716054492
582,0.17093233017556475,0.09000954049511586
583,0.1704271798261754,0.08983937289039487
584,0.16992386890603228,0.0896696031797837
585,0.16942238969980128,0.0895002302007386
586,0.16892273452870388,0.08933125279477352
587,0.16842489575032893,0.0891626698074253
588,0.1679288657584328,0.08899448008819053
589,0.16743463698275463,0.0888266824908247
590,0.1669422018888218,0.08865927587257219
591,0.16645155297777237,0.08849225909537786
592,0.16596268278614978,0.0883256310246181
593,0.16547558388572714,0.08815939052968902
594,0.1649902488833206,0.08799353648396366
595,0.16450667042060552,0.08782806776473262
596,0.16402484117393,0.08766298325287969
597,0.16354475385413547,0.08749828183348879
598,0.16306640120637717,0.08733396239624247
599,0.1625897760099333,0.08717002383364761
600,0.16211487107803801,0.08700646504219198
601,0.1616416792576958,0.08684328492234192
602,0.16117019342950822,0.08668048237837023
603,0.16070040650750173,0.08651805631834436
604,0.16023231143893835,0.08635600565410828
605,0.15976590120416034,0.08619432930129103
606,0.15930116881639655,0.086033026179276
607,0.1588381073216132,0.08587209521030303
608,0.15837670979832552,0.08571153532292053
609,0.15791696935742916,0.08555134544681953
610,0.15745887914203927,0.08539152451623538
611,0.15700243232731204,0.08523207146908818
612,0.1565476221202884,0.08507298524696533
613,0.15609444175972254,0.0849142647951025
614,0.15564288451591324,0.08475590906238706
615,0.1551929436905457,0.08459791700131769
616,0.15474461261652284,0.08444028756801253
617,0.15429788465780536,0.08428301972217944
618,0.15385275320925373,0.08412611242711504
619,0.1534092116964576,0.08396956464968747
620,0.15296725357558572,0.08381337536031674
621,0.15252687233322249,0.0836575435329649
622,0.15208806148621168,0.08350206814512506
623,0.1516508145815001,0.08334694817780225
624,0.1512151251959759,0.08319218261550271
625,0.1507809869363248,0.08303777044623378
626,0.15034839343885853,0.08288371066146849
627,0.14991733836937904,0.08273000225611232
628,0.14948781542302125,0.08257664422856825
629,0.14905981832408433,0.08242363558067622
630,0.14863334082591173,0.08227097531765531
631,0.14820837671071452,0.08211866244815175
632,0.14778491978943098,0.08196669598422968
633,0.14736296390158543,0.08181507494130097
634,0.14694250291512834,0.0816637983381624
635,0.1465235307263031,0.08151286519696466
636,0.146106041259487,0.08136227454320472
637,0.14569002846705548,0.08121202540571176
638,0.1452754863292336,0.08106211681663072
639,0.14486240885395496,0.0809125478114121
640,0.1444507900767178,0.08076331742880327
641,0.1440406240604455,0.08061442471082719
642,0.14363190489533917,0.08046586870278016
643,0.14322462669874714,0.08031764845320405
644,0.1428187836150201,0.080169763013893
645,0.1424143698153708,0.08002221143919003
646,0.14201137949774534,0.07987499278793503
647,0.1416098068866729,0.07972810612087278
648,0.14120964623314602,0.07958155050494287
649,0.14081089181445794,0.07943532500436956
650,0.14041353793410227,0.07928942869425787
651,0.1400175789216096,0.07914386064670126
652,0.13962300913242576,0.07899861993899066
653,0.13922982294779462,0.07885370565154304
654,0.1388380147746,0.07870911686790383
655,0.13844757904525373,0.07856485267471935
656,0.13805851021755533,0.07842091216174069
657,0.137670802774573,0.07827729442177522
658,0.1372844512245015,0.07813399855077008
659,0.1368994501005405,0.07799102364767346
660,0.13651579396077373,0.0778483688145048
661,0.13613347738802783,0.07770603315622099
662,0.13575249498976572,0.07756401578108535
663,0.13537284139793826,0.07742231580010228
664,0.1349945112688813,0.07728093232736732
665,0.1346174992831788,0.07713986447996957
666,0.13424180014554565,0.0769991113779791
667,0.13386740858470336,0.07685867214443798
668,0.1334943193532565,0.07671854590533767
669,0.13312252722757378,0.07657873178962421
670,0.13275202700766986,0.07643922892916932
671,0.1323828135170828,0.07630003645877986
672,0.13201488160275598,0.07616115351616398
673,0.1316482261349181,0.07602257922291106
674,0.1312828420070371,0.07588431275584334
675,0.13091872413552874,0.07574635325171675
676,0.13055586745974512,0.07560869985512259
677,0.13019426694189207,0.07547135171817237
678,0.12983391756687723,0.07533430799581758
679,0.1294748143422071,0.07519756784585385
680,0.12911695229785636,0.07506113042889662
681,0.1287603264861703,0.07492499490837673
682,0.1284049319817404,0.07478916045052764
683,0.12805076388129688,0.07465362622431326
684,0.1276978173036012,0.07451839140162575
685,0.12734608738933417,0.0743834551569828
686,0.12699556930097522,0.07424881666785293
687,0.12664625822270903,0.07411447511421937
688,0.1262981493603066,0.07398042967893748
689,0.12595123794101948,0.07384667954756047
690,0.12560551921347152,0.07371322390837265
691,0.12526098844755396,0.07358006195235373
692,0.12491764093431801,0.07344719287319068
693,0.12457547198586738,0.07331461586725835
694,0.12423447693525436,0.07318233013360209
695,0.1238946511363741,0.07305033487394463
696,0.12355598996386608,0.0729186292926588
697,0.12321848881299946,0.07278721259676524
698,0.12288214309958168,0.0726560839959336
699,0.12254694825984647,0.07252524270244609
700,0.12221289975036242,0.07239468793120568
701,0.1218799930479193,0.07226441889972623
702,0.12154822364943918,0.07213443482811571
703,0.12121758707186725,0.07200473493907339
704,0.12088807885207764,0.0718753184567551
705,0.12055969454677928,0.07174618461122828
706,0.120232429732396,0.07161733263178505
707,0.11990628000499193,0.0714887617513773
708,0.11958124098016487,0.07136047120548561
709,0.11925730829295311,0.07123246023213287
710,0.1189344775977279,0.07110472807185331
711,0.11861274456811177,0.07097727396768905
712,0.11829210489687458,0.0708500971651902
713,0.11797255429584652,0.07072319691236806
714,0.1176540884958106,0.07059657245978995
715,0.11733670324642098,0.07047022306042733
716,0.11702039431610434,0.07034414796973937
717,0.11670515749197286,0.07021834644562464
718,0.11639098857971852,0.07009281774811243
719,0.1160778834035403,0.06996756114021946
720,0.11576583780603755,0.06984257588742976
721,0.11545484764812475,0.06971786125743279
722,0.11514490880894357,0.06959341651955936
723,0.11483601718576697,0.069469240947174
724,0.11452816869391391,0.06934533381451896
725,0.11422135926666854,0.06922169439904602
726,0.11391558485517361,0.06909832198019816
727,0.11361084142835676,0.06897521583992461
728,0.11330712497284079,0.06885237526251065
729,0.11300443149285222,0.06872979953459407
730,0.11270275701014398,0.0686074879451451
731,0.11240209756389508,0.06848543978545835
732,0.11210244921064305,0.0683636543491512
733,0.11180380802417833,0.06824213093215276
734,0.1115061700954838,0.06812086883269297
735,0.11120953153263091,0.0679998673512821
736,0.11091388846069794,0.06787912579072408
737,0.11061923702170429,0.06775864345609517
738,0.11032557337450477,0.06763841965474177
739,0.1100328936947248,0.06751845369625875
740,0.1097411941746671,0.06739874489249564
741,0.10945047102323802,0.0672792925575465
742,0.10916072046586045,0.06716009600772926
743,0.10887193874440193,0.06704115456159021
744,0.10858412211708401,0.06692246753989739
745,0.10829726685841123,0.06680403426558978
746,0.10801136925908583,0.06668585406385891
747,0.10772642562593493,0.06656792626201719
748,0.10744243228182437,0.06645025018971273
749,0.10715938556558768,0.06633282517858996
750,0.106877281831947,0.06621565056255246
751,0.10659611745143582,0.06609872567753894
752,0.10631588881031817,0.06598204986186018
753,0.10603659231051932,0.0658656224558738
754,0.10575822436954141,0.06574944280198303
755,0.10548078142040218,0.06563351024477948
756,0.10520425991154081,0.06551782413097368
757,0.10492865630675752,0.0654023838093794
758,0.10465396708513897,0.06528718863091887
759,0.10438018874097477,0.06517223794860322
760,0.10410731778369087,0.06505753111753909
761,0.10383535073777761,0.06494306749490392
762,0.10356428414271157,0.06482884643572812
763,0.10329411455290494,0.06471486730905912
764,0.1030248385375856,0.06460112947544383
765,0.10275645268076605,0.06448763229372306
766,0.10248895358120169,0.06437437514309657
767,0.10222233785220425,0.06426135738721417
768,0.10195660212169155,0.06414857839768284
769,0.10169174303206585,0.06403603754778397
770,0.10142775724014985,0.06392373421191838
771,0.10116464141712189,0.06381166777016928
772,0.10090239224844222,0.06369983760080633
773,0.1006410064337846,0.06358824308535732
774,0.10038048068697591,0.06347688360732279
775,0.1001208117359198,0.06336575855218224
776,0.09986199632253001,0.06325486730737262
777,0.09960403120267003,0.06314420926230746
778,0.09934691314607758,0.06303378380833119
779,0.09909063893630154,0.06292359033873923
780,0.09883520537063895,0.06281362824876163
781,0.0985806092600674,0.0627038969355666
782,0.09832684742917852,0.06259439579822595
783,0.09807391671611132,0.06248512423774433
784,0.09782181397249712,0.062376081657024296
785,0.09757053606337784,0.06226726746086869
786,0.09732007986716251,0.06215868105598216
787,0.09707044227554817,0.06205032185094239
788,0.09682162019346396,0.0619421892562208
789,0.09657361053900271,0.06183428268415453
790,0.09632641024336763,0.06172660154891002
791,0.09608001625080131,0.06161914526661444
792,0.09583442551852528,0.061511913255146655
793,0.09558963501668138,0.06140490493428424
794,0.09534564172827142,0.06129811972561261
795,0.09510244264908785,0.06119155705256141
796,0.0948600347876658,0.06108521634039077
797,0.09461841516521208,0.06097909701615278
798,0.09437758081555003,0.0608731985087424
799,0.09413752878505655,0.06076752024877119
800,0.0938982561326096,0.06066206166887306
801,0.09365975992951903,0.06055682220312064
802,0.0934220372594794,0.06045180128783345
803,0.093185085218499,0.060346998360722326
804,0.0929489009148563,0.06024241286140192
805,0.09271348146902536,0.06013804423123692
806,0.0924788240136305,0.06003389191336739
807,0.09224492569338416,0.059929955352127806
808,0.09201178366503981,0.059826233995252165
809,0.09177939509731203,0.05972272729056011
810,0.0915477571708454,0.059619434688009065
811,0.09131686707814435,0.05951635563972374
812,0.09108672202352164,0.05941348959910542
813,0.09085731922304152,0.0593108360214214
814,0.09062865590446467,0.05920839436364583
815,0.09040072930719312,0.059106164084446466
816,0.09017353668222139,0.059004144644189516
817,0.08994707529207346,0.05890233550494128
818,0.08972134241075036,0.05880073613043424
819,0.08949633532368395,0.05869934598608373
820,0.08927205132767302,0.05859816453898131
821,0.08904848773083618,0.058497191257872394
822,0.08882564185255681,0.05839642561316932
823,0.088603511023436,0.05829586707692985
824,0.08838209258523122,0.05819551512286225
825,0.08816138389080841,0.05809536922631009
826,0.08794138230409221,0.057995428864258625
827,0.08772208520001179,0.057895693515315094
828,0.08750348996445112,0.057796162659708716
829,0.08728559399419389,0.05769683577928891
830,0.08706839469687644,0.05759771235751243
831,0.08685188949094247,0.05749879187944057
832,0.08663607580557642,0.05740007383170592
833,0.08642095108067505,0.05730155770261658
834,0.08620651276677904,0.057203242981984204
835,0.08599275832503483,0.05710512916123478
836,0.08577968522713686,0.05700721573336459
837,0.08556729095528937,0.0569095021929385
838,0.0853555730021478,0.05681198803608767
839,0.08514452887077884,0.05671467276050629
840,0.08493415607459909,0.05661755586542805
841,0.08472445213734758,0.056520636851647155
842,0.08451541459301648,0.05642391522149043
843,0.08430704098581288,0.05632739047881591
844,0.08409932887011706,0.05623106212904044
845,0.08389227581043279,0.05613492967907746
846,0.08368587938132688,0.056038992637363005
847,0.08348013716740521,0.05594325051385329
848,0.08327504676324615,0.05584770281856011
849,0.08307060577337833,0.05575234906734455
850,0.08286681181220246,0.05565718877322773
851,0.08266366250396828,0.05556222145215761
852,0.08246115548273014,0.055467446621576266
853,0.08225928839229102,0.05537286380041184
854,0.08205805888616347,0.0552784725090526
855,0.0818574646275243,0.05518427226937478
856,0.08165750328917021,0.055090262604712725
857,0.0814581725534751,0.054996443039857346
858,0.08125947011234214,0.05490281310105616
859,0.08106139366716292,0.05480937231601141
860,0.0808639409287748,0.0547161202138583
861,0.08066710961741208,0.054623056325184716
862,0.08047089746267222,0.05453018018200234
863,0.08027530220346346,0.054437491317753106
864,0.08008032158796663,0.05434498926730008
865,0.07988595337359783,0.05425267356692598
866,0.07969219532695693,0.05416054375434426
867,0.07949904522378493,0.05406859936865638
868,0.07930650084893909,0.053976839950375055
869,0.07911455999632455,0.05388526504140212
870,0.07892322046888012,0.053793874185051216
871,0.07873248007851608,0.05370266692600845
872,0.07854233664608579,0.05361164281033631
873,0.07835278800133949,0.053520801385389505
874,0.07816383198288435,0.0534301422000798
875,0.07797546643815156,0.053339664804712195
876,0.07778768922333601,0.05324936875075337
877,0.07760049820338466,0.05315925359111112
878,0.07741389125193354,0.05306931888006139
879,0.07722786625127576,0.05297956417321703
880,0.0770424210923304,0.05288998902752978
881,0.07685755367459013,0.05280059300130607
882,0.07667326190609192,0.052711375654185655
883,0.0764895437033708,0.052622336547126336
884,0.0763063969914306,0.052533475242422134
885,0.07612381970369597,0.052444791303681126
886,0.07594180978198128,0.05235628429583461
887,0.07576036517644802,0.05226795378511334
888,0.07557948384556834,0.052179799339064914
889,0.07539916375609401,0.05209182052653133
890,0.07521940288300843,0.05200401691765799
891,0.07504019920949112,0.05191638808387222
892,0.07486155072689016,0.05182893359790908
893,0.0746834554346778,0.05174165303376205
894,0.07450591134040874,0.05165454596671798
895,0.07432891645969875,0.05156761197333776
896,0.0741524688161741,0.05148085063144636
897,0.07397656644144313,0.05139426152013821
898,0.07380120737505624,0.05130784421975859
899,0.07362638966447577,0.051221598311927685
900,0.07345211136502972,0.051135523379501224
901,0.07327837053989406,0.05104961900659122
902,0.07310516526003763,0.05096388477854691
903,0.07293249360419818,0.05087832028195893
904,0.07276035365885036,0.05079292510465111
905,0.07258874351816136,0.050707698835673554
906,0.07241766128396243,0.050622641065311225
907,0.07224710506571608,0.050537751385058505
908,0.07207707298047694,0.05045302938763585
909,0.07190756315286073,0.05036847466697114
910,0.07173857371501047,0.05028408681820279
911,0.07157010280656184,0.050199865437669744
912,0.07140214857461125,0.05011581012212407
913,0.07123470917368202,0.05003192047081223
914,0.07106778276568892,0.04994819608475398
915,0.07090136751990528,0.04986463656438056
916,0.0707354616129372,0.04978124151182267
917,0.07057006322867476,0.04969801053077122
918,0.07040517055828133,0.04961494322570459
919,0.0702407818001447,0.0495320392024407
920,0.07007689515984872,0.049449298067974434
921,0.06991350885015013,0.04936671943045362
922,0.06975062109093333,0.04928430289918512
923,0.06958823010918014,0.04920204808463441
924,0.06942633413895649,0.049119954598413396
925,0.06926493142135737,0.049038022053214336
926,0.06910402020448547,0.04895625006307475
927,0.06894359874342815,0.048874638242888735
928,0.06878366530020674,0.04879318620894846
929,0.06862421814376862,0.04871189357854966
930,0.06846525554993743,0.04863075997008476
931,0.06830677580139621,0.048549785003076995
932,0.06814877718764745,0.04846896829826319
933,0.06799125800499262,0.04838830947738837
934,0.0678342165564878,0.04830780816333008
935,0.06767765115192947,0.048227463980145324
936,0.06752156010781718,0.048147276552913454
937,0.06736594174732335,0.04806724550783559
938,0.06721079440026134,0.04798737047220175
939,0.06705611640306763,0.04790765107442152
940,0.06690190609875568,0.04782808694396373
941,0.06674816183690613,0.04774867771139263
942,0.06659488197362151,0.047669423006698575
943,0.06644206487150761,0.047590322465894896
944,0.06628970889963615,0.04751137572093023
945,0.06613781243352435,0.04743258240705944
946,0.06598637385510209,0.047353942159946205
947,0.06583539155268525,0.047275454616318435
948,0.06568486392095263,0.04719711941490112
949,0.06553478936090507,0.047118936194464445
950,0.06538516627985214,0.04704090459516047
951,0.06523599309137484,0.04696302425812238
952,0.06508726821529898,0.04688529482561943
953,0.06493899007767556,0.04680771594093236
954,0.06479115711074712,0.04673028724837053
955,0.0646437677529148,0.04665300839328612
956,0.06449682044872951,0.0465758790220539
957,0.06435031364884303,0.04649889878207697
958,0.06420424580999917,0.04642206732177767
959,0.06405861539499558,0.046345384277189317
960,0.06391342087269614,0.04626884932557135
961,0.06376866071790488,0.046192462104992116
962,0.06362433341144147,0.04611622226793133
963,0.06348043744007104,0.046040129464614554
964,0.0633369712965095,0.045964183356025756
965,0.06319393347933833,0.045888383594392124
966,0.06305132249303025,0.045812729836183286
967,0.06290913684791288,0.04573722173885969
968,0.06276737506013141,0.04566185896086511
969,0.06262603565163616,0.04558664116165895
970,0.062485117150149705,0.04551156800162104
971,0.062344618089146486,0.04543663914217971
972,0.062204537007815475,0.04536185424568179
973,0.06206487245106018,0.04528721297546079
974,0.06192562296944626,0.04521271499581947
975,0.061786787119194386,0.045138359972021036
976,0.06164836346215008,0.04506414757029831
977,0.06151035056576415,0.0449900774578304
978,0.061372747003055395,0.044916149302756725
979,0.06123555135260261,0.04484236277416376
980,0.061098762198511736,0.044768717542091274
981,0.06096237813039096,0.044695213277516466
982,0.06082639774333298,0.04462184965236238
983,0.06069081963788836,0.04454862633948398
984,0.06055564242003886,0.0444755430126787
985,0.060420864701176136,0.04440259934666674
986,0.06028648509808132,0.04432979501710149
987,0.06015250223290192,0.044257129700566555
988,0.06001891473311716,0.04418460307455485
989,0.05988572123153446,0.04411221481748817
990,0.05975292036625035,0.04403996460870313
991,0.0596205107806318,0.043967852128440454
992,0.059488491123301124,0.04389587705786396
993,0.05935686004810492,0.04382403907896565
994,0.05922561621409006,0.043752337874844505
995,0.05909475828549127,0.04368077312929136
996,0.058964284931701805,0.043609344527065164
997,0.05883419482724772,0.04353805175384934
998,0.058704486651778964,0.04346689449619229
999,0.05857515909003208,0.043395872441521155
1000,0.058446210831819556,0.04332498527814843
1001,0.058317640572000506,0.043254232695298156
1002,0.05818944701046558,0.04318361438303775
1003,0.058061628852114744,0.04311313003233441
1004,0.05793418480682799,0.04304277933501416
1005,0.057807113589448456,0.04297256198378813
1006,0.05768041391976997,0.04290247767221872
1007,0.05755408452250421,0.0428325260947488
1008,0.05742812412726206,0.042762706946669726
1009,0.057302531468538476,0.04269301992413671
1010,0.0571773052856841,0.042623464724164895
1011,0.05705244432289014,0.0425540410446093
1012,0.056927947329165285,0.0424847485841921
1013,0.05680381305831261,0.04241558704247339
1014,0.05668004026891893,0.04234655611985022
1015,0.05655662772431924,0.04227765551757362
1016,0.056433574192594094,0.04220888493772862
1017,0.056310878446532264,0.04214024408324735
1018,0.056188539263621884,0.042071732657869954
1019,0.05606655542603178,0.04200335036618458
1020,0.05594492572057863,0.04193509691360353
1021,0.05582364893872338,0.041866972006364245
1022,0.055702723876539295,0.041798975351524714
1023,0.05558214933469774,0.04173110665696367
1024,0.05546192411845041,0.04166336563137535
1025,0.05534204703760537,0.04159575198426635
1026,0.055222516906510144,0.04152826542595389
1027,0.055103332544035766,0.041460905667563774
1028,0.054984492773547444,0.04139367242103531
1029,0.054865996422899244,0.041326565399100235
1030,0.054747842324402995,0.04125958431529331
1031,0.05463002931481942,0.04119272888394471
1032,0.05451255623532969,0.04112599882019208
1033,0.05439542193152391,0.04105939383995122
1034,0.05427862525338245,0.04099291365993285
1035,0.054162165055251954,0.04092655799763256
1036,0.05404604019583381,0.040860326571333705
1037,0.05393024953815573,0.04079421910010245
1038,0.05381479194956729,0.04072823530377673
1039,0.05369966630170975,0.04066237490297919
1040,0.053584871470508055,0.04059663761910165
1041,0.05347040633614153,0.04053102317431073
1042,0.053356269783033206,0.04046553129153163
1043,0.053242460699835625,0.04040016169447819
1044,0.05312897797940419,0.04033491410439077
1045,0.05301582051878917,0.040269788252245975
1046,0.05290298721920372,0.04020478386217485
1047,0.0527904769860168,0.04013990065896006
1048,0.052678288728741585,0.040075138371226504
1049,0.05256642136100709,0.04001049672863055
1050,0.052454873800536816,0.039945975458947625
1051,0.05234364496914612,0.03988157429198752
1052,0.0522327337927182,0.039817292958117034
1053,0.05212213920118547,0.039753131188574264
1054,0.052011860128517995,0.039689088711641285
1055,0.051901895512704854,0.03962516526737431
1056,0.05179224429572571,0.03956136058552834
1057,0.05168290542354992,0.03949767440027768
1058,0.05157387784611345,0.03943410644651668
1059,0.05146516051730021,0.03937065645986915
1060,0.05135675239493409,0.0393073241766827
1061,0.051248652440752274,0.03924410933403133
1062,0.051140859620395496,0.03918101166970345
1063,0.051033372903384056,0.039118030922206726
1064,0.05092619126311693,0.03905516683076693
1065,0.05081931367683801,0.038992419135316536
1066,0.05071273912563168,0.038929787576466424
1067,0.0506064665944006,0.03886727189564915
1068,0.050500495071855944,0.038804871834881904
1069,0.05039482355049785,0.03874258713688372
1070,0.05028945102659321,0.038680417545214785
1071,0.05018437650017482,0.03861836280399078
1072,0.05007959897501557,0.038556422658079625
1073,0.049975117458611606,0.03849459685302209
1074,0.04987093096217432,0.038432885135075145
1075,0.04976703850061259,0.038371287251171116
1076,0.04966343909250792,0.0383098029489356
1077,0.04956013176011442,0.038248431976674824
1078,0.04945711552933574,0.038187174083389674
1079,0.04935438942970638,0.03812602901874507
1080,0.04925195249438641,0.03806499653310269
1081,0.04914980376014011,0.03800407637748465
1082,0.04904794226731646,0.03794326830359773
1083,0.048946367059845564,0.03788257206381507
1084,0.04884507718521647,0.03782198741118242
1085,0.04874407169446737,0.03776151409941009
1086,0.04864334964216077,0.03770115188288081
1087,0.04854291008638256,0.037640900516631104
1088,0.04844275208871984,0.03758075975636371
1089,0.04834287471424492,0.03752072935844708
1090,0.048243277031507326,0.03746080907989602
1091,0.048143958112512486,0.0374009986783812
1092,0.048044917032711965,0.037341297912239946
1093,0.04794615287099191,0.037281706540441995
1094,0.04784766470965085,0.037222224322613184
1095,0.047749451634391704,0.037162851019030885
1096,0.047651512734308454,0.03710358639060196
1097,0.047553847101868385,0.03704443019889542
1098,0.04745645383289432,0.03698538220610642
1099,0.04735933202656728,0.036926442175070684
1100,0.04726248078539452,0.03686760986926524
1101,0.04716589921520686,0.036808885052789675
1102,0.04706958642513914,0.03675026749037941
1103,0.04697354152762223,0.03669175694742838
1104,0.046877763638361714,0.03663335318992128
1105,0.04678225187633256,0.036575055984483684
1106,0.046687005363763134,0.036516865098352835
1107,0.04659202322611922,0.036458780299404026
1108,0.046497304592094224,0.03640080135612678
1109,0.04640284859359323,0.03634292803762729
1110,0.046308654365724955,0.03628516011363109
1111,0.04621472104677782,0.03622749735446912
1112,0.04612104777822079,0.036169939531098316
1113,0.0460276337046821,0.036112486415071254
1114,0.045934477973936794,0.03605513777855818
1115,0.045841579736896954,0.03599789339433224
1116,0.04574893814759573,0.035940753035772044
1117,0.04565655236317845,0.035883716476855176
1118,0.04556442154388307,0.035826783492166614
1119,0.045472544853036645,0.03576995385688003
1120,0.04538092145703754,0.03571322734677229
1121,0.045289550525343,0.035656603738214
1122,0.045198431230458525,0.035600082808165456
1123,0.04510756274792005,0.0355436643341841
1124,0.04501694425629488,0.03548734809440707
1125,0.044926574937150576,0.03543113386757518
1126,0.044836453975062085,0.03537502143299415
1127,0.044746580557582405,0.03531901057057196
1128,0.044656953875244376,0.035263101060778235
1129,0.04456757312153936,0.0352072926846807
1130,0.0444784374929128,0.03515158522391332
1131,0.04438954618873847,0.035095978460688515
1132,0.04430089841133,0.035040472177796045
1133,0.04421249336590627,0.0349850661585957
1134,0.04412433026058782,0.0349297601870206
1135,0.04403640830639244,0.03487455404756706
1136,0.043948726717209396,0.03481944752530708
1137,0.04386128470980477,0.034764440405863795
1138,0.043774081503793916,0.03470953247543285
1139,0.043687116321634356,0.03465472352077037
1140,0.043600388388627564,0.03460001332920881
1141,0.043513896932883434,0.03454540168861392
1142,0.04342764118533271,0.03449088838737513
1143,0.043341620379699464,0.03443647321452947
1144,0.04325583375249753,0.034382155959637895
1145,0.04317028054301719,0.03432793641274595
1146,0.04308495999331363,0.03427381436450827
1147,0.04299987134819361,0.034219789606126094
1148,0.04291501385521368,0.0341658619293051
1149,0.04283038676465889,0.03411203112633743
1150,0.042745989329533884,0.03405829699002938
1151,0.042661820805556694,0.034004659313745245
1152,0.04257788045114186,0.03395111789138838
1153,0.0424941675273951,0.03389767251739112
1154,0.042410681298099995,0.03384432298672785
1155,0.0423274210297091,0.033791069094906256
1156,0.04224438599132618,0.03373791063796133
1157,0.04216157545470356,0.03368484741246491
1158,0.042078988694230546,0.03363187921551747
1159,0.041996624986921915,0.03357900584473972
1160,0.0419144836124028,0.03352622709828512
1161,0.04183256385290601,0.03347354277483283
1162,0.04175086499325431,0.03342095267357498
1163,0.041669386320857704,0.03336845659423271
1164,0.041588127125695706,0.03331605433704715
1165,0.041507086700315554,0.03326374570276652
1166,0.04142626433980823,0.033211530492667396
1167,0.04134565934181822,0.033159408508542654
1168,0.04126527100651156,0.03310737955267962
1169,0.04118509863658293,0.033055443427887965
1170,0.041105141537234324,0.033003599937492745
1171,0.04102539901617597,0.03295184888532782
1172,0.04094587038360764,0.03290019007571077
1173,0.040866554952207146,0.03284862331348554
1174,0.04078745203712941,0.032797148403997334
1175,0.04070856095599229,0.032745765153090856
1176,0.040629881028865,0.0326944733671074
1177,0.04055141157825837,0.032643272852886984
1178,0.040473151929115936,0.0325921634177736
1179,0.04039510140881308,0.032541144869590866
1180,0.04031725934712593,0.03249021701666166
1181,0.04023962507624823,0.032439379667847046
1182,0.04016219793076381,0.03238863263243613
1183,0.04008497724763771,0.03233797572019809
1184,0.040007962366217065,0.03228740874148178
1185,0.039931152628215116,0.03223693150703971
1186,0.03985454737769967,0.03218654382812702
1187,0.039778145961085976,0.03213624551649302
1188,0.03970194772713587,0.032086036384361916
1189,0.03962595202692931,0.03203591624444013
1190,0.039550158213880415,0.031985884909909945
1191,0.03947456564370189,0.03193594219444079
1192,0.039399173674413035,0.03188608791216585
1193,0.03932398166633089,0.03183632187770302
1194,0.03924898898205065,0.03178664390613761
1195,0.0391741949864457,0.031737053813028326
1196,0.03909959904665161,0.03168755141440188
1197,0.039025200532069704,0.03163813652675834
1198,0.038950998814342164,0.03158880896706173
1199,0.03887699326735117,0.03153956855274326
1200,0.03880318326721266,0.0314904151016866
1201,0.03872956819226214,0.03144134843226981
1202,0.038656147423051124,0.03139236836330689
1203,0.03858292034233379,0.031343474714070396
1204,0.038509886335060806,0.03129466730430386
1205,0.03843704478836951,0.03124594595420338
1206,0.03836439509157774,0.031197310484420426
1207,0.0382919366361687,0.03114876071606021
1208,0.03821966881579453,0.03110029647068474
1209,0.03814759102625587,0.031051917570301346
1210,0.0380757026654992,0.031003623837377703
1211,0.038004003133608855,0.030955415094820526
1212,0.03793249183279368,0.030907291165990114
1213,0.03786116816738616,0.030859251874694904
1214,0.03779003154383176,0.030811297045178654
1215,0.03771908137067115,0.030763426502146807
1216,0.0376483170585491,0.03071564007073152
1217,0.0375777380201896,0.030667937576507542
1218,0.03750734367040298,0.030620318845491712
1219,0.03743713342606547,0.03057278370414046
1220,0.037367106706117426,0.030525331979341208
1221,0.037297262931548225,0.030477963498429517
1222,0.03722760152540605,0.03043067808916161
1223,0.03715812191276591,0.030383475579733754
1224,0.0370888235207385,0.030336355798772696
1225,0.0370197057784587,0.030289318575338287
1226,0.03695076811706954,0.030242363738906486
1227,0.0368820099697329,0.03019549111938874
1228,0.03681343077159749,0.030148700547152907
1229,0.03674502995980955,0.030101991852947263
1230,0.0366768069735004,0.03005536486796112
1231,0.03660876125377488,0.030008819423809563
1232,0.03654089224370427,0.029962355352519954
1233,0.03647319938832627,0.02991597248644401
1234,0.03640568213462814,0.029869670658665748
1235,0.03633833993154312,0.029823449702367832
1236,0.03627117222993981,0.029777309451241796
1237,0.036204178482624805,0.02973124973927621
1238,0.036137358144322285,0.029685270401321462
1239,0.03607071067166956,0.02963937127215721
1240,0.03600423552322152,0.029593552187093308
1241,0.035937932159421315,0.02954781298199094
1242,0.03587180004261903,0.02950215349299784
1243,0.03580583863703968,0.02945657355666942
1244,0.035740047408793885,0.02941107300997814
1245,0.03567442582586189,0.02936565169041233
1246,0.03560897335808999,0.029320309435727165
1247,0.03554368947717723,0.02927504608411885
1248,0.035478573656679835,0.02922986147419504
1249,0.035413625371989,0.02918475544495941
1250,0.03534884410033712,0.029139727835817808
1251,0.03528422932078712,0.02909477848656855
1252,0.03521978051421826,0.029049907235282724
1253,0.03515549716333144,0.02900511392682198
1254,0.03509137875262791,0.028960398400047105
1255,0.03502742476841281,0.028915760496341036
1256,0.03496363469878272,0.028871200057480506
1257,0.034900008033631025,0.028826716925626605
1258,0.034836544264618574,0.028782310943336775
1259,0.03477324288518524,0.028737981953553815
1260,0.03471010339053926,0.028693729799612044
1261,0.03464712527764746,0.028649554325228033
1262,0.034584308045227274,0.028605455374502597
1263,0.03452165119374495,0.028561432791927577
1264,0.034459154225406685,0.02851748642237184
1265,0.03439681664415151,0.028473616111085343
1266,0.03433463795564062,0.028429821703701508
1267,0.03427261766726275,0.02838610304623529
1268,0.034210755288111905,0.02834245998507179
1269,0.03414905032899096,0.028298892366979467
1270,0.03408750230240809,0.028255400039105427
1271,0.03402611072256079,0.02821198284896309
1272,0.03396487510532875,0.028168640644448795
1273,0.03390379496828455,0.02812537327289899
1274,0.03384286983066698,0.02808218058359474
1275,0.033782099213381045,0.028039062427035855
1276,0.033721482638996214,0.027996018651389454
1277,0.033661019631739286,0.027953049106077266
1278,0.03360070971748019,0.027910153641500346
1279,0.033540552423736436,0.027867332108531595
1280,0.03348054727966243,0.027824584357659887
1281,0.03342069381603352,0.02778191024008636
1282,0.03336099156526373,0.027739309607387075
1283,0.03330144006137292,0.027696782311491697
1284,0.03324203883999832,0.02765432820469682
1285,0.03318278743837766,0.027611947139657034
1286,0.03312368539535537,0.027569638969380528
1287,0.03306473225136308,0.027527403547241147
1288,0.03300592754842313,0.0274852407269619
1289,0.03294727083013527,0.027443150362628177
1290,0.03288876164167931,0.027401132308672693
1291,0.032830399529801824,0.02735918641892293
1292,0.03277218404281168,0.027317312550455386
1293,0.03271411473057739,0.027275510557793703
1294,0.032656191144517344,0.027233780296625987
1295,0.032598412837596236,0.027192121623470344
1296,0.032540779364317984,0.027150534394702663
1297,0.0324832902807195,0.027109018466978774
1298,0.03242594514436892,0.027067573697905745
1299,0.0323687435143567,0.027026199944892082
1300,0.032311684951283226,0.026984897066044622
1301,0.032254769017268536,0.02694366491949224
1302,0.03219799527593015,0.026902503363844588
1303,0.032141363292391034,0.026861412258081974
1304,0.03208487263326809,0.026820391461453763
1305,0.03202852286666058,0.026779440833598123
1306,0.03197231356215102,0.02673856023449922
1307,0.03191624429080964,0.026697749524465464
1308,0.031860314625163255,0.026657008564134832
1309,0.03180452413921664,0.026616337214499908
1310,0.03174887240842672,0.026575735336867634
1311,0.03169335900970793,0.026535202792885793
1312,0.03163798352142688,0.026494739444528237
1313,0.0315827455233908,0.026454345154126147
1314,0.03152764459684665,0.026414019784307075
1315,0.031472680324473146,0.026373763198051403
1316,0.03141785229037719,0.026333575258658537
1317,0.03136316008009299,0.02629345582975312
1318,0.03130860328056517,0.02625340477529786
1319,0.03125418148014969,0.026213421959565164
1320,0.03119989426861558,0.026173507247171046
1321,0.031145741237129876,0.02613366050304128
1322,0.031091721978247833,0.026093881592428758
1323,0.03103783608593247,0.02605417038091068
1324,0.030984083155511932,0.026014526734383647
1325,0.030930462783711477,0.02597495051906412
1326,0.030876974568621485,0.025935441601488807
1327,0.03082361810970813,0.02589599984826607
1328,0.030770393007796493,0.025856625126972677
1329,0.03071729886507768,0.025817317304893173
1330,0.0306643352850946,0.025778076250012993
1331,0.030611501872738422,0.02573890183031563
1332,0.030558798234244122,0.025699793914231273
1333,0.030506223977189606,0.025660752370516793
1334,0.030453778710485935,0.025621777068215668
1335,0.030401462044373773,0.025582867876709825
1336,0.030349273590419834,0.025544024665675402
1337,0.03029721296150356,0.025505247305098955
1338,0.03024527977182956,0.025466535665269296
1339,0.030193473636906276,0.025427889616815913
1340,0.030141794173544234,0.025389309030636575
1341,0.030090240999858686,0.02535079377794658
1342,0.030038813735262515,0.025312343730274633
1343,0.029987512000453798,0.025273958759442106
1344,0.02993633541741758,0.025235638737579946
1345,0.029885283609420554,0.025197383537124085
1346,0.029834356201003942,0.02515919303080527
1347,0.029783552817982617,0.025121067091658567
1348,0.029732873087437106,0.02508300559301535
1349,0.029682316637712702,0.02504500840852042
1350,0.02963188309840259,0.025007075412096513
1351,0.029581572100365605,0.024969206477973904
1352,0.029531383275696932,0.02493140148067413
1353,0.029481316257743195,0.02489366029502732
1354,0.0294313706810847,0.02485598279614476
1355,0.029381546181539875,0.02481836885943306
1356,0.029331842396151053,0.02478081836060031
1357,0.029282258963192476,0.02474333117563582
1358,0.02923279552215252,0.02470590718082616
1359,0.029183451713741704,0.02466854625275061
1360,0.02913422717987668,0.024631248268274453
1361,0.029085121563682925,0.024594013104555557
1362,0.029036134509489386,0.024556840639033017
1363,0.02898726566282228,0.024519730749441526
1364,0.02893851467040065,0.02448268331369602
1365,0.028889881180136356,0.024445698210303624
1366,0.028841364841120765,0.024408775317749765
1367,0.028792965303628293,0.02437191451490539
1368,0.028744682219109308,0.02433511568091068
1369,0.02869651524018657,0.024298378695217115
1370,0.0286484640206508,0.024261703437567617
1371,0.02860052821545711,0.02422508978794291
1372,0.028552707480709927,0.024188537626607942
1373,0.02850500147368429,0.024152046834154006
1374,0.02845740985279477,0.02411561729140277
1375,0.028409932277599026,0.024079248879469106
1376,0.02836256840881024,0.024042941479752944
1377,0.028315317908264248,0.0240066949739135
1378,0.02826818043893997,0.023970509243900928
1379,0.028221155664946984,0.023934384171935053
1380,0.02817424325150686,0.023898319640503707
1381,0.02812744286498159,0.023862315532381162
1382,0.028080754172833622,0.023826371730603535
1383,0.028034176843647174,0.023790488118475728
1384,0.027987710547112243,0.023754664579586193
1385,0.027941354954026387,0.023718900997782066
1386,0.027895109736282286,0.023683197257184208
1387,0.027848974566876628,0.02364755324218082
1388,0.02780294911989145,0.02361196883743011
1389,0.027757033070503034,0.023576443927856683
1390,0.027711226094970343,0.023540978398646717
1391,0.027665527870632367,0.023505572135249397
1392,0.02761993807590457,0.02347022502338192
1393,0.027574456390277113,0.023434936949065233
1394,0.027529082494307744,0.023399707798524794
1395,0.027483816069619138,0.023364537458268886
1396,0.027438656798896233,0.023329425815075022
1397,0.02739360436588001,0.02329437275597318
1398,0.02734865845536394,0.023259378168253464
1399,0.027303818753193987,0.023224441939473595
1400,0.027259084946261503,0.02318956395744365
1401,0.027214456722493452,0.023154744110241265
1402,0.027169933770863963,0.02311998228618717
1403,0.027125515781374787,0.02308527837387414
1404,0.027081202445062402,0.02305063226213644
1405,0.02703699345398647,0.023016043840076827
1406,0.026992888501235157,0.022981512997042652
1407,0.02694888728091005,0.022947039622644383
1408,0.026904989488127917,0.022912623606735127
1409,0.026861194819026935,0.02287826483943517
1410,0.02681750297073915,0.022843963211099216
1411,0.0267739136414189,0.02280971861234682
1412,0.026730426530198415,0.02277553093404361
1413,0.02668704133723132,0.02274140006730091
1414,0.02664375776365091,0.022707325903489173
1415,0.026600575511579905,0.02267330833420833
1416,0.026557494284134897,0.022639347251335096
1417,0.026514513785411253,0.02260544254696345
1418,0.026471633720484,0.022571594113453275
1419,0.026428853795402496,0.02253780184341242
1420,0.02638617371719132,0.02250406562967544
1421,0.026343593193842274,0.022470385365333856
1422,0.026301111934313504,0.022436760943725043
1423,0.026258729648522383,0.022403192258420246
1424,0.02621644604734552,0.022369679203239234
1425,0.026174260842618757,0.02233622167224003
1426,0.02613217374712118,0.02230281955972424
1427,0.026090184474585776,0.022269472760231335
1428,0.02604829273968967,0.022236181168547975
1429,0.026006498258047017,0.02220294467969053
1430,0.025964800746213434,0.022169763188918112
1431,0.025923199921680684,0.022136636591729708
1432,0.025881695502863344,0.02210356478385822
1433,0.025840287209113022,0.02207054766126665
1434,0.025798974760700588,0.022037585120168957
1435,0.02575775787881618,0.022004677056999045
1436,0.02571663628557186,0.021971823368433452
1437,0.025675609703991853,0.021939023951395298
1438,0.02563467785800988,0.021906278703004378
1439,0.02559384047247093,0.02187358752065538
1440,0.025553097273122383,0.021840950301952766
1441,0.02551244798661223,0.021808366944733204
1442,0.0254718923404873,0.021775837347062843
1443,0.025431430063186156,0.021743361407245088
1444,0.025391060884044414,0.021710939023805165
1445,0.025350784533284987,0.021678570095503558
1446,0.025310600742012745,0.02164625452132357
1447,0.025270509242213635,0.02161399220047916
1448,0.025230509766752895,0.02158178303241498
1449,0.025190602049379507,0.021549626916794073
1450,0.025150785824702204,0.021517523753511292
1451,0.025111060828211684,0.02148547344268298
1452,0.02507142679625396,0.02145347588465496
1453,0.025031883466041016,0.021421530979989167
1454,0.024992430575649927,0.021389638629478236
1455,0.02495306786401219,0.021357798734082167
1456,0.024913795070909295,0.021326011195138606
1457,0.02487461193697893,0.021294275914053917
1458,0.024835518203701668,0.021262592792503532
1459,0.024796513613408955,0.021230961732360276
1460,0.024757597909267126,0.021199382635772368
1461,0.024718770835288062,0.0211678554050882
1462,0.0246800321363132,0.02113637994284928
1463,0.024641381558017983,0.02110495615182001
1464,0.024602818846911845,0.02107358393499692
1465,0.024564343750328455,0.0210422631955835
1466,0.02452595601642482,0.02101099383700511
1467,0.024487655394175967,0.020979775762896613
1468,0.024449441633382918,0.020948608877117414
1469,0.024411314484654056,0.02091749308373625
1470,0.02437327369941311,0.02088642828703008
1471,0.024335319029892943,0.020855414391496907
1472,0.024297450229132878,0.020824451301846125
1473,0.02425966705097604,0.0207935389229994
1474,0.0242219692500667,0.020762677160085785
1475,0.02418435658184581,0.02073186591844528
1476,0.02414682880254837,0.020701105103637485
1477,0.024109385669199845,0.020670394621427224
1478,0.02407202693962418,0.02063973437778588
1479,0.02403475237241981,0.020609124278898827
1480,0.023997561726980088,0.0205785642311489
1481,0.023960454763471084,0.02054805414112415
1482,0.023923431242839577,0.02051759391565644
1483,0.0238864909268095,0.02048718346174161
1484,0.02384963357787484,0.02045682268659743
1485,0.02381285895930141,0.02042651149764846
1486,0.023776166835121515,0.020396249802522082
1487,0.023739556970132192,0.020366037509049417
1488,0.023703029129893416,0.020335874525270026
1489,0.023666583080720116,0.02030576075942142
1490,0.023630218589689278,0.02027569611993535
1491,0.023593935424625734,0.020245680515472597
1492,0.02355773335411193,0.020215713854876416
1493,0.02352161214747106,0.020185796047188953
1494,0.02348557157478215,0.020155927001661134
1495,0.023449611406856974,0.020126106627740226
1496,0.023413731415250716,0.020096334835070673
1497,0.023377931372261962,0.0200666115335027
1498,0.023342211050918493,0.02003693663307371
1499,0.02330657022498528,0.020007310044038273
1500,0.02327100866895293,0.0199777316768317
1501,0.02323552615804214,0.019948201442089086
1502,0.023200122468194806,0.0199187192506472
1503,0.023164797376081125,0.01988928501353615
1504,0.023129550659091613,0.01985989864197718
1505,0.023094382095323773,0.019830560047394474
1506,0.023059291463603415,0.01980126914139907
1507,0.023024278543458898,0.0197720258357994
1508,0.022989343115132677,0.019742830042600246
1509,0.02295448495957242,0.019713681673989125
1510,0.022919703858432783,0.019684580642358784
1511,0.0228849995940692,0.019655526860282657
1512,0.022850371949532544,0.019626520240535572
1513,0.02281582070858512,0.019597560696071215
1514,0.022781345655666918,0.01956864814004644
1515,0.02274694657592491,0.019539782485726076
1516,0.022712623255182862,0.01951096364678362
1517,0.0226783754799591,0.019482191536868698
1518,0.022644203037461175,0.019453466069875414
1519,0.022610105715572537,0.019424787159911083
1520,0.022576083302856986,0.019396154721228298
1521,0.022542135588564882,0.019367568668383905
1522,0.02250826236261272,0.019339028915936696
1523,0.02247446341559378,0.01931053537877081
1524,0.022440738538771043,0.01928208797190112
1525,0.02240708752407894,0.019253686610552823
1526,0.02237351016411715,0.019225331210097174
1527,0.02234000625214705,0.019197021686129356
1528,0.02230657558209348,0.019168757954407256
1529,0.02227321794853765,0.019140539930879608
1530,0.02223993314672512,0.01911236753166945
1531,0.022206720972548055,0.019084240673092223
1532,0.02217358122255142,0.019056159271641115
1533,0.0221405136939401,0.019028123243983064
1534,0.02210751818455403,0.01900013250697591
1535,0.02207459449288418,0.018972186977648742
1536,0.022041742418069,0.018944286573218838
1537,0.02200896175987932,0.018916431211075335
1538,0.021976252318733458,0.018888620808789724
1539,0.02194361389567856,0.018860855284112577
1540,0.021911046292403924,0.0188331345549706
1541,0.02187854931122324,0.018805458539465914
1542,0.02184612275508524,0.0187778271558684
1543,0.021813766427565717,0.018750240322636003
1544,0.021781480132863074,0.018722697958436674
1545,0.02174926367580632,0.01869519998205943
1546,0.02171711686183464,0.018667746312485523
1547,0.021685039497020497,0.018640336868880558
1548,0.021653031388033206,0.018612971570566517
1549,0.02162109234218157,0.018585650337049175
1550,0.021589222167365918,0.01855837308800873
1551,0.021557420672108307,0.01853113974329884
1552,0.021525687665539195,0.018503950222935772
1553,0.021494022957384118,0.018476804447136175
1554,0.021462426357993003,0.018449702336258422
1555,0.02143089767829487,0.0184226438108398
1556,0.02139943672983602,0.018395628791591345
1557,0.02136804332475606,0.01836865719938857
1558,0.021336717275785233,0.01834172895528663
1559,0.021305458396249755,0.018314843978049777
1560,0.021274266500074468,0.018288002193967756
1561,0.021243141401766863,0.018261203522141445
1562,0.021212082916421515,0.018234447884308835
1563,0.021181090859721863,0.018207735202342812
1564,0.021150165047932212,0.01818106539831038
1565,0.021119305297901292,0.018154438394432648
1566,0.021088511427056034,0.01812785411310852
1567,0.021057783253399798,0.0181013124768849
1568,0.021027120595512372,0.018074813408490042
1569,0.020996523272552636,0.01804835683080991
1570,0.020965991104234583,0.018021942666894664
1571,0.020935523910864617,0.017995570839965114
1572,0.020905121513297154,0.017969241273394332
1573,0.02087478373296303,0.017942953890727253
1574,0.020844510391852644,0.01791670861566863
1575,0.020814301312523042,0.017890505372090915
1576,0.02078415631808017,0.01786434408402071
1577,0.02075407523220374,0.017838224675648606
1578,0.020724057879114355,0.017812147071331552
1579,0.020694104083595732,0.017786111195577325
1580,0.02066421367098137,0.017760116973065232
1581,0.020634386467153654,0.017734164328628288
1582,0.02060462229854476,0.017708253187257716
1583,0.020574920992136647,0.017682383474107777
1584,0.020545282375445062,0.01765655511449038
1585,0.020515706276540868,0.017630768033871536
1586,0.020486192524028723,0.01760502215788462
1587,0.02045674094705774,0.017579317412312723
1588,0.020427351375303715,0.017553653723095364
1589,0.02039802363898957,0.01752803101633721
1590,0.020368757568864027,0.017502449218287197
1591,0.020339552996214927,0.017476908255362578
1592,0.020310409752848813,0.017451408054126982
1593,0.020281327671109572,0.017425948541302638
1594,0.02025230658386512,0.01740052964376987
1595,0.020223346324502955,0.01737515128855277
1596,0.02019444672693993,0.017349813402843806
1597,0.020165607625609816,0.017324515913980876
1598,0.02013682885546686,0.017299258749452873
1599,0.020108110251982225,0.017274041836902787
1600,0.020079451651139557,0.017248865104129874
1601,0.020050852889440307,0.01722372847908754
1602,0.02002231380390107,0.017198631889872584
1603,0.019993834232034047,0.017173575264738894
1604,0.019965414011876348,0.01714855853209074
1605,0.019937052981963355,0.017123581620480777
1606,0.019908750981338486,0.01709864445860987
1607,0.019880507849545204,0.017073746975337367
1608,0.019852323426632346,0.017048889099661402
1609,0.019824197553143463,0.01702407076073631
1610,0.019796130070127482,0.0169992918878602
1611,0.019768120819120938,0.016974552410482624
1612,0.019740169642163075,0.016949852258203613
1613,0.01971227638177897,0.016925191360765368
1614,0.019684440880993748,0.016900569648057306
1615,0.019656662983312145,0.016875987050119723
1616,0.019628942532735394,0.016851443497138296
1617,0.01960127937374434,0.016826938919432155
1618,0.019573673351311882,0.01680247324749151
1619,0.019546124310886093,0.016778046411938807
1620,0.01951863209840088,0.016753658343535427
1621,0.019491196560269763,0.016729308973187584
1622,0.019463817543382333,0.016704998231944268
1623,0.019436494895106016,0.016680726051033712
1624,0.019409228463286077,0.01665649236178185
1625,0.019382018096234077,0.0166322970956711
1626,0.019354863642740305,0.016608140184338205
1627,0.019327764952056015,0.016584021559546802
1628,0.019300721873915627,0.0165599411532093
1629,0.019273734258502095,0.01653589889738899
1630,0.01924680195648154,0.016511894724270726
1631,0.019219924818968614,0.01648792856620146
1632,0.01919310269754604,0.01646400035565554
1633,0.019166335444265492,0.016440110025251753
1634,0.019139622911623633,0.01641625750774839
1635,0.01911296495257986,0.01639244273604029
1636,0.01908636142055542,0.01636866564315992
1637,0.019059812169415657,0.01634492616230271
1638,0.019033317053486876,0.016321224226766018
1639,0.01900687592753947,0.016297559770005077
1640,0.01898048864680213,0.016273932725610674
1641,0.018954155066946754,0.0162503430273081
1642,0.018927875044088438,0.016226790608982633
1643,0.018901648434797025,0.01620327540462152
1644,0.0188754750960749,0.016179797348365943
1645,0.018849354885372982,0.016156356374494474
1646,0.018823287660586274,0.016132952417414026
1647,0.018797273280042326,0.01610958541166857
1648,0.018771311602503893,0.01608625529194685
1649,0.018745402487181373,0.016062961993057956
1650,0.01871954579371149,0.016039705449955477
1651,0.018693741382160844,0.016016485597728447
1652,0.01866798911304013,0.015993302371592577
1653,0.018642288847281918,0.015970155706900357
1654,0.018616640446245114,0.015947045539137283
1655,0.01859104377172205,0.01592397180392674
1656,0.018565498685929605,0.015900934437015346
1657,0.018540005051508324,0.015877933374284836
1658,0.01851456273152241,0.01585496855175883
1659,0.018489171589457065,0.01583203990557569
1660,0.018463831489219373,0.01580914737201944
1661,0.018438542295132976,0.01578629088749639
1662,0.018413303871941622,0.015763470370634802
1663,0.018388116084815387,0.01574068579394239
1664,0.018362978799318697,0.015717937076295763
1665,0.018337891881431645,0.015695224154611442
1666,0.018312855197554434,0.015672546965971368
1667,0.01828786861449938,0.015649905447552848
1668,0.018262931999481147,0.015627299536668693
1669,0.01823804522012562,0.015604729170769549
1670,0.01821320814446814,0.015582194286202056
1671,0.018188420640943725,0.015559694823114811
1672,0.018163682578393292,0.01553723071811347
1673,0.018138993826059213,0.015514801909152776
1674,0.018114354253587095,0.015492408329953355
1675,0.018089763731026665,0.015470049927448881
1676,0.018065222128811342,0.015447726635613057
1677,0.018040729317786663,0.015425438392904334
1678,0.018016285169176527,0.015403185138025188
1679,0.017991889554618723,0.015380966809055319
1680,0.01796754234613207,0.015358783345749027
1681,0.017943243416133292,0.015336634686667794
1682,0.017918992637417475,0.015314520770898288
1683,0.017894789883188267,0.01529244153764614
1684,0.01787063502701791,0.015270396926167995
1685,0.01784652794287922,0.01524838687598945
1686,0.017822468505120703,0.015226411326793698
1687,0.017798456588479006,0.015204470218193655
1688,0.017774492068074466,0.015182563490010625
1689,0.017750574819405784,0.015160691082197975
1690,0.01772670471835358,0.015138852934821201
1691,0.01770288164117506,0.01511704898802163
1692,0.017679105464509348,0.015095279182248456
1693,0.017655376065365935,0.015073543457820027
1694,0.01763169332113268,0.015051841755322815
1695,0.01760805710957669,0.015030174015434217
1696,0.01758446730882124,0.015008540178946261
1697,0.017560923797378614,0.014986940186791198
1698,0.017537426454121707,0.014965373979974883
1699,0.017513975158293782,0.014943841499666377
1700,0.017490569789505805,0.014922342687138324
1701,0.017467210227738228,0.014900877483783825
1702,0.017443896353329436,0.014879445831110283
1703,0.01742062804698996,0.01485804767075316
1704,0.01739740518978561,0.014836682944453727
1705,0.017374227663148112,0.014815351594083204
1706,0.017351095348870693,0.014794053561615395
1707,0.01732800812910007,0.014772788789154556
1708,0.017304965886347112,0.014751557218913358
1709,0.01728196850347352,0.014730358793227427
1710,0.0172590158637016,0.014709193454539637
1711,0.017236107850604476,0.014688061145420761
1712,0.01721324434811322,0.014666961808545265
1713,0.01719042524050174,0.014645895386714847
1714,0.017167650412403646,0.01462486182283057
1715,0.01714491974879717,0.014603861059927226
1716,0.017122233135016707,0.014582893041139744
1717,0.01709959045672882,0.014561957709726736
1718,0.017076991599961566,0.014541055009048065
1719,0.0170544364510814,0.014520184882592768
1720,0.017031924896797612,0.014499347273954799
1721,0.017009456824164992,0.014478542126838578
1722,0.016987032120578505,0.014457769385073593
1723,0.016964650673773285,0.014437028992590528
1724,0.01694231237182553,0.01441632089343442
1725,0.016920017103148055,0.014395645031764548
1726,0.01689776475649296,0.014375001351846994
1727,0.016875555220941862,0.014354389798071687
1728,0.01685338838592365,0.014333810314932027
1729,0.016831264141186075,0.014313262847025332
1730,0.016809182376822385,0.0142927473390701
1731,0.016787142983248238,0.014272263735895796
1732,0.016765145851214136,0.014251811982431029
1733,0.01674319087180276,0.014231392023728251
1734,0.016721277936420087,0.014211003804939781
1735,0.016699406936799832,0.014190647271332235
1736,0.016677577765000784,0.014170322368279031
1737,0.01665579031341391,0.014150029041265333
1738,0.01663404447474548,0.014129767235885549
1739,0.016612340142033055,0.014109536897830899
1740,0.016590677208625948,0.014089337972918003
1741,0.016569055568202984,0.014069170407057907
1742,0.016547475114758292,0.014049034146280837
1743,0.016525935742606634,0.014028929136713608
1744,0.016504437346379852,0.01400885532459717
1745,0.016482979821025978,0.013988812656280103
1746,0.016461563061811013,0.013968801078206972
1747,0.016440186964309156,0.013948838645062578
1748,0.016418851424416125,0.013943478955866303
1749,0.01639755633833584,0.013938121139333834
1750,0.016376301602580412,0.013932765194668883
1751,0.016355087113981703,0.013927411121075706
1752,0.01633391276967089,0.013922058917760586
1753,0.01631277846709356,0.013916708583909088
1754,0.016291684104001725,0.013911360118773608
1755,0.01627062957845382,0.013906013521542582
1756,0.016249614788812927,0.013900668791427888
1757,0.016228639633744102,0.013895325927642335
1758,0.016207704012216162,0.013889984929400936
1759,0.016186807823506122,0.01388464579591883
1760,0.0161659509671912,0.013879308526413694
1761,0.016145133343141715,0.01387397312010432
1762,0.016124354851529077,0.01386863957621052
1763,0.01610361539283378,0.01386330789395343
1764,0.01608291486782143,0.0138579780725566
1765,0.01606225317755694,0.013852650111243398
1766,0.016041630223406322,0.013847324009239558
1767,0.01602104590702247,0.013841999765771905
1768,0.016000500130358475,0.0138366773800688
1769,0.015979992795655207,0.013831356851359658
1770,0.015959523805448406,0.013826038178875458
1771,0.015939093062561582,0.01382072136184817
1772,0.015918700470111347,0.013815406399511482
1773,0.015898345931498525,0.013810093291100283
1774,0.015878029350417044,0.013804782035850933
1775,0.015857750630845047,0.013799472633000659
1776,0.01583750967704578,0.013794165081788504
1777,0.0158173063935676,0.013788859381454768
1778,0.015797140685246625,0.013783555531240792
1779,0.01577701245719698,0.013778253530389013
1780,0.015756921614818786,0.013772953378144064
1781,0.015736868063794596,0.013767655073748901
1782,0.015716851710080526,0.013762358616454461
1783,0.01569687245991691,0.013757064005506438
1784,0.015676930219824747,0.013751771240153575
1785,0.015657024896601257,0.013746480319647208
1786,0.015637156397318108,0.01374119124323391
1787,0.01561732462932408,0.01373590401017742
1788,0.015597529500244178,0.013730618619726357
1789,0.015577770917976075,0.013725335071136265
1790,0.015558048790690115,0.013720053363664265
1791,0.015538363026832869,0.013714773496568439
1792,0.015518713535117357,0.013709495469107774
1793,0.015499100224527496,0.013704219280543335
1794,0.015479523004320761,0.013698944930136661
1795,0.01545998178402197,0.013693672417151123
1796,0.015440476473421505,0.01368840174085081
1797,0.015421006982578866,0.013683132900501441
1798,0.015401573221820897,0.013677865895369574
1799,0.015382175101734674,0.013672600724723542
1800,0.015362812533176395,0.013667337387832466
1801,0.015343485427267822,0.013662075883966441
1802,0.015324193695386512,0.0136568162123952
1803,0.0153049372491747,0.013651558372396323
1804,0.015285716000540184,0.013646302363241103
1805,0.015266529861647449,0.013641048184204495
1806,0.015247378744917661,0.013635795834563893
1807,0.015228262563033113,0.013630545313597253
1808,0.01520918122893633,0.01362529662058272
1809,0.015190134655822085,0.013620049754800401
1810,0.015171122757144495,0.013614804715531222
1811,0.015152145446609033,0.013609561502058044
1812,0.01513320263818052,0.013604320113664383
1813,0.015114294246073356,0.013599080549634351
1814,0.015095420184756847,0.013593842809254741
1815,0.015076580368950765,0.013588606891812984
1816,0.015057774713627126,0.013583372796595702
1817,0.01503900313400841,0.01357814052289311
1818,0.015020265545564904,0.013572910069995548
1819,0.015001561864017354,0.013567681437194865
1820,0.014982892005332538,0.013562454623783988
1821,0.014964255885726807,0.013557229629056769
1822,0.014945653421658989,0.013552006452308345
1823,0.01492708452983571,0.013546785092834877
1824,0.014908549127209625,0.013541565549908378
1825,0.014890047130976747,0.013536347822861283
1826,0.01487157845857201,0.013531131910987367
1827,0.014853143027677262,0.01352591781359861
1828,0.014834740756215048,0.013520705529982854
1829,0.014816371562350383,0.013515495059423996
1830,0.014798035364483653,0.01351028640126407
1831,0.01477973208125416,0.013505079554789017
1832,0.014761461631543682,0.013499874519304386
1833,0.014743223934473804,0.013494671294119635
1834,0.014725018909396148,0.013489469878542226
1835,0.014706846475903035,0.013484270271881805
1836,0.014688706553816822,0.013479072473447117
1837,0.014670599063205891,0.013473876482553108
1838,0.014652523924359784,0.013468682298269807
1839,0.014634481057806958,0.013463489920393035
1840,0.014616470384311242,0.01345829934799692
1841,0.014598491824862059,0.01345311058039509
1842,0.014580545300681536,0.013447923616907564
1843,0.014562630733223614,0.013442738456759497
1844,0.014544748044169609,0.013437555099350209
1845,0.01452689715543265,0.013432373544118088
1846,0.014509077989150576,0.013427193790274846
1847,0.014491290467691265,0.013422015837150351
1848,0.01447353451364286,0.013416839684064454
1849,0.0144558100498271,0.01341166533034133
1850,0.014438116999287764,0.013406492775306231
1851,0.014420455285294231,0.013401322018285745
1852,0.014402824831332595,0.013396153058607783
1853,0.01438522556112165,0.013390985895600688
1854,0.01436765739859247,0.013385820528594192
1855,0.01435012026790794,0.013380656956918532
1856,0.014332614093445883,0.013375495179905654
1857,0.014315138799800842,0.013370335196885623
1858,0.01429769431179384,0.013365177007197037
1859,0.014280280554460845,0.013360020610171868
1860,0.014262897453058976,0.01335486600514631
1861,0.01424554493305319,0.013349713191450868
1862,0.01422822292013759,0.013344562168425125
1863,0.014210931340210564,0.013339412935406792
1864,0.014193670119396984,0.013334265491758788
1865,0.014176439184028666,0.013329119836802364
1866,0.014159238460648815,0.013323975969880011
1867,0.014142067876023567,0.013318833890331849
1868,0.014124927357122452,0.013313693597504346
1869,0.014107816831129938,0.013308555090741553
1870,0.014090736225442768,0.013303418369389534
1871,0.01407368546766552,0.013298283432794517
1872,0.014056664485615933,0.013293150280303305
1873,0.014039673207316916,0.013288018911264174
1874,0.014022711561001877,0.01328288932502826
1875,0.01400577947511028,0.013277761520945904
1876,0.013988876878294754,0.013272635498366735
1877,0.0139720036994051,0.01326751125664493
1878,0.013955159867500733,0.013262388795132564
1879,0.013938345311850675,0.013257268113183923
1880,0.013921559961922014,0.01325214921015394
1881,0.013904803747389671,0.01324703208539884
1882,0.013888076598123966,0.013241916738275798
1883,0.013871378444212823,0.013236803168139778
1884,0.01385470921593246,0.013231691374357965
1885,0.01383806884376515,0.01322658135628146
1886,0.013821457258393899,0.013221473113273721
1887,0.013804874390699773,0.013216366644696654
1888,0.013788320171765456,0.013211261949912519
1889,0.013771794532870807,0.01320615902828524
1890,0.013755297405497302,0.01320105787917904
1891,0.013738828721316487,0.013195958501960776
1892,0.013722388412202413,0.013190860894309875
1893,0.01370597641022453,0.013185765058966806
1894,0.013689592647647686,0.013180670993605259
1895,0.013673237056928578,0.013175578697599138
1896,0.013656909570726405,0.013170488170318875
1897,0.01364061012188067,0.013165399411135242
1898,0.01362433864343604,0.013160312419419756
1899,0.013608095068621928,0.013155227194545843
1900,0.013591879330867584,0.013150143735419458
1901,0.013575691363784337,0.013145062041974746
1902,0.0135595311011798,0.013139982113864471
1903,0.013543398477052548,0.01313490395009224
1904,0.013527293425585007,0.013129827550036985
1905,0.013511215881154115,0.013124752913075213
1906,0.01349516577832155,0.013119680038585504
1907,0.013479143051836395,0.013114608925947492
1908,0.013463147636640471,0.013109539573561906
1909,0.013447179467852344,0.013104471982768897
1910,0.013431238480786867,0.013099406151969348
1911,0.013415324610935642,0.013094342080547279
1912,0.013399437793978564,0.013089279767886666
1913,0.013383577965781157,0.013084219213371731
1914,0.013367745062388359,0.013079160416031878
1915,0.013351939020031622,0.013074103375965141
1916,0.01333615977512359,0.013069048091356932
1917,0.013320407264260758,0.013063994563286104
1918,0.013304681424217257,0.013058942790296662
1919,0.013288982191947518,0.013053892771777605
1920,0.01327330950459249,0.013048844507119635
1921,0.013257663299461875,0.013043797995714208
1922,0.013242043514055446,0.013038753236952163
1923,0.013226450086040842,0.013033710229938846
1924,0.013210882953275771,0.013028668974643977
1925,0.013195342053785808,0.01302362947017412
1926,0.013179827325775939,0.013018591715922272
1927,0.013164338707625234,0.013013555711288833
1928,0.013148876137894838,0.013008521455458218
1929,0.013133439555310211,0.013003488948143686
1930,0.013118028898782441,0.012998458188739053
1931,0.013102644107392258,0.012993429176547153
1932,0.013087285120389147,0.012988401910964047
1933,0.013071951877201116,0.01298337639139003
1934,0.013056644317428479,0.012978352617225308
1935,0.013041362380841193,0.012973330587876176
1936,0.013026106007377969,0.012968310302743667
1937,0.013010875137155153,0.012963291761232162
1938,0.01299566971045163,0.012958274962745858
1939,0.012980489667724804,0.01295325990669088
1940,0.012965334949588403,0.012948246592469875
1941,0.01295020549683823,0.012943235019496763
1942,0.012935101250433512,0.01293822518717598
1943,0.012920022151488908,0.012933217094913838
1944,0.012904968141309148,0.012928210742124656
1945,0.01288993916134551,0.012923206128216076
1946,0.012874935153224243,0.012918203252595253
1947,0.012859956058737687,0.012913202114681225
1948,0.012845001819838942,0.012908202713882662
1949,0.012830072378643642,0.012903205049612822
1950,0.012815167677441508,0.012898209121286208
1951,0.012800287658675025,0.012893214928166016
1952,0.01278543226495632,0.01288822246996885
1953,0.012770601439052953,0.012883231745960864
1954,0.012755795123900349,0.012878242755558308
1955,0.01274101326259558,0.012873255498179394
1956,0.012726255798393815,0.012868269973242155
1957,0.012711522674704767,0.012863286180166078
1958,0.012696813835109566,0.012858304118370214
1959,0.012682129223343885,0.012853323787275835
1960,0.012667468783299718,0.012848345186303973
1961,0.012652832459029817,0.012843368314876289
1962,0.012638220194742367,0.01283839317241614
1963,0.012623631934806312,0.012833419758292323
1964,0.012609067623744252,0.012828448072037188
1965,0.012594527206241324,0.012823478113021852
1966,0.012580010627128324,0.01281850988067152
1967,0.012565517831398587,0.01281354337441248
1968,0.012551048764201767,0.012808578593671932
1969,0.012536603370834065,0.012803615537862204
1970,0.012522181596749782,0.012798654206442276
1971,0.012507783387562199,0.012793694598826164
1972,0.012493408689031149,0.012788736714443201
1973,0.012479057447067454,0.012783780552723466
1974,0.012464729607741809,0.012778826113098107
1975,0.01245042511726524,0.012773873395000891
1976,0.012436143922011311,0.012768922397863178
1977,0.012421885968496582,0.012763973121117753
1978,0.012407651203392156,0.012759025564199021
1979,0.012393439573515685,0.01275407972654137
1980,0.012379251025834037,0.012749135607580047
1981,0.012365085507465068,0.012744193206751003
1982,0.012350942965673184,0.012739252523490771
1983,0.012336823347871118,0.012734313557236775
1984,0.01232272660162348,0.012729376307426914
1985,0.012308652674630771,0.012724440773499695
1986,0.012294601514749814,0.012719506954894523
1987,0.012280573069980427,0.012714574851051097
1988,0.012266567288466312,0.012709644461410517
1989,0.012252584118499499,0.012704715785413736
1990,0.012238623508512347,0.012699788822502441
1991,0.012224685407084657,0.012694863572119127
1992,0.012210769762939222,0.01268994003370157
1993,0.012196876524942724,0.01268501820667934
1994,0.01218300564210395,0.012680098090532391
1995,0.01216915706357291,0.01267517968470101
1996,0.012155330738645276,0.012670262988620434
1997,0.01214152661675083,0.012665348001736701
1998,0.01212774464747124,0.012660434723497448
1999,0.012113984780518727,0.012655523153350397
2000,0.012100246965752959,0.012650613290743781
2001,0.012086531153167712,0.012645705135126518
2002,0.01207283729290154,0.012640798685948435
2003,0.012059165335226218,0.012635893942659262
2004,0.012045515230557413,0.012630990904707283
2005,0.012031886929444902,0.012626089571550057
2006,0.012018280382577906,0.012621189942636193
2007,0.012004695540782429,0.012616292017416996
2008,0.011991132355024803,0.012611395795349256
2009,0.01197759077639926,0.012606501275884027
2010,0.011964070756142142,0.01260160845847786
2011,0.011950572245624791,0.012596717342585387
2012,0.011937095196351777,0.012591827927662034
2013,0.011923639559969779,0.012586940213163866
2014,0.011910205288243603,0.012582054198548576
2015,0.01189679233309171,0.012577169883262868
2016,0.011883400646548026,0.012572287266775492
2017,0.011870030180792135,0.012567406348555875
2018,0.011856680888131521,0.012562527128052798
2019,0.011843352721005118,0.01255764960472621
2020,0.01183004563198331,0.012552773778036555
2021,0.011816759573773261,0.012547899647445512
2022,0.011803494499207368,0.012543027212414452
2023,0.011790250361248589,0.012538156472405571
2024,0.01177702711299311,0.01253328742688227
2025,0.011763824707665016,0.012528420075307342
2026,0.01175064309861984,0.012523554417145474
2027,0.011737482239340125,0.012518690451861145
2028,0.0117243420834372,0.012513828178920161
2029,0.011711222584652958,0.012508967597787517
2030,0.011698123696850082,0.01250410870793004
2031,0.011685045374027148,0.01249925150881485
2032,0.011671987570309739,0.012494395999908928
2033,0.01165895023994068,0.012489542180680793
2034,0.01164593333729691,0.012484690050599146
2035,0.011632936816879713,0.012479839609133108
2036,0.011619960633316495,0.012474990855752245
2037,0.011607004741356342,0.012470143789927116
2038,0.0115940690958789,0.012465298411128662
2039,0.011581153651881948,0.012460454718828375
2040,0.01156825836449027,0.0124556127124982
2041,0.011555383188952106,0.012450772391610583
2042,0.011542528080639158,0.01244593375563895
2043,0.011529692995044805,0.012441096804056771
2044,0.011516877887784105,0.012436261536338304
2045,0.011504082714596464,0.012431427951958094
2046,0.011491307431344744,0.012426596050391894
2047,0.011478551994004604,0.012421765831115074
2048,0.011465816358683156,0.012416937293604421
2049,0.011453100481603862,0.012412110437336824
2050,0.011440404319104758,0.012407285261789337
2051,0.011427727827652667,0.012402461766440262
2052,0.011415070963829876,0.012397639950768084
2053,0.011402433684336799,0.012392819814251582
2054,0.011389815945993753,0.012388001356370783
2055,0.011377217705739184,0.012383184576605515
2056,0.011364638920630554,0.012378369474436504
2057,0.011352079547842564,0.012373556049344907
2058,0.011339539544663602,0.012368744300812248
2059,0.011327018868504624,0.012363934228292253
2060,0.011314517476890273,0.012359125831324546
2061,0.011302035327461546,0.012354319109364235
2062,0.011289572377974899,0.01234951406189485
2063,0.011277128586304919,0.012344710688400443
2064,0.011264703910438989,0.012339908988366205
2065,0.011252298308476405,0.012335108961270127
2066,0.011239911738640807,0.012330310606611956
2067,0.01122754415925531,0.01232551392386778
2068,0.01121519552876915,0.012320718912530702
2069,0.011202865805739037,0.012315925572085013
2070,0.011190554948838916,0.012311133902018274
2071,0.011178262916852866,0.01230634390181885
2072,0.01116598966867155,0.01230155557097564
2073,0.011153735163310863,0.012296768908977733
2074,0.011141499359887952,0.012291983915315174
2075,0.011129282217630987,0.012287200589477874
2076,0.01111708369588893,0.01228241893095686
2077,0.011104903754108442,0.012277638939243114
2078,0.011092742351856977,0.012272860613828387
2079,0.01108059944880857,0.012268083954205377
2080,0.011068475004746503,0.012263308959866312
2081,0.011056368979558862,0.012258535630304674
2082,0.01104428133325186,0.012253763965013556
2083,0.011032212025933852,0.012248993963487394
2084,0.011020161017824215,0.012244225625217334
2085,0.011008128269249795,0.012239458949704088
2086,0.010996113740644908,0.012234693936409493
2087,0.010984117392549564,0.012229930584894064
2088,0.010972139185614793,0.012225168894620275
2089,0.010960179080594656,0.012220408865087094
2090,0.010948237038349795,0.012215650495790726
2091,0.010936313019850985,0.012210893786229467
2092,0.010924406986168478,0.012206138735901814
2093,0.010912518898484436,0.012201385344302821
2094,0.010900648718081385,0.012196633610938628
2095,0.010888796406348433,0.012191883535305932
2096,0.010876961924778605,0.012187135116902788
2097,0.010865145234971507,0.012182388355233185
2098,0.010853346298624444,0.01217764324978974
2099,0.010841565077544857,0.012172899800076048
2100,0.01082980153364499,0.012168158005611055
2101,0.01081805562892768,0.012163417865883479
2102,0.010806327325512122,0.012158679380399655
2103,0.010794616585608985,0.01215394254866136
2104,0.010782923371544406,0.01214920737017227
2105,0.010771247645730675,0.01214447384443667
2106,0.010759589370691103,0.01213974197095925
2107,0.010747948509047589,0.012135011749244997
2108,0.010736325023521509,0.012130283178799783
2109,0.010724718876939043,0.012125556259129186
2110,0.010713130032218743,0.012120830989740042
2111,0.01070155845239018,0.012116107370138973
2112,0.010690004100569972,0.012111385399833058
2113,0.010678466939980424,0.012106665078330511
2114,0.01066694693394421,0.01210194640513727
2115,0.010655444045881701,0.012097229379760412
2116,0.010643958239309192,0.012092514001718041
2117,0.010632489477840679,0.012087800270513809
2118,0.010621037725191407,0.012083088185657887
2119,0.010609602945171659,0.012078377746660467
2120,0.010598185101690305,0.012073668953029765
2121,0.010586784158750362,0.01206896180427875
2122,0.01057540008045521,0.012064256299922648
2123,0.010564032831004155,0.012059552439470485
2124,0.010552682374685318,0.012054850222434233
2125,0.010541348675896067,0.012050149648327145
2126,0.010530031699110154,0.012045450716662309
2127,0.010518731408921234,0.012040753426952783
2128,0.010507447769993128,0.012036057778713374
2129,0.010496180747098904,0.01203136377145804
2130,0.010484930305102225,0.012026671404701674
2131,0.010473696408963562,0.012021980677959978
2132,0.010462479023728655,0.01201729159074796
2133,0.010451278114547158,0.012012604142582078
2134,0.010440093646652215,0.012007918332978557
2135,0.010428925585378224,0.012003234161454043
2136,0.010417773896149285,0.011998551627526319
2137,0.010406638544475655,0.01199387073071271
2138,0.010395519495972394,0.011989191470531221
2139,0.010384416716332723,0.011984513846492913
2140,0.010373330171349338,0.01197983785819243
2141,0.010362259826906417,0.011975163505019017
2142,0.010351205648977846,0.011970490786554034
2143,0.010340167603620998,0.011965819702317092
2144,0.010329145656996275,0.011961150251828676
2145,0.010318139775343127,0.011956482434609637
2146,0.010307149924997816,0.011951816250181262
2147,0.010296176072385421,0.011947151698064328
2148,0.010285218184017175,0.011942488777781469
2149,0.010274276226493129,0.011937827488854899
2150,0.010263350166504814,0.011933167830807057
2151,0.010252439970837024,0.011928509803161347
2152,0.01024154560634738,0.01192385340544061
2153,0.010230667040000085,0.011919198637169042
2154,0.010219804238835728,0.01191454549787092
2155,0.01020895716998016,0.011909893987070243
2156,0.010198125800656044,0.011905244104292424
2157,0.010187310098167757,0.011900595849062525
2158,0.010176510029903163,0.01189594922090621
2159,0.010165725563345163,0.011891304219349388
2160,0.010154956666053927,0.011886660843918841
2161,0.010144203305681998,0.01188201909414072
2162,0.01013346544996363,0.01187737896954216
2163,0.010122743066717454,0.011872740469651446
2164,0.010112036123853585,0.011868103593995271
2165,0.010101344589362071,0.011863468342102744
2166,0.010090668431312011,0.01185883471350217
2167,0.010080007617872866,0.011854202707722628
2168,0.010069362117282488,0.011849572324292838
2169,0.010058731897871986,0.011844943562735785
2170,0.010048116928049744,0.011840316422577175
2171,0.010037517176312072,0.011835690903376463
2172,0.010026932611236106,0.011831067004646253
2173,0.010016363201485134,0.011826444725917682
2174,0.010005808915800607,0.01182182406672204
2175,0.009995269723010125,0.011817205026591095
2176,0.009984745592018562,0.011812587605056563
2177,0.009974236491816946,0.011807971801651287
2178,0.009963742391480679,0.011803357615907731
2179,0.009953263260154444,0.01179874504735913
2180,0.00994279906708151,0.01179413409553878
2181,0.009932349781569982,0.011789524759973288
2182,0.009921915373021228,0.011784917040211406
2183,0.009911495810905002,0.011780310935780133
2184,0.009901091064782541,0.011775706446214236
2185,0.00989070110428969,0.011771103571048911
2186,0.009880325899138676,0.011766502309819522
2187,0.009869965419129656,0.011761902662061896
2188,0.009859619634136507,0.011757304627311997
2189,0.009849288514111265,0.011752708205106526
2190,0.00983897202908679,0.01174811339498203
2191,0.009828670149174101,0.0117435201964756
2192,0.009818382844563267,0.011738928609124871
2193,0.009808110085522515,0.011734338632467221
2194,0.009797851842397343,0.011729750266041086
2195,0.009787608085607857,0.011725163509384705
2196,0.009777378785658541,0.011720578362036622
2197,0.009767163913124044,0.011715994823536139
2198,0.009756963438657174,0.011711412893422608
2199,0.009746777332996004,0.011706832571235132
2200,0.009736605566942558,0.011702253856514484
2201,0.009726448111382346,0.01169767674880048
2202,0.009716304937272824,0.011693101247633845
2203,0.009706176015652268,0.011688527352555697
2204,0.009696061317634452,0.011683955063107088
2205,0.00968596081440154,0.011679384378829646
2206,0.009675874477218294,0.01167481529926501
2207,0.009665802277420532,0.011670247823955766
2208,0.00965574418641868,0.011665681952444072
2209,0.00964570017570221,0.011661117684272783
2210,0.009635670216825432,0.011656555018985246
2211,0.009625654281427032,0.011651993956124287
2212,0.009615652341214087,0.011647434495234053
2213,0.00960566436796828,0.011642876635858463
2214,0.009595690333544127,0.011638320377541155
2215,0.009585730209869858,0.011633765719826845
2216,0.009575783968948315,0.01162921266226236
2217,0.009565851582848062,0.011624661204391137
2218,0.009555933023722929,0.011620111345755992
2219,0.009546028263788031,0.011615563085909053
2220,0.00953613727532776,0.01161101642439337
2221,0.009526260030713551,0.011606471360755162
2222,0.009516396502379898,0.011601927894541144
2223,0.00950654666282702,0.01159738602529779
2224,0.009496710484635962,0.011592845752573328
2225,0.009486887940449051,0.011588307075914402
2226,0.009477079002992106,0.0115837699948666
2227,0.009467283645052227,0.011579234508815161
2228,0.009457501839486682,0.011574700617642174
2229,0.009447733559228233,0.011570168320728262
2230,0.009437978777275369,0.011565637617619463
2231,0.009428237466700295,0.011561108507867839
2232,0.009418509600639169,0.01155658099102582
2233,0.009408795152302751,0.011552055066640643
2234,0.009399094094969307,0.01154753073419864
2235,0.009389406401982825,0.011543007993272528
2236,0.00937973204676279,0.011538486843556097
2237,0.009370071002792635,0.011533967284501186
2238,0.009360423243624183,0.011529449315655999
2239,0.00935078874287587,0.011524932936572113
2240,0.009341167474240741,0.011520418146801867
2241,0.00933155941147401,0.011515904945896892
2242,0.009321964528398397,0.01151139333337484
2243,0.009312382798904117,0.011506883308857806
2244,0.009302814196956,0.011502374871863816
2245,0.009293258696573936,0.01149786802194611
2246,0.009283716271851539,0.01149336275865791
2247,0.009274186896947256,0.011488859081551984
2248,0.00926467054608704,0.011484356990183634
2249,0.009255167193563452,0.011479856484107251
2250,0.009245676813733894,0.011475357562852197
2251,0.009236199381021493,0.0114708602260227
2252,0.00922673486991421,0.011466364473148121
2253,0.009217283254966624,0.011461870303784975
2254,0.009207844510798147,0.011457377717488396
2255,0.00919841861209747,0.011452886713813872
2256,0.009189005533606576,0.011448397292317412
2257,0.009179605250147382,0.011443909452550756
2258,0.009170217736591546,0.011439423194079697
2259,0.009160842967887106,0.011434938516456588
2260,0.009151480919038057,0.011430455419238334
2261,0.009142131565119449,0.01142597390198272
2262,0.009132794881261397,0.011421493964246673
2263,0.009123470842663295,0.0114170156055882
2264,0.009114159424588486,0.011412538825565338
2265,0.009104860602358933,0.011408063623736635
2266,0.009095574351361435,0.011403589999660589
2267,0.009086300647053847,0.011399117952895724
2268,0.009077039464941983,0.011394647483001254
2269,0.009067790780602714,0.011390178589536795
2270,0.00905855456967597,0.011385711272061637
2271,0.009049330807856748,0.011381245530136162
2272,0.009040119470914654,0.011376781363319127
2273,0.009030920534667253,0.01137231877117188
2274,0.009021733974998725,0.011367857753258073
2275,0.009012559767858974,0.011363398309131491
2276,0.009003397889253861,0.011358940438356686
2277,0.008994248315252307,0.011354484140495075
2278,0.008985111021984515,0.011350029415107647
2279,0.008975985985637536,0.011345576261756727
2280,0.008966873182463253,0.01134112468000402
2281,0.00895777258877306,0.011336674669411906
2282,0.00894868418093786,0.0113322262295424
2283,0.008939607935385396,0.011327779359732996
2284,0.008930543828610027,0.011323334059915393
2285,0.008921491837158513,0.01131889032959148
2286,0.008912451937641563,0.011314448168242706
2287,0.008903424106730284,0.011310007575432546
2288,0.008894408321149072,0.011305568550724752
2289,0.008885404557685384,0.01130113109368348
2290,0.008876412793183519,0.011296695203873015
2291,0.008867433004549952,0.011292260880857777
2292,0.00885846516874711,0.011287828124202752
2293,0.008849509262795152,0.011283396933472835
2294,0.008840565263768418,0.01127896730823275
2295,0.008831633148808749,0.01127453924804869
2296,0.008822712895108609,0.011270112752525367
2297,0.008813804479917309,0.011265687821173612
2298,0.008804907880549884,0.011261264453550985
2299,0.00879602307436933,0.011256842649266994
2300,0.0087871500387946,0.011252422407845943
2301,0.008778288751313035,0.011248003728881784
2302,0.008769439189457273,0.01124358661193732
2303,0.00876060133082035,0.011239171056579844
2304,0.008751775153056585,0.011234757062376942
2305,0.00874296063386737,0.011230344628896008
2306,0.008734157751017158,0.011225933755704808
2307,0.00872536648232547,0.011221524442371504
2308,0.008716586805662452,0.01121711668846457
2309,0.008707818698959535,0.011212710493583487
2310,0.00869906214020233,0.011208305857233342
2311,0.008690317107430623,0.011203902779031254
2312,0.008681583578735719,0.011199501258520893
2313,0.008672861532272869,0.011195101295275709
2314,0.008664150946246174,0.01119070288887071
2315,0.008655451798913028,0.011186306038875785
2316,0.008646764068590329,0.011181910744860649
2317,0.008638087733640276,0.011177517006395476
2318,0.00862942277249168,0.011173124823050665
2319,0.008620769163621311,0.01116873419439679
2320,0.008612126885553018,0.011164345120004322
2321,0.008603495916875481,0.011159957599444874
2322,0.008594876236224458,0.011155571632288811
2323,0.008586267822293436,0.011151187218108038
2324,0.00857767065382209,0.011146804356473923
2325,0.008569084709614039,0.011142423046958477
2326,0.008560509968514651,0.011138043289133471
2327,0.008551946409425248,0.011133665082571357
2328,0.008543394011303995,0.011129288426844169
2329,0.008534852753157907,0.011124913321524418
2330,0.008526322614049064,0.011120539766185353
2331,0.0085178035730884,0.0111161677603989
2332,0.008509295609440137,0.011111797303739273
2333,0.008500798702317347,0.011107428395779578
2334,0.008492312830995274,0.011103061036093126
2335,0.008483837974787356,0.011098695224253944
2336,0.0084753741130692,0.011094330959835898
2337,0.00846692122525905,0.011089968242412224
2338,0.008458479290829324,0.01108560707155885
2339,0.008450048289310175,0.011081247446849414
2340,0.008441628200269058,0.011076889367858236
2341,0.008433219003339154,0.011072532834160976
2342,0.008424820678191836,0.011068177845332282
2343,0.00841643320455443,0.01106382440094763
2344,0.008408056562205779,0.01105947250058182
2345,0.008399690730971798,0.011055122143811384
2346,0.00839133569072903,0.01105077333021141
2347,0.008382991421405528,0.011046426059358495
2348,0.008374657902976423,0.011042080330828381
2349,0.00836633511546836,0.011037736144197462
2350,0.008358023038955942,0.011033393499042341
2351,0.008349721653566178,0.011029052394939877
2352,0.008341430939470484,0.011024712831500041
2353,0.00833315087689357,0.011020374808233601
2354,0.008324881446106325,0.011016038324750763
2355,0.008316622627427606,0.011011703380629505
2356,0.008308374401228669,0.011007369975446928
2357,0.00830013674791985,0.011003038108779579
2358,0.008291909647975437,0.010998707780206209
2359,0.008283693081905241,0.010994378989307978
2360,0.008275487030269701,0.010990051735659784
2361,0.008267291473682548,0.010985726018842686
2362,0.008259106392793925,0.01098140183843337
2363,0.008250931768312597,0.010977079194010003
2364,0.008242767580995292,0.01097275808515413
2365,0.008234613811630709,0.010968438511443968
2366,0.008226470441076827,0.010964120472458695
2367,0.008218337450216495,0.010959803967777185
2368,0.00821021482000095,0.010955488994633337
2369,0.008202102531408961,0.010951175557299964
2370,0.008194000565479698,0.010946863653010598
2371,0.008185908903292294,0.01094255328132324
2372,0.008177827525973846,0.010938244441856433
2373,0.00816975641469675,0.010933937134181133
2374,0.008161695550681358,0.010929631357871838
2375,0.008153644915189773,0.01092532711250933
2376,0.008145604489537384,0.010921024397674527
2377,0.00813757425507955,0.010916723212949047
2378,0.008129554193216926,0.010912423557913956
2379,0.008121544285399906,0.010908125432145768
2380,0.008113544513118853,0.010903828835236232
2381,0.008105554857914754,0.010899533766762101
2382,0.008097575301368565,0.010895240226305752
2383,0.008089605825111867,0.010890948213448999
2384,0.008081646410815324,0.010886657727774637
2385,0.008073697040197558,0.01088236876886459
2386,0.008065757695021603,0.010878081336297994
2387,0.008057828357092234,0.010873795429665746
2388,0.008049909008264855,0.010869511048546315
2389,0.008041999630429508,0.01086522819252312
2390,0.008034100205531303,0.010860946861179947
2391,0.008026210715550874,0.010856667054099375
2392,0.00801833114251238,0.010852388770865432
2393,0.008010461468493268,0.01084811201106196
2394,0.008002601675601184,0.010843836774273051
2395,0.007994751745999729,0.010839563060082297
2396,0.007986911661884477,0.010835290868074166
2397,0.007979081405506072,0.010831020197833087
2398,0.00797126095914713,0.010826751048943612
2399,0.007963450305141784,0.01082248342099033
2400,0.007955649425857914,0.010818217313557966
2401,0.007947858303717581,0.010813952726231889
2402,0.007940076921174821,0.010809689658596758
2403,0.007932305260734296,0.010805428110238172
2404,0.007924543304934417,0.010801168080741306
2405,0.007916791036364224,0.010796909569692217
2406,0.00790904843765361,0.010792652576673598
2407,0.007901315491467997,0.010788397101276458
2408,0.007893592180518993,0.010784143143084495
2409,0.007885878487563502,0.010779890701683875
2410,0.00787817439539129,0.01077563977666083
2411,0.00787047988684364,0.010771390367601795
2412,0.007862794944795581,0.010767142474093182
2413,0.007855119552165668,0.010762896095722146
2414,0.007847453691916861,0.010758651232075173
2415,0.007839797347049426,0.010754407882739223
2416,0.00783215050060182,0.010750166047301488
2417,0.007824513135661348,0.010745925725345721
2418,0.007816885235351734,0.010741686916429335
2419,0.007809266782835778,0.010737449620186062
2420,0.007801657761318914,0.010733213836195455
2421,0.007794058154045658,0.010728979564062598
2422,0.0077864679443013785,0.010724746803354081
2423,0.007778887115412303,0.010720515553648183
2424,0.007771315650744626,0.01071628581453635
2425,0.0077637535337000685,0.010712057585604576
2426,0.007756200747729203,0.010707830866476031
2427,0.007748657276312798,0.010703605656714112
2428,0.007741123102976921,0.010699381955907649
2429,0.007733598211284942,0.010695159763645254
2430,0.007726082584841976,0.010690939079515918
2431,0.007718576207287775,0.010686719903109352
2432,0.007711079062307391,0.010682502234014825
2433,0.007703591133614296,0.010678286071821589
2434,0.007696112404977029,0.01067407141611941
2435,0.007688642860186334,0.010669858266497832
2436,0.007681182483088023,0.010665646622547112
2437,0.007673731257550109,0.010661436483857527
2438,0.007666289167487683,0.010657227850018349
2439,0.0076588561968575775,0.010653020720620191
2440,0.007651432329646823,0.010648815095091625
2441,0.007644017549880644,0.010644610973346985
2442,0.007636611841634,0.010640408354815101
2443,0.007629215189009386,0.01063620723908668
2444,0.007621827576145712,0.010632007625752594
2445,0.00761444898722452,0.010627809514404389
2446,0.007607079406466433,0.010623612904632422
2447,0.007599718818127599,0.010619417795961077
2448,0.007592367206496142,0.010615224188092034
2449,0.007585024555905484,0.010611032080597691
2450,0.0075776908507210194,0.010606841473046746
2451,0.007570366075351664,0.010602652365029996
2452,0.00756305021423298,0.010598464756139105
2453,0.007555743251846714,0.010594278645966834
2454,0.007548445172706586,0.0105900940341048
2455,0.007541155961368062,0.010585910920145821
2456,0.007533875602415918,0.01058172930368148
2457,0.007526604080474897,0.010577549184305354
2458,0.007519341380208822,0.010573370561609244
2459,0.00751208748631349,0.010569193435186416
2460,0.007504842383520227,0.010565017804629394
2461,0.007497606056604766,0.01056084366953151
2462,0.0074903784903668225,0.010556671029485997
2463,0.007483159669652295,0.010552499884085645
2464,0.007475949579335506,0.01054833023292388
2465,0.007468748204330744,0.010544162075594582
2466,0.007461555529588715,0.01053999541169046
2467,0.007454371540090321,0.010535830240806041
2468,0.0074471962208564335,0.010531666562535336
2469,0.00744002955693901,0.01052750437647157
2470,0.007432871533433527,0.010523343682209075
2471,0.007425722135461221,0.010519184479341415
2472,0.007418581348182407,0.010515026767462469
2473,0.007411449156792926,0.010510870546169445
2474,0.007404325546520596,0.010506715815011367
2475,0.007397210502631424,0.010502562573670233
2476,0.007390104010423393,0.010498410821696991
2477,0.0073830060552300125,0.010494260558686571
2478,0.00737591662242032,0.010490111784230968
2479,0.007368835697395326,0.010485964497927148
2480,0.007361763265588905,0.010481818699375145
2481,0.0073546993124757876,0.010477674388166765
2482,0.007347643823558236,0.010473531563897034
2483,0.0073405967843731545,0.010469390226161356
2484,0.007333558180498301,0.01046525037455582
2485,0.007326527997533638,0.010461112008672557
2486,0.0073195062211182105,0.010456975128109874
2487,0.007312492836931028,0.010452839732463828
2488,0.007305487830673307,0.010448705821335856
2489,0.007298491188088896,0.010444573394317178
2490,0.007291502894947399,0.010440442451004214
2491,0.007284522937057503,0.010436312990993759
2492,0.0072775513002589776,0.010432185013881441
2493,0.0072705879704217935,0.010428058519264413
2494,0.007263632933454112,0.010423933506739296
2495,0.007256686175291627,0.010419809975902899
2496,0.007249747681907337,0.010415687926351763
2497,0.007242817439304439,0.010411567357683196
2498,0.007235895433517214,0.01040744826949416
2499,0.00722898165061725,0.010403330661382014
2500,0.007222076076702777,0.010399214532944023
2501,0.007215178697906666,0.01039509988373781
2502,0.007208289500396425,0.010390986713439992
2503,0.007201408470367099,0.010386875021608906
2504,0.007194535594051921,0.010382764807842015
2505,0.007187670857707218,0.010378656071737033
2506,0.007180814247630174,0.01037454881289205
2507,0.007173965750141953,0.010370443030905226
2508,0.007167125351603687,0.010366338725374291
2509,0.007160293038401377,0.010362235895897725
2510,0.007153468796953,0.010358134542073526
2511,0.007146652613712945,0.010354034663500215
2512,0.007139844475159585,0.010349936259776336
2513,0.007133044367812147,0.010345839330499495
2514,0.007126252278207623,0.01034174387526995
2515,0.007119468192926526,0.010337649893686351
2516,0.007112692098576012,0.010333557385346918
2517,0.007105923981788997,0.010329466349850668
2518,0.007099163829241029,0.010325376786797014
2519,0.007092411627626305,0.01032128869578457
2520,0.007085667363674553,0.010317202076413203
2521,0.007078931024147472,0.01031311692828172
2522,0.007072202595836075,0.010309033250989977
2523,0.007065482065558015,0.010304951044137457
2524,0.007058769420169142,0.010300870307323275
2525,0.007052064646549283,0.010296791040147829
2526,0.007045367731608465,0.010292713242210632
2527,0.007038678662289577,0.010288636913111195
2528,0.0070319974255639295,0.010284562052450263
2529,0.007025324008432143,0.010280488659827284
2530,0.007018658397929478,0.01027641673484199
2531,0.00701200058111251,0.010272346277094661
2532,0.0070053505450751175,0.010268277286187885
2533,0.006998708276933385,0.010264209761720527
2534,0.006992073763841589,0.010260143703293294
2535,0.006985446992974431,0.010256079110506692
2536,0.006978827951544808,0.010252015982961191
2537,0.006972216626786931,0.010247954320258029
2538,0.0069656130059678745,0.01024389412199779
2539,0.006959017076383134,0.010239835387781619
2540,0.006952428825359291,0.010235778117210576
2541,0.0069458482402486865,0.010231722309885644
2542,0.006939275308435633,0.010227667965408117
2543,0.006932710017329313,0.010223615083379517
2544,0.0069261523543699965,0.010219563663400849
2545,0.0069196023070263735,0.010215513705074016
2546,0.006913059862792892,0.01021146520800044
2547,0.006906525009200415,0.010207418171781234
2548,0.006899997733797569,0.010203372596018861
2549,0.0068934780241711735,0.010199328480315219
2550,0.006886965867927586,0.010195285824272229
2551,0.006880461252705139,0.010191244627491006
2552,0.006873964166172364,0.0101872048895746
2553,0.0068674745960244366,0.01018316661012502
2554,0.006860992529979626,0.010179129788743767
2555,0.006854517955793504,0.01017509442503415
2556,0.0068480508612394075,0.010171060518598181
2557,0.006841591234124422,0.010167028069038134
2558,0.006835139062283169,0.010162997075957102
2559,0.006828694333576024,0.010158967538957394
2560,0.0068222570358855705,0.010154939457641857
2561,0.006815827157132581,0.01015091283161211
2562,0.0068094046852609225,0.010146887660471875
2563,0.006802989608237553,0.010142863943825652
2564,0.006796581914060518,0.0101388416812737
2565,0.006790181590753619,0.010134820872422384
2566,0.0067837886263690805,0.010130801516873306
2567,0.006777403008984884,0.010126783614229591
2568,0.006771024726702102,0.010122767164094808
2569,0.006764653767658224,0.010118752166071894
2570,0.006758290120007615,0.010114738619765213
2571,0.00675193377193839,0.010110726524777746
2572,0.00674558471165998,0.010106715880713473
2573,0.006739242927410238,0.010102706687176059
2574,0.006732908407456328,0.010098698943769267
2575,0.006726581140084953,0.010094692650097391
2576,0.006720261113615678,0.010090687805763943
2577,0.0067139483163956015,0.010086684410372825
2578,0.006707642736788699,0.010082682463528603
2579,0.006701344363188255,0.010078681964835273
2580,0.006695053184023969,0.010074682913897452
2581,0.006688769187738863,0.010070685310319148
2582,0.006682492362804382,0.010066689153704834
2583,0.006676222697720391,0.010062694443659165
2584,0.006669960181016954,0.010058701179786477
2585,0.006663704801237458,0.010054709361691515
2586,0.006657456546962592,0.010050718988979291
2587,0.006651215406788147,0.010046730061254176
2588,0.006644981369348102,0.01004274257812118
2589,0.006638754423289761,0.01003875653918548
2590,0.006632534557292402,0.010034771944051654
2591,0.006626321760060172,0.010030788792325187
2592,0.006620116020318534,0.010026807083610936
2593,0.0066139173268213725,0.010022826817514398
2594,0.0066077256683465535,0.010018847993640629
2595,0.006601541033698588,0.010014870611593576
2596,0.006595363411702415,0.010010894670981669
2597,0.006589192791214948,0.010006920171408897
2598,0.006583029161109977,0.010002947112481026
2599,0.006576872510288823,0.009998975493798693
2600,0.006570722827682118,0.009995005314977316
2601,0.006564580102240036,0.009991036575617753
2602,0.006558444322935841,0.009987069275325933
2603,0.006552315478772108,0.009983103413679886
2604,0.006546193558773616,0.009979138990300451
2605,0.0065400785519873494,0.009975176004847614
2606,0.006533970447490489,0.009971214456886646
2607,0.006527869234375316,0.009967254346023562
2608,0.006521774901763422,0.0099632956718648
2609,0.006515687438804818,0.00995933843401653
2610,0.006509606834663728,0.00995538263208522
2611,0.006503533078535462,0.00995142826567754
2612,0.006497466159639309,0.009947475334399759
2613,0.00649140606720966,0.009943523837858261
2614,0.006485352790519094,0.009939573775660057
2615,0.006479306318850853,0.009935625147412083
2616,0.006473266641521924,0.009931677952720618
2617,0.006467233747858181,0.009927732191192383
2618,0.006461207627224574,0.009923787862435012
2619,0.00645518826900382,0.009919844966054712
2620,0.006449175662599949,0.009915903501659117
2621,0.006443169797438308,0.009911963468854847
2622,0.006437170662978886,0.009908024867249534
2623,0.006431178248688774,0.009904087696449921
2624,0.00642519254407059,0.009900151956063256
2625,0.006419213538644719,0.00989621764569748
2626,0.006413241221953747,0.00989228476495893
2627,0.006407275583568683,0.009888353313456794
2628,0.006401316613072083,0.009884423290797337
2629,0.006395364300083806,0.0098804946965887
2630,0.0063894186342352555,0.009876567530438314
2631,0.006383479605184483,0.009872641791953816
2632,0.006377547202614409,0.009868717480743115
2633,0.006371621416226603,0.009864794596413949
2634,0.0063657022357466175,0.009860873138574498
2635,0.006359789650923986,0.009856953106823163
2636,0.006353883651524228,0.009853034500786496
2637,0.006347984227344838,0.009849117320063525
2638,0.00634209136819841,0.009845201564262562
2639,0.006336205063924183,0.00984128723299139
2640,0.0063303253043791585,0.009837374325858527
2641,0.006324452079442544,0.009833462842472107
2642,0.006318585379021968,0.00982955278244051
2643,0.006312725193042823,0.009825644145372393
2644,0.006306871511446488,0.009821736930876384
2645,0.006301024324206317,0.009817831138560284
2646,0.006295183621310763,0.00981392676803371
2647,0.006289349392774035,0.009810023818904563
2648,0.006283521628628996,0.00980612229078185
2649,0.006277700318928936,0.00980222218327539
2650,0.006271885453753789,0.009798323495990264
2651,0.006266077023201255,0.009794426228539755
2652,0.0062602750173939015,0.009790530380531123
2653,0.0062544794264676185,0.00978663595157376
2654,0.006248690240587607,0.009782742941276325
2655,0.006242907449937718,0.009778851349247667
2656,0.006237131044723121,0.009774961175094209
2657,0.006231361015169412,0.009771072418427874
2658,0.006225597351526169,0.009767185078862175
2659,0.0062198400440554025,0.009763299156002703
2660,0.006214089083053764,0.009759414649458825
2661,0.006208344458826787,0.009755531558839743
2662,0.006202606161705759,0.009751649883755348
2663,0.006196874182044176,0.009747769623813542
2664,0.0061911485102124075,0.009743890778627747
2665,0.0061854291366065794,0.00974001334780443
2666,0.006179716051637918,0.009736137330954471
2667,0.006174009245740741,0.009732262727687215
2668,0.006168308709373349,0.009728389537612916
2669,0.006162614433004698,0.009724517760334978
2670,0.006156926407138386,0.009720647395475766
2671,0.00615124462228156,0.00971677844263915
2672,0.006145569068979562,0.009712910901428447
2673,0.0061398997377848374,0.009709044771467262
2674,0.006134236619272038,0.009705180052358424
2675,0.006128579704042458,0.009701316743712815
2676,0.006122928982713383,0.009697454845140528
2677,0.006117284445917193,0.009693594356251875
2678,0.006111646084315581,0.009689735276657205
2679,0.0061060138885844495,0.009685877605966876
2680,0.006100387849421018,0.00968202134379156
2681,0.006094767957539382,0.009678166489735136
2682,0.006089154203677616,0.009674313043420778
2683,0.006083546578596,0.009670461004453065
2684,0.006077945073064583,0.009666610372442444
2685,0.006072349677880062,0.009662761146998908
2686,0.006066760383863112,0.009658913327734355
2687,0.006061177181843291,0.009655066914259429
2688,0.00605560006267325,0.009651221906140778
2689,0.0060500290172322835,0.00964737830307777
2690,0.006044464036409458,0.009643536104637192
2691,0.0060389051111178205,0.009639695310429245
2692,0.006033352232289957,0.009635855920065751
2693,0.006027805390873553,0.009632017933157457
2694,0.006022264577841163,0.009628181349315382
2695,0.006016729784179553,0.009624346168150982
2696,0.006011201000901245,0.009620512389275707
2697,0.006005678219028532,0.009616680012300729
2698,0.006000161429610351,0.009612849036812803
2699,0.00599465062371074,0.009609019462472047
2700,0.005989145792412387,0.009605191288865434
2701,0.005983646926820185,0.009601364515605053
2702,0.005978154018052351,0.009597539142302068
2703,0.005972667057251968,0.009593715168568252
2704,0.005967186035578109,0.009589892594014778
2705,0.005961710944203169,0.009586071418253517
2706,0.00595624177432974,0.009582251640896204
2707,0.005950778517168409,0.009578433261554897
2708,0.005945321163951078,0.009574616279840763
2709,0.005939869705931855,0.009570800695366123
2710,0.005934424134379945,0.00956698650774325
2711,0.005928984440581431,0.009563173716582697
2712,0.005923550615845485,0.009559362321498201
2713,0.005918122651494606,0.009555552322100994
2714,0.0059127005388690534,0.009551743718003023
2715,0.005907284269339286,0.009547936508816909
2716,0.005901873834273985,0.009544130694154353
2717,0.00589646922507292,0.009540326273627414
2718,0.005891070433151846,0.009536523246849185
2719,0.0058856774499460585,0.009532721613426033
2720,0.0058802902669032875,0.009528921372980916
2721,0.005874908875492579,0.009525122525121433
2722,0.005869533267200744,0.009521325069459352
2723,0.005864163433531466,0.009517529005607907
2724,0.005858799366010636,0.009513734333178835
2725,0.0058534410561730255,0.009509941051783079
2726,0.00584808849557561,0.009506149161034306
2727,0.005842741675796681,0.009502358660549052
2728,0.00583740058842519,0.009498569549935353
2729,0.005832065225075844,0.00949478182880964
2730,0.0058267355773704566,0.009490995496782645
2731,0.005821411636955709,0.00948721055346742
2732,0.005816093395496047,0.009483426998474775
2733,0.005810780844665686,0.009479644831421434
2734,0.005805473976165487,0.009475864051918536
2735,0.005800172781706969,0.009472084659578914
2736,0.005794877253021191,0.009468306654015806
2737,0.005789587381858752,0.009464530034842326
2738,0.005784303159982684,0.009460754801671203
2739,0.005779024579174674,0.009456980954116304
2740,0.005773751631235058,0.009453208491790304
2741,0.005768484307977495,0.009449437414306525
2742,0.00576322260123785,0.009445667721278323
2743,0.00575796650286442,0.009441899412319248
2744,0.005752716004725933,0.009438132487041718
2745,0.0057474710987044375,0.009434366945060457
2746,0.005742231776700635,0.0094306027859879
2747,0.005736998030629437,0.009426840009438445
2748,0.005731769852426183,0.009423078615025355
2749,0.005726547234040424,0.009419318602362042
2750,0.0057213301674385875,0.009415559971061891
2751,0.005716118644603085,0.009411802720738955
2752,0.005710912657534983,0.009408046851006584
2753,0.0057057121982504455,0.009404292361478939
2754,0.005700517258781623,0.009400539251769622
2755,0.005695327831175767,0.009396787521492044
2756,0.005690143907499667,0.009393037170260587
2757,0.0056849654798361016,0.009389288197688906
2758,0.0056797925402785054,0.009385540603391095
2759,0.005674625080943407,0.009381794386980835
2760,0.005669463093960658,0.009378049548072268
2761,0.005664306571475208,0.009374306086279614
2762,0.005659155505647995,0.009370564001216764
2763,0.005654009888661271,0.009366823292498123
2764,0.005648869712701732,0.009363083959737343
2765,0.005643734969988046,0.009359346002549191
2766,0.0056386056527379935,0.009355609420548045
2767,0.005633481753198666,0.009351874212911945
2768,0.005628363263626923,0.009348140380126237
2769,0.005623250176292949,0.00934440792137
2770,0.00561814248348913,0.00934067683625769
2771,0.005613040177517625,0.00933694712440394
2772,0.005607943250699243,0.00933321878541948
2773,0.005602851695369893,0.009329491818925669
2774,0.0055977655038796925,0.009325766224534068
2775,0.0055926846685991904,0.009322042001776654
2776,0.005587609181905151,0.009318319149760581
2777,0.005582539036201872,0.009314597669361765
2778,0.005577474223898982,0.00931087755952352
2779,0.00557241473742387,0.009307158819860186
2780,0.005567360569222579,0.009303441449986887
2781,0.005562311711754475,0.009299725449518407
2782,0.005557268157494022,0.009296010818069238
2783,0.00555222989892723,0.009292297555254826
2784,0.005547196928564091,0.009288585660689845
2785,0.00554216923892259,0.009284875133988919
2786,0.005537146822534922,0.009281165974767292
2787,0.0055321296719546,0.009277458182640207
2788,0.005527117779745794,0.009273751757222146
2789,0.0055221111384904376,0.0092700466981286
2790,0.005517109740780235,0.00926634300497486
2791,0.005512113579225542,0.009262640677375804
2792,0.005507122646453588,0.009258939714947952
2793,0.0055021369350996,0.009255240117303932
2794,0.005497156437824557,0.00925154188406203
2795,0.00549218114729122,0.009247845014834222
2796,0.005487211056186325,0.0092441495092375
2797,0.005482246157208159,0.009240455366887002
2798,0.005477286443067442,0.009236762587398365
2799,0.00547233190649532,0.009233071170387332
2800,0.0054673825402327125,0.009229381115468685
2801,0.0054624383370383,0.009225692422258513
2802,0.005457499289679646,0.009222005090371587
2803,0.0054525653909456295,0.009218319119424626
2804,0.0054476366336313475,0.009214634509032812
2805,0.005442713010558542,0.009210951258453764
2806,0.005437794514551619,0.0092072693680216
2807,0.005432881138454526,0.00920358883699245
2808,0.005427972875121867,0.009199909664976965
2809,0.005423069717432227,0.009196231851595533
2810,0.005418171658265081,0.009192555396463763
2811,0.005413278690523882,0.009188880299196928
2812,0.005408390807120966,0.009185206559410838
2813,0.00540350800098377,0.009181534176721934
2814,0.005398630265054827,0.009177863150745404
2815,0.005393757592292658,0.00917419348109846
2816,0.005388889975666444,0.009170525167396477
2817,0.005384027408158687,0.009166858209255589
2818,0.00537916988277054,0.009163192606293176
2819,0.005374317392509376,0.009159528358111908
2820,0.005369469930405657,0.00915586546435112
2821,0.00536462748949873,0.009152203924616131
2822,0.005359790062836822,0.00914854373852219
2823,0.005354957643491254,0.009144884905686643
2824,0.005350130224542227,0.009141227425725075
2825,0.0053453077990841535,0.00913757129825439
2826,0.0053404903602221054,0.0091339165228905
2827,0.005335677901084246,0.009130263099249986
2828,0.005330870414799627,0.00912661102694931
2829,0.0053260678945177276,0.00912296030560468
2830,0.005321270333402239,0.009119310934832033
2831,0.005316477724631952,0.009115662914249586
2832,0.005311690061391872,0.009112016243472115
2833,0.00530690733688477,0.009108370922117196
2834,0.005302129544326739,0.009104726949801436
2835,0.005297356676946308,0.009101084326140749
2836,0.005292588727987102,0.009097443050752718
2837,0.005287825690709624,0.00909380312325354
2838,0.005283067558370824,0.009090164543258856
2839,0.005278314324265843,0.009086527310387522
2840,0.005273565981680051,0.009082891424255033
2841,0.005268822523926353,0.009079256884478547
2842,0.005264083944326536,0.009075623690675487
2843,0.005259350236212157,0.009071991842456176
2844,0.005254621392935199,0.009068361339448897
2845,0.005249897407852977,0.009064732181265623
2846,0.005245178274338791,0.009061104367522652
2847,0.0052404639857792645,0.00905747789783708
2848,0.005235754535577897,0.00905385277182617
2849,0.005231049917140851,0.009050228989106943
2850,0.005226350123896495,0.009046606549296756
2851,0.005221655149280302,0.009042985452011869
2852,0.005216964986746397,0.009039365696870447
2853,0.005212279629755123,0.00903574728348916
2854,0.005207599071783697,0.009032130211485426
2855,0.005202923306318219,0.00902851448047617
2856,0.005198252326865216,0.009024900090079013
2857,0.005193586126934768,0.009021287039911206
2858,0.005188924700051167,0.009017675329589941
2859,0.005184268039760909,0.009014064958732748
2860,0.0051796161396087115,0.009010455926956928
2861,0.005174968993160611,0.009006848233880097
2862,0.00517032659399419,0.009003241879119318
2863,0.005165688935695911,0.008999636862292652
2864,0.005161056011869114,0.008996033183017182
2865,0.005156427816126907,0.008992430840910514
2866,0.005151804342098387,0.008988829835590479
2867,0.00514718558341265,0.008985230166674189
2868,0.00514257153372899,0.008981631833780031
2869,0.005137962186705813,0.008978034836524939
2870,0.00513335753601929,0.00897443917452705
2871,0.005128757575359799,0.008970844847403764
2872,0.005124162298418611,0.008967251854773407
2873,0.005119571698913639,0.008963660196252748
2874,0.005114985770569014,0.008960069871460936
2875,0.005110404507111532,0.00895648088001488
2876,0.005105827902299964,0.008952893221532952
2877,0.005101255949886863,0.008949306895632506
2878,0.00509668864364432,0.008945721901931894
2879,0.005092125977361306,0.008942138240049028
2880,0.005087567944823235,0.008938555909602092
2881,0.005083014539842168,0.008934974910202662
2882,0.005078465756240824,0.008931395241480195
2883,0.005073921587841923,0.00892781690304855
2884,0.005069382028496605,0.008924239894524802
2885,0.005064847072055123,0.008920664215526893
2886,0.0050603167123828285,0.008917089865672856
2887,0.005055790943358396,0.008913516844581762
2888,0.005051269758870269,0.008909945151857574
2889,0.00504675315282288,0.008906374787146034
2890,0.005042241119124213,0.008902805750028504
2891,0.005037733651700904,0.008899238040169722
2892,0.005033230744489359,0.008895671657164626
2893,0.005028732391435753,0.008892106600631972
2894,0.0050242385865004735,0.008888542870189666
2895,0.005019749323649236,0.00888498046545651
2896,0.005015264596869962,0.008881419386050866
2897,0.0050107844001496815,0.008877859631590945
2898,0.005006308727500297,0.008874301201695498
2899,0.0050018375729292686,0.008870744095983266
2900,0.00499737093047159,0.008867188314072284
2901,0.004992908794161366,0.008863633855581577
2902,0.004988451158049578,0.008860080720129525
2903,0.004983998016194313,0.008856528907334942
2904,0.004979549362669644,0.00885297841681654
2905,0.004975105191561191,0.0088494292481926
2906,0.004970665496964344,0.008845881401082577
2907,0.004966230272979821,0.008842334875104593
2908,0.004961799513728771,0.00883878966987741
2909,0.004957373213335892,0.008835245785020297
2910,0.004952951365940095,0.008831703220152257
2911,0.004948533965692725,0.008828161974891422
2912,0.004944121006758451,0.008824622048856957
2913,0.004939712483301051,0.00882108344166807
2914,0.0049353083895100625,0.00881754615294321
2915,0.0049309087195759105,0.008814010182301841
2916,0.004926513467704119,0.008810475529362524
2917,0.004922122628112646,0.008806942193744775
2918,0.00491773619502478,0.008803410175067607
2919,0.004913354162678019,0.008799879472949388
2920,0.004908976525318742,0.008796350087010171
2921,0.004904603277212871,0.008792822016868585
2922,0.004900234412618332,0.00878929526214407
2923,0.004895869925825913,0.008785769822455335
2924,0.004891509811120187,0.008782245697422267
2925,0.004887154062802601,0.008778722886664342
2926,0.004882802675191478,0.008775201389801025
2927,0.004878455642600699,0.008771681206449514
2928,0.004874112959371679,0.0087681623362304
2929,0.004869774619842282,0.008764644778763264
2930,0.0048654406183699095,0.00876112853366736
2931,0.0048611109493181814,0.008757613600562042
2932,0.004856785607062264,0.008754099979066756
2933,0.0048524645859897575,0.00875058766880114
2934,0.004848147880493592,0.008747076669384641
2935,0.004843835484982684,0.008743566980436747
2936,0.004839527393873055,0.008740058601576544
2937,0.004835223601593164,0.00873655153242451
2938,0.004830924102580347,0.008733045772292593
2939,0.004826628891279938,0.008729541321260754
2940,0.0048223379621514795,0.008726038178949402
2941,0.00481805130966606,0.008722536344824335
2942,0.004813768928299211,0.008719035818505104
2943,0.004809490812538009,0.00871553659961169
2944,0.004805216956887293,0.008712038687714294
2945,0.004800947355850127,0.008708542082531537
2946,0.00479668200395178,0.008705046783634499
2947,0.0047924208957166314,0.00870155279064205
2948,0.004788164025682384,0.008698060103174483
2949,0.004783911388403617,0.008694568720851358
2950,0.004779662978438459,0.008691078643293076
2951,0.004775418790355701,0.00868758987011898
2952,0.004771178818734789,0.008684102400949821
2953,0.0047669430581631644,0.008680616235404816
2954,0.004762711503244255,0.008677131373104573
2955,0.004758484148582376,0.008673647813669
2956,0.004754260988801384,0.008670165556718085
2957,0.004750042018526912,0.008666684601872157
2958,0.004745827232399691,0.008663204948751033
2959,0.004741616625067557,0.008659726596975056
2960,0.004737410191186342,0.008656249546164407
2961,0.0047332079254278625,0.008652773795906836
2962,0.004729009822469266,0.008649299345875498
2963,0.00472481587699658,0.00864582619567985
2964,0.004720626083708268,0.00864235434493284
2965,0.004716440437309011,0.008638883793252533
2966,0.004712258932517699,0.008635414540258905
2967,0.004708081564062105,0.008631946585572977
2968,0.004703908326670003,0.008628479928814874
2969,0.004699739215096699,0.008625014569604992
2970,0.004695574224093946,0.008621550507563407
2971,0.004691413348423268,0.008618087742310997
2972,0.004687256582858623,0.008614626273466187
2973,0.004683103922185516,0.008611166100653437
2974,0.004678955361195669,0.008607707223491353
2975,0.004674810894691461,0.008604249641600788
2976,0.004670670517486819,0.008600793354601871
2977,0.0046665342244001096,0.00859733836211566
2978,0.004662402010263911,0.008593884663762562
2979,0.004658273869911689,0.008590432259163353
2980,0.004654149798200891,0.008586981147939307
2981,0.004650029789987187,0.008583531329710948
2982,0.00464591384013513,0.008580082804097958
2983,0.004641801943524371,0.008576635570721435
2984,0.0046376940950407786,0.008573189629202685
2985,0.00463359028958088,0.008569744979162675
2986,0.004629490522044755,0.008566301620221907
2987,0.004625394787351134,0.008562859552001388
2988,0.004621303080420525,0.008559418774122363
2989,0.004617215396187646,0.008555979286205058
2990,0.0046131317295872165,0.008552541087871322
2991,0.004609052075576159,0.008549104178741676
2992,0.004604976429108731,0.008545668558437618
2993,0.004600904785156956,0.0085422342265793
2994,0.00459683713869552,0.008538801182788412
2995,0.004592773484712431,0.008535369426685584
2996,0.004588713818201917,0.008531938957634017
2997,0.0045846581341670856,0.008528509775771666
2998,0.004580606427623479,0.008525081880461065
2999,0.004576558693592858,0.008521655271323644
3000,0.004572514927104976,0.008518229947980311
3001,0.0045684751231975795,0.008514805910052756
3002,0.004564439276923515,0.008511383157162048
3003,0.0045604073833356296,0.008507961688929543
3004,0.00455637943750542,0.008504541504976627
3005,0.004552355434503497,0.008501122604924735
3006,0.004548335369415568,0.008497704988394694
3007,0.004544319237330896,0.00849428865500865
3008,0.004540307033356505,0.008490873604384445
3009,0.00453629875260031,0.008487459836150256
3010,0.0045322943901791035,0.008484047349924018
3011,0.0045282939412203405,0.00848063614532742
3012,0.004524297400860355,0.00847722622198166
3013,0.004520304764245253,0.008473817579509008
3014,0.004516316026526468,0.00847041021753056
3015,0.004512331182863427,0.008467004135668206
3016,0.004508350228432434,0.00846359933354052
3017,0.004504373158407127,0.008460195810774687
3018,0.004500399967976243,0.008456793566990164
3019,0.004496430652336514,0.008453392601808187
3020,0.004492465206690888,0.00844999291485099
3021,0.004488503626252083,0.008446594505738897
3022,0.004484545906240811,0.008443197374095941
3023,0.004480592041889331,0.008439801519539544
3024,0.004476642028430788,0.008436406941697897
3025,0.00447269586111787,0.008433013640190473
3026,0.00446875353519971,0.008429621614636364
3027,0.004464815045942316,0.008426230864661304
3028,0.0044608803886152515,0.00842284138988613
3029,0.004456949558497847,0.008419453189932272
3030,0.004453022550882757,0.008416066264422165
3031,0.00444909936106086,0.008412680612977542
3032,0.0044451799843336914,0.008409296235220597
3033,0.004441264416023216,0.008405913130773348
3034,0.004437352651444293,0.008402531299257995
3035,0.0044334446859268795,0.008399150740295468
3036,0.004429540514808039,0.008395771453509483
3037,0.004425640133432829,0.00839239343851712
3038,0.004421743537154299,0.008389016694950704
3039,0.00441785072133527,0.008385641222422819
3040,0.00441396168134478,0.008382267020564268
3041,0.004410076412560748,0.008378894088992936
3042,0.0044061949103673115,0.008375522427331673
3043,0.004402317170161929,0.008372152035201908
3044,0.00439844318734206,0.008368782912227177
3045,0.004394572957318488,0.008365415058029114
3046,0.0043907064755090985,0.008362048472224975
3047,0.004386843737343327,0.008358683154448009
3048,0.004382984738249718,0.008355319104311146
3049,0.00437912947367014,0.008351956321445232
3050,0.004375277939056232,0.008348594805468647
3051,0.00437143012986585,0.008345234556003795
3052,0.004367586041561289,0.008341875572673497
3053,0.004363745669614616,0.0083385178551004
3054,0.0043599090095121085,0.00833516140289868
3055,0.00435607605674182,0.008331806215707761
3056,0.004352246806791804,0.00832845229314184
3057,0.0043484212551749835,0.008325099634823828
3058,0.004344599397400728,0.008321748240376306
3059,0.004340781228986401,0.008318398109422288
3060,0.004336966745460913,0.00831504924158405
3061,0.004333155942360278,0.008311701636485286
3062,0.0043293488152285065,0.008308355293748244
3063,0.004325545359610494,0.00830501021299597
3064,0.004321745571068014,0.008301666393851125
3065,0.004317949445169056,0.008298323835937118
3066,0.004314156977481609,0.008294982538876745
3067,0.004310368163592315,0.008291642502292845
3068,0.004306582999085151,0.008288303725808101
3069,0.00430280147955564,0.008284966209046233
3070,0.004299023600612628,0.008281629951630131
3071,0.004295249357862296,0.008278294953182726
3072,0.004291478746924149,0.008274961213327398
3073,0.004287711763424795,0.008271628731687054
3074,0.004283948402996174,0.008268297507884978
3075,0.00428018866128177,0.008264967541543856
3076,0.004276432533931285,0.008261638832287775
3077,0.004272680016595309,0.008258311379739786
3078,0.004268931104942197,0.008254985183523092
3079,0.00426518579463675,0.00825166024326053
3080,0.0042614440813650845,0.008248336558576042
3081,0.004257705960803548,0.008245014129092908
3082,0.004253971428648917,0.008241692954434117
3083,0.004250240480605072,0.008238373034223461
3084,0.004246513112372341,0.008235054368084287
3085,0.004242789319668816,0.00823173695563996
3086,0.004239069098218806,0.008228420796514247
3087,0.004235352443745732,0.008225105890330417
3088,0.004231639351987226,0.008221792236711965
3089,0.00422792981869069,0.008218479835282743
3090,0.004224223839602637,0.008215168685666154
3091,0.004220521410484679,0.008211858787485996
3092,0.004216822527096653,0.008208550140365835
3093,0.004213127185213494,0.008205242743929423
3094,0.0042094353806172435,0.00820193659780014
3095,0.004205747109090829,0.008198631701602344
3096,0.004202062366429615,0.008195328054959292
3097,0.004198381148431629,0.00819202565749481
3098,0.0041947034509082215,0.008188724508833248
3099,0.004191029269669855,0.008185424608597603
3100,0.00418735860054209,0.00818212595641249
3101,0.004183691439351378,0.008178828551901326
3102,0.0041800277819357134,0.00817553239468858
3103,0.004176367624134869,0.008172237484397639
3104,0.00417271096180194,0.008168943820652915
3105,0.004169057790789132,0.008165651403078227
3106,0.004165408106964641,0.008162360231297384
3107,0.004161761906196659,0.008159070304934863
3108,0.0041581191843631515,0.008155781623614699
3109,0.004154479937348299,0.008152494186960745
3110,0.004150844161043388,0.008149207994597413
3111,0.004147211851350363,0.008145923046148914
3112,0.004143583004163176,0.008142639341239155
3113,0.004139957615405976,0.008139356879492438
3114,0.004136335680989589,0.008136075660533346
3115,0.004132717196842606,0.008132795683984909
3116,0.004129102158896281,0.008129516949489584
3117,0.004125490563091638,0.00812623945663845
3118,0.004121882405370592,0.008122963205072362
3119,0.004118277681690152,0.00811968819441488
3120,0.004114676388002003,0.008116414424291295
3121,0.0041110785202800315,0.00811314189432576
3122,0.004107484074492795,0.008109870604142585
3123,0.004103893046620399,0.00810660055336564
3124,0.004100305432648277,0.008103331741621051
3125,0.0040967212285671906,0.008100064168532824
3126,0.004093140430377673,0.008096797833725043
3127,0.004089563034091803,0.008093532736822565
3128,0.004085989035707449,0.008090268877450284
3129,0.004082418431258006,0.008087006255232274
3130,0.004078851216759993,0.008083744869813357
3131,0.004075287388250359,0.008080484715564225
3132,0.0040717269417696045,0.00807722580213718
3133,0.004068169873355565,0.00807396812478468
3134,0.00406461617906384,0.008070711682710983
3135,0.004061065854956247,0.008067456475540455
3136,0.004057518897087498,0.008064202502898195
3137,0.00405397530153806,0.008060949764409079
3138,0.004050435064381297,0.008057698259697727
3139,0.004046898181701231,0.008054447988389633
3140,0.004043364649587211,0.008051198950109542
3141,0.004039834464140135,0.008047951144482368
3142,0.004036307621456459,0.00804470457113295
3143,0.004032784117652177,0.008041459229686975
3144,0.0040292639488415105,0.008038215119769064
3145,0.004025747111144895,0.00803497223889216
3146,0.004022233600694314,0.0080317305889465
3147,0.004018723413620862,0.008028490171363513
3148,0.004015216546068956,0.008025250983809754
3149,0.0040117129941839025,0.008022013025909689
3150,0.004008212754119889,0.008018776297289244
3151,0.0040047158220390955,0.00801554079757379
3152,0.004001222194104592,0.008012306526385043
3153,0.003997731866492771,0.008009073483355021
3154,0.003994244835378247,0.008005841668104134
3155,0.003990761096947182,0.00800261108026102
3156,0.003987280647393732,0.007999381719444813
3157,0.003983803482913828,0.007996153585290426
3158,0.003980329599706067,0.007992926677418695
3159,0.003976858993989474,0.007989700995455276
3160,0.003973391661971526,0.007986476539017195
3161,0.003969927599879242,0.007983253307746511
3162,0.003966466803938751,0.007980031301260838
3163,0.003963009270386841,0.007976810519186115
3164,0.003959554995458525,0.007973590961147577
3165,0.003956103975406577,0.007970372626766475
3166,0.00395265620647578,0.007967155515677324
3167,0.003949211684930454,0.007963939627502106
3168,0.003945770407035809,0.007960724961866325
3169,0.003942332369058832,0.0079575115183953
3170,0.003938897567278055,0.007954299296706411
3171,0.003935465997976451,0.007951088296443334
3172,0.003932037657436993,0.00794787851722287
3173,0.0039286125419630835,0.007944669958671352
3174,0.003925190647851018,0.007941462620414053
3175,0.0039217719714033095,0.00793825650207737
3176,0.003918356508939347,0.007935051603287821
3177,0.003914944256771413,0.00793184792367031
3178,0.003911535211226891,0.00792864546285248
3179,0.00390812936863405,0.007925444220458978
3180,0.0039047267253309315,0.00792224419611183
3181,0.0039013272776582397,0.007919045389447377
3182,0.003897931021962009,0.007915847800086612
3183,0.0038945379545953784,0.00791265142765404
3184,0.003891148071923034,0.007909456271779067
3185,0.003887761370306997,0.007906262332086252
3186,0.003884377846113729,0.0079030696082017
3187,0.0038809974957239035,0.007899878099752605
3188,0.0038776203155190814,0.007896687806365078
3189,0.0038742463018897055,0.007893498727665291
3190,0.0038708754512279953,0.007890310863273912
3191,0.003867507759931499,0.007887124212829368
3192,0.003864143224408423,0.007883938775951695
3193,0.0038607818410705264,0.007880754552267995
3194,0.0038574236063304568,0.007877571541404834
3195,0.0038540685166150723,0.007874389742988475
3196,0.0038507165683485667,0.007871209156645895
3197,0.003847367757968456,0.007868029782003412
3198,0.0038440220819122572,0.007864851618687926
3199,0.00384067953662548,0.007861674666326295
3200,0.0038373401185571865,0.007858498924544901
3201,0.0038340038241679864,0.007855324392970656
3202,0.003830670649916712,0.007852151071230693
3203,0.003827340592265749,0.007848978958951418
3204,0.0038240136476996867,0.007845808055760274
3205,0.0038206898126889044,0.007842638361283388
3206,0.003817369083717992,0.007839469875148442
3207,0.0038140514572804207,0.00783630259698187
3208,0.003810736929867886,0.007833136526410902
3209,0.0038074254979827415,0.007829971663062495
3210,0.003804117158131781,0.007826808006563775
3211,0.0038008119068262403,0.007823645556541775
3212,0.0037975097405800184,0.007820484312623756
3213,0.0037942106559212263,0.007817324274436564
3214,0.003790914649376198,0.00781416544160541
3215,0.0037876217174748206,0.00781100781376215
3216,0.0037843318567611917,0.007807851390530449
3217,0.0037810450637767445,0.007804696171539734
3218,0.0037777613350717942,0.007801542156416319
3219,0.003774480667203761,0.007798389344787354
3220,0.0037712030567274013,0.007795237736280554
3221,0.0037679285002161222,0.0077920873305229975
3222,0.003764656994235338,0.007788938127142184
3223,0.003761388535365562,0.0077857901257660025
3224,0.003758123120189083,0.007782643326021427
3225,0.003754860745287303,0.007779497727536007
3226,0.003751601407259386,0.0077763533299376845
3227,0.003748345102700057,0.007773210132853776
3228,0.003745091828213809,0.007770068135911856
3229,0.0037418415804069127,0.007766927338739731
3230,0.0037385943558954082,0.007763787740965183
3231,0.0037353501512997767,0.007760649342216451
3232,0.003732108963239611,0.007757512142119945
3233,0.0037288707883469385,0.007754376140303949
3234,0.003725635623259116,0.007751241336396625
3235,0.0037224034646126114,0.0077481077300259465
3236,0.003719174309051887,0.007744975320819324
3237,0.00371594815322851,0.007741844108404533
3238,0.003712724993800265,0.007738714092409973
3239,0.0037095048274213838,0.0077355852724637665
3240,0.0037062876507656384,0.0077324576481935595
3241,0.003703073460498807,0.007729331219227448
3242,0.003699862253299102,0.007726205985193687
3243,0.003696654025846513,0.007723081945720148
3244,0.003693448774826358,0.007719959100434905
3245,0.003690246496936389,0.007716837448966955
3246,0.003687047188862813,0.00771371699094351
3247,0.003683850847314929,0.007710597725992863
3248,0.003680657468998483,0.007707479653743774
3249,0.003677467050620997,0.007704362773824056
3250,0.003674279588905094,0.0077012470858623845
3251,0.003671095080566289,0.007698132589487101
3252,0.0036679135223343096,0.0076950192843268095
3253,0.0036647349109424354,0.007691907170005518
3254,0.0036615592431248345,0.007688796246159913
3255,0.0036583865156245565,0.0076856865124145905
3256,0.003655216725188204,0.007682577968398087
3257,0.0036520498685694847,0.007679470613738464
3258,0.0036488859425212183,0.007676364448064559
3259,0.0036457249438095474,0.007673259471005278
3260,0.0036425668691961732,0.007670155682189296
3261,0.0036394117154543437,0.007667053081244997
3262,0.0036362594793617475,0.007663951667801178
3263,0.0036331101577005143,0.007660851441486944
3264,0.0036299637472527735,0.007657752401930562
3265,0.0036268202448139775,0.00765465454876138
3266,0.003623679647181355,0.00765155788160804
3267,0.0036205419511476933,0.00764846240009933
3268,0.0036174071535253205,0.007645368103864344
3269,0.003614275251121235,0.007642274992531943
3270,0.0036111462407575345,0.007639183065731005
3271,0.0036080201192465466,0.007636092323090947
3272,0.003604896883415698,0.007633002764240674
3273,0.003601776530095968,0.007629914388809271
3274,0.0035986590561236653,0.007626827196425583
3275,0.003595544458333322,0.007623741186719154
3276,0.003592432733571904,0.007620656359319158
3277,0.0035893238786899317,0.007617572713854551
3278,0.003586217890537924,0.007614490249955148
3279,0.0035831147659743934,0.007611408967249683
3280,0.003580014501865847,0.007608328865367872
3281,0.003576917095079679,0.0076052499439385295
3282,0.0035738225424823966,0.007602172202591642
3283,0.0035707308409582694,0.007599095640956687
3284,0.003567641987387127,0.007596020258662638
3285,0.003564555978653239,0.007592946055339483
3286,0.0035614728116515337,0.007589873030616569
3287,0.0035583924832742753,0.007586801184123582
3288,0.00355531499042705,0.007583730515489898
3289,0.0035522403300092265,0.007580661024289961
3290,0.003549168498938826,0.007577592710264213
3291,0.0035460994941232116,0.007574525572986945
3292,0.003543033312481292,0.007571459612087831
3293,0.0035399699509408578,0.007568394827196991
3294,0.003536909406428812,0.0075653312179441365
3295,0.0035338516758773864,0.007562268783958624
3296,0.0035307967562250298,0.007559207524870919
3297,0.0035277446444128557,0.007556147440310863
3298,0.0035246953373890832,0.007553088529907978
3299,0.0035216488321028194,0.007550030793292889
3300,0.003518605125510277,0.007546974230065631
3301,0.0035155642145756616,0.007543918839915637
3302,0.0035125260962551863,0.0075408646224433586
3303,0.003509490767527268,0.007537811577279247
3304,0.0035064582253605536,0.007534759704052981
3305,0.0035034284667352367,0.007531709002394707
3306,0.003500401488633287,0.00752865947193505
3307,0.0034973772880411147,0.007525611112299942
3308,0.003494355861949572,0.007522563923128146
3309,0.0034913372073592797,0.007519517904045432
3310,0.0034883213212646424,0.007516473054683073
3311,0.003485308200677828,0.007513429374670911
3312,0.0034822978426030105,0.00751038686363981
3313,0.003479290244055022,0.007507345521219497
3314,0.00347628540205136,0.007504305347041298
3315,0.003473283313619291,0.0075012663407345095
3316,0.0034702839757798642,0.007498228501931405
3317,0.0034672873855674524,0.007495191830257368
3318,0.003464293540018204,0.007492156325352144
3319,0.0034613024361691558,0.007489121986841998
3320,0.0034583140710715554,0.007486088814357264
3321,0.0034553284417668806,0.007483056807529184
3322,0.00345234554531082,0.007480025965988554
3323,0.0034493653787635026,0.007476996289365989
3324,0.00344638793918417,0.007473967777292593
3325,0.0034434132236373927,0.00747094042939939
3326,0.0034404412291966224,0.00746791424531686
3327,0.003437471952937976,0.007464889224676235
3328,0.0034345053919349056,0.007461865367108956
3329,0.003431541543275074,0.007458842672245766
3330,0.003428580404045256,0.0074558211397174855
3331,0.0034256219713357794,0.007452800769155967
3332,0.003422666242245853,0.007449781560191819
3333,0.003419713213872022,0.007446763512456385
3334,0.003416762883319713,0.007443746625581022
3335,0.0034138152476970163,0.007440730899196973
3336,0.0034108703041217936,0.007437716332936228
3337,0.0034079280497048003,0.00743470292642966
3338,0.003404988481571891,0.007431690679307681
3339,0.0034020515968435916,0.007428679591202903
3340,0.0033991173926564144,0.0074256696617466846
3341,0.003396185866139767,0.0074226608905700354
3342,0.0033932570144319385,0.007419653277304983
3343,0.0033903308346738825,0.007416646821583234
3344,0.0033874073240145464,0.007413641523036484
3345,0.0033844864796046537,0.007410637381295805
3346,0.003381568298595816,0.00740763439599311
3347,0.0033786527781520803,0.007404632566760414
3348,0.003375739915426834,0.007401631893229524
3349,0.0033728297075956704,0.007398632375032008
3350,0.003369922151827076,0.007395634011800285
3351,0.003367017245296644,0.007392636803165105
3352,0.003364114985181743,0.007389640748759287
3353,0.0033612153686650714,0.007386645848214746
3354,0.0033583183929355442,0.0073836521011632385
3355,0.0033554240551856296,0.007380659507236684
3356,0.0033525323526069073,0.007377668066067732
3357,0.0033496432824033917,0.00737467777728789
3358,0.0033467568417746563,0.007371688640530449
3359,0.003343873027929156,0.007368700655425952
3360,0.0033409918380833403,0.007365713821608014
3361,0.003338113269441223,0.007362728138708346
3362,0.0033352373192325757,0.007359743606351509
3363,0.0033323639846791764,0.0073567602241853165
3364,0.003329493263003691,0.007353777991834499
3365,0.0033266251514429968,0.007350796908931621
3366,0.0033237596472304176,0.007347816975108862
3367,0.0033208967476010542,0.007344838189999002
3368,0.00331803644980333,0.007341860553234918
3369,0.0033151787510847797,0.007338884064448152
3370,0.0033123236486920504,0.00733590872327242
3371,0.003309471139881559,0.007332934529339787
3372,0.0033066212219159397,0.007329961482283463
3373,0.003303773892055162,0.007326989581735412
3374,0.0033009291475671887,0.007324018827329328
3375,0.00329808698572176,0.007321049218697449
3376,0.003295247403790391,0.007318080755472873
3377,0.0032924103990552567,0.007315113437288308
3378,0.0032895759687994186,0.00731214726377671
3379,0.003286744110305939,0.007309182234571464
3380,0.003283914820865874,0.007306218349305026
3381,0.0032810880977756085,0.007303255607610793
3382,0.0032782639383279744,0.007300294009121973
3383,0.0032754423398273502,0.0072973335534714
3384,0.0032726232995763382,0.007294374240292327
3385,0.003269806814889087,0.00729141606921805
3386,0.003266992883076192,0.007288459039881966
3387,0.00326418150145269,0.007285503151917495
3388,0.0032613726673398347,0.00728254840495712
3389,0.003258566378063321,0.00727959479863511
3390,0.0032557626309497323,0.007276642332584741
3391,0.0032529614233283155,0.0072736910064393895
3392,0.003250162752540753,0.0072707408198322
3393,0.0032473666159207326,0.007267791772397149
3394,0.0032445730108170423,0.007264843863767689
3395,0.0032417819345695875,0.007261897093577621
3396,0.003238993384534261,0.0072589514614603175
3397,0.003236207358061627,0.007256006967049422
3398,0.003233423852514683,0.007253063609979057
3399,0.0032306428652502106,0.007250121389883079
3400,0.0032278643936347606,0.007247180306394804
3401,0.003225088435040213,0.0072442403591480645
3402,0.0032223149868340073,0.0072413015477775025
3403,0.0032195440463960168,0.0072383638719163215
3404,0.003216775611105227,0.007235427331198762
3405,0.003214009678346841,0.007232491925259113
3406,0.0032112462455096136,0.007229557653730984
3407,0.003208485309979636,0.007226624516249079
3408,0.003205726869153658,0.007223692512448046
3409,0.00320297092043198,0.007220761641960293
3410,0.003200217461215793,0.007217831904420824
3411,0.003197466488908951,0.0072149032994629075
3412,0.0031947180009250786,0.007211975826723137
3413,0.003191971994670695,0.007209049485835086
3414,0.003189228467563865,0.007206124276416738
3415,0.0031864874170279833,0.007203200198095457
3416,0.00318374884048378,0.007200277250568085
3417,0.0031810127353626427,0.007197355433429926
3418,0.003178279099087966,0.00719443474631554
3419,0.0031755479290991317,0.007191515188859802
3420,0.0031728192228328567,0.007188596760696976
3421,0.0031700929777294107,0.007185679461462223
3422,0.003167369191237057,0.007182763290789547
3423,0.003164647860801395,0.0071798482483143924
3424,0.003161928983872464,0.007176934333671035
3425,0.003159212557910962,0.0071740215464949075
3426,0.003156498580372258,0.007171109886420751
3427,0.003153787048720602,0.007168199353083413
3428,0.003151077960418469,0.0071652899461178594
3429,0.0031483713129398794,0.007162381665159218
3430,0.0031456671037579653,0.0071594745098426844
3431,0.003142965330344971,0.0071565684798027725
3432,0.0031402659901846874,0.007153663574675319
3433,0.0031375690807591283,0.007150759794095546
3434,0.003134874599554749,0.007147857137697767
3435,0.0031321825440633333,0.007144955605117985
3436,0.0031294929117748893,0.007142055195991832
3437,0.0031268057001927474,0.007139155909954512
3438,0.0031241209068131326,0.007136257746640867
3439,0.0031214385291393754,0.007133360705686799
3440,0.0031187585646854643,0.00713046478672761
3441,0.00311608101095473,0.007127569989399056
3442,0.0031134058654638253,0.00712467631333644
3443,0.00311073312573118,0.007121783758175817
3444,0.0031080627892814405,0.007118892323552405
3445,0.0031053948536312603,0.007116002009102503
3446,0.003102729316315944,0.007113112814461003
3447,0.003100066174861915,0.0071102247392637215
3448,0.0030974054268053663,0.007107337783147767
3449,0.0030947470696869317,0.007104451945748064
3450,0.0030920911010445806,0.007101567226700772
3451,0.0030894375184225,0.007098683625640808
3452,0.003086786319371093,0.00709580114220627
3453,0.0030841375014407646,0.007092919776031954
3454,0.003081491062186359,0.007090039526754393
3455,0.003078846999163609,0.007087160394008685
3456,0.0030762053099397946,0.007084282377432513
3457,0.0030735659920724245,0.007081405476661404
3458,0.003070929043136772,0.007078529691331648
3459,0.0030682944606965634,0.007075655021079364
3460,0.0030656622423315127,0.007072781465541585
3461,0.003063032385618669,0.007069909024354323
3462,0.003060404888134194,0.007067037697153642
3463,0.003057779747469347,0.00706416748357664
3464,0.0030551569612109475,0.007061298383259761
3465,0.0030525365269440385,0.00705843039583931
3466,0.003049918442267874,0.007055563520952261
3467,0.0030473027047790424,0.007052697758234968
3468,0.0030446893120776863,0.007049833107324609
3469,0.003042078261766612,0.007046969567857355
3470,0.003039469551453955,0.007044107139470356
3471,0.0030368631787514033,0.007041245821800497
3472,0.003034259141268869,0.007038385614484534
3473,0.0030316574366269222,0.007035526517159663
3474,0.00302905806244258,0.007032668529462546
3475,0.0030264610163399652,0.007029811651030737
3476,0.003023866295945865,0.0070269558815007765
3477,0.0030212738988915078,0.007024101220509983
3478,0.0030186838228036805,0.007021247667695497
3479,0.0030160960653233815,0.007018395222694658
3480,0.0030135106240907206,0.007015543885144589
3481,0.0030109274967404787,0.00701269365468268
3482,0.003008346680929641,0.007009844530946125
3483,0.003005768174294765,0.007006996513571267
3484,0.0030031919744946123,0.007004149602195114
3485,0.003000618079180839,0.007001303796459968
3486,0.0029980464860139833,0.006998459096000078
3487,0.0029954771926528068,0.006995615500452936
3488,0.0029929101967622884,0.006992773009456631
3489,0.002990345496011848,0.006989931622648646
3490,0.0029877830880664646,0.006987091339666546
3491,0.0029852229706035516,0.006984252160148106
3492,0.002982665141298746,0.0069814140837311835
3493,0.0029801095978303493,0.006978577110053934
3494,0.002977556337884657,0.006975741238754031
3495,0.0029750053591435233,0.006972906469469024
3496,0.0029724566592985724,0.006970072801837538
3497,0.0029699102360405405,0.0069672402354971595
3498,0.0029673660870628282,0.006964408770086514
3499,0.00296482421006683,0.006961578405243106
3500,0.0029622846027494987,0.006958749140605642
3501,0.0029597472628202226,0.0069559209758118246
3502,0.0029572121879830604,0.006953093910500412
3503,0.0029546793759474,0.006950267944309415
3504,0.002952148824427958,0.006947443076877408
3505,0.00294962053114034,0.00694461930784308
3506,0.0029470944938037036,0.006941796636844192
3507,0.0029445707101407592,0.006938975063519672
3508,0.00294204917787777,0.006936154587508101
3509,0.0029395298947401116,0.006933335208447983
3510,0.0029370128584620403,0.006930516925977667
3511,0.0029344980667760368,0.006927699739736136
3512,0.0029319855174190224,0.00692488364936238
3513,0.0029294752081332476,0.006922068654495021
3514,0.0029269671366591865,0.0069192547547728585
3515,0.002924461300745307,0.0069164419498344565
3516,0.002921957698139188,0.006913630239319436
3517,0.002919456326594627,0.006910819622865938
3518,0.0029169571838645325,0.006908010100113621
3519,0.00291446026770803,0.006905201670701518
3520,0.0029119655758851337,0.006902394334268282
3521,0.0029094731061602985,0.006899588090453816
3522,0.0029069828562988675,0.006896782938896839
3523,0.0029044948240732893,0.006893978879236751
3524,0.002902009007254236,0.006891175911112848
3525,0.0028995254036177087,0.0068883740341640805
3526,0.0028970440109423734,0.006885573248030564
3527,0.0028945648270060076,0.006882773552351607
3528,0.002892087849597935,0.006879974946766423
3529,0.0028896130765030392,0.006877177430914254
3530,0.0028871405055097554,0.006874381004435767
3531,0.0028846701344154013,0.006871585666968681
3532,0.0028822019610075245,0.006868791418154781
3533,0.0028797359830941005,0.006865998257633416
3534,0.0028772721984706706,0.006863206185043793
3535,0.0028748106049416577,0.006860415200025848
3536,0.002872351200317702,0.0068576253022197275
3537,0.00286989398240145,0.006854836491265417
3538,0.002867438949016865,0.006852048766802281
3539,0.002864986097970146,0.0068492621284710654
3540,0.002862535427083479,0.006846476575911385
3541,0.002860086934177275,0.006843692108763899
3542,0.002857640617077273,0.006840908726668132
3543,0.0028551964736074353,0.006838126429269783
3544,0.0028527545016014955,0.0068353452161926155
3545,0.0028503146988851924,0.006832565087094511
3546,0.00284787706330647,0.006829786041609817
3547,0.002845441592686626,0.0068270080793789364
3548,0.002843008284878934,0.0068242312000419345
3549,0.002840577137721567,0.006821455403239897
3550,0.0028381481490624694,0.006818680688612976
3551,0.0028357213167566897,0.006815907055802366
3552,0.0028332966386450664,0.006813134504448062
3553,0.0028308741125906423,0.006810363034190966
3554,0.00282845373644669,0.006807592644662762
3555,0.002826035508075364,0.006804823335522733
3556,0.002823619425337931,0.006802055106402579
3557,0.0028212054861036506,0.006799287956943057
3558,0.0028187936882391185,0.006796521886785183
3559,0.0028163840296127063,0.006793756895571653
3560,0.0028139765081052204,0.0067909929829446485
3561,0.0028115711215850325,0.006788230148538389
3562,0.0028091678679400545,0.0067854683913143275
3563,0.002806766745043987,0.006782707712200273
3564,0.0028043677507874065,0.006779948110320039
3565,0.00280197088305556,0.006777189585225416
3566,0.002799576139739912,0.0067744321365621266
3567,0.002797183518731927,0.006771675763971776
3568,0.002794793017930175,0.006768920467094933
3569,0.00279240463522612,0.006766166245574377
3570,0.0027900183685289903,0.006763413099050999
3571,0.0027876342157373557,0.006760661027166437
3572,0.002785252174760444,0.006757910029562764
3573,0.0027828722435021547,0.00675516010588121
3574,0.0027804944198823733,0.006752411255755333
3575,0.0027781187018076636,0.006749663478843728
3576,0.002775745087199688,0.006746916774780034
3577,0.002773373573973892,0.006744171143208157
3578,0.0027710041600581548,0.006741426583765479
3579,0.0027686368433696984,0.006738683096098617
3580,0.0027662716218426198,0.006735940679845703
3581,0.002763908493405687,0.006733199334650875
3582,0.0027615474559885556,0.006730459060156124
3583,0.002759188507528876,0.006727719856003813
3584,0.0027568316459651854,0.006724981721835943
3585,0.0027544768692369104,0.006722244657295266
3586,0.0027521241752905823,0.006719508662023914
3587,0.002749773562064739,0.0067167737356646565
3588,0.0027474250275130174,0.006714039877859471
3589,0.0027450785695855018,0.006711307088250962
3590,0.002742734186236717,0.006708575366482249
3591,0.002740391875418524,0.0067058447121953815
3592,0.0027380516350952178,0.006703115125033621
3593,0.002735713463224876,0.006700386604639241
3594,0.0027333773577717935,0.006697659150655486
3595,0.002731043316702042,0.006694932762724679
3596,0.0027287113379852457,0.006692207440490185
3597,0.002726381419593693,0.006689483183594629
3598,0.00272405355949612,0.006686759991681265
3599,0.0027217277556745856,0.006684037864393179
3600,0.002719404006112036,0.006681316801373176
3601,0.0027170823087807605,0.006678596802264798
3602,0.0027147626616690346,0.006675877866710981
3603,0.002712445062764246,0.0066731599943551136
3604,0.002710129510055559,0.006670443184840568
3605,0.002707816001530361,0.006667727437810838
3606,0.002705504535191139,0.006665012752909181
3607,0.0027031951090270567,0.006662299129779097
3608,0.0027008877210423776,0.006659586568063921
3609,0.0026985823692360356,0.006656875067407638
3610,0.002696279051614958,0.006654164627453454
3611,0.002693977766181632,0.0066514552478439855
3612,0.0026916785109483143,0.006648746928222947
3613,0.002689381283925485,0.006646039668238363
3614,0.0026870860831307297,0.006643333467531407
3615,0.002684792906573641,0.006640628325734671
3616,0.0026825017522789096,0.006637924242514033
3617,0.002680212618265898,0.006635221217503019
3618,0.0026779255025637383,0.006632519250345224
3619,0.0026756404031909042,0.006629818340684955
3620,0.002673357318180969,0.0066271184881662205
3621,0.0026710762455639525,0.0066244196924334815
3622,0.002668797183373428,0.006621721953130991
3623,0.0026665201296482977,0.006619025269903069
3624,0.0026642450824230224,0.006616329642393701
3625,0.0026619720397418334,0.006613635070239415
3626,0.0026597009996471854,0.00661094155310122
3627,0.0026574319601868623,0.0066082490906156435
3628,0.002655164919404207,0.00660555768242696
3629,0.002652899875354997,0.006602867328180231
3630,0.002650636826092345,0.006600178027519391
3631,0.002648375769668476,0.006597489780089914
3632,0.0026461167041427203,0.006594802585536373
3633,0.0026438596275752957,0.006592116443488814
3634,0.002641604538032638,0.006589431353616018
3635,0.002639351433575854,0.006586747315524659
3636,0.002637100312273155,0.006584064328923337
3637,0.0026348511721918655,0.006581382393423301
3638,0.0026326040114117433,0.006578701508668794
3639,0.0026303588280001122,0.0065760216743060325
3640,0.002628115620038507,0.0065733428899795825
3641,0.002625874385602245,0.00657066515533436
3642,0.0026236351227773014,0.006567988470016151
3643,0.0026213978296460994,0.006565312833670969
3644,0.002619162504293726,0.006562638245943525
3645,0.00261692914480971,0.006559964706479782
3646,0.0026146977492871315,0.006557292214923707
3647,0.002612468315818184,0.006554620770924141
3648,0.002610240842496836,0.006551950374124611
3649,0.002608015327422386,0.006549281024171162
3650,0.0026057917686959087,0.006546612720709142
3651,0.002603570164421143,0.006543945463385149
3652,0.0026013505127009395,0.006541279251845247
3653,0.002599132811645255,0.006538614085734737
3654,0.002596917059361381,0.00653594996469993
3655,0.002594703253960162,0.00653328688838695
3656,0.0025924913935595484,0.006530624856442135
3657,0.002590281476275713,0.006527963868510685
3658,0.0025880735002230537,0.006525303924238748
3659,0.00258586746352929,0.006522645023274876
3660,0.002583663364312372,0.006519987165263648
3661,0.002581461200703572,0.006517330349851486
3662,0.0025792609708270575,0.006514674576685805
3663,0.0025770626728123247,0.006512019845411995
3664,0.0025748663047933107,0.006509366155676887
3665,0.0025726718649083935,0.006506713507127965
3666,0.002570479351286181,0.006504061899411578
3667,0.002568288762074822,0.00650141133217309
3668,0.002566100095410029,0.006498761805060593
3669,0.002563913349438174,0.00649611331772075
3670,0.0025617285223056285,0.006493465869800409
3671,0.002559545612161429,0.006490819460946689
3672,0.0025573646171546116,0.006488174090807042
3673,0.002555185535437765,0.006485529759027508
3674,0.0025530083651652546,0.0064828864652554385
3675,0.0025508331044967747,0.006480244209138734
3676,0.0025486597515929077,0.006477602990323784
3677,0.0025464883046097953,0.0064749628084580825
3678,0.0025443187617169016,0.006472323663189641
3679,0.0025421511210765857,0.006469685554160533
3680,0.0025399853808565354,0.006467048481028404
3681,0.0025378215392350967,0.0064644124434347534
3682,0.0025356595943781812,0.00646177744102799
3683,0.002533499544459694,0.006459143473455768
3684,0.002531341387660646,0.006456510540365622
3685,0.002529185122158495,0.006453878641405751
3686,0.002527030746137804,0.006451247776220907
3687,0.002524878257776031,0.0064486179444639205
3688,0.0025227276552648448,0.006445989145780911
3689,0.0025205789367888087,0.00644336137981923
3690,0.0025184321005395915,0.006440734646227388
3691,0.0025162871447106383,0.006438108944653034
3692,0.0025141440674962823,0.006435484274744427
3693,0.002512002867092633,0.006432860636149944
3694,0.0025098635416966886,0.006430238028517912
3695,0.0025077260895098874,0.006427616451496379
3696,0.0025055905087398855,0.006424995904733766
3697,0.0025034567975863453,0.006422376387879052
3698,0.002501324954258699,0.006419757900580053
3699,0.00249919497697082,0.006417140442485762
3700,0.002497066863926811,0.006414524013230446
3701,0.002494940613345875,0.006411908612490892
3702,0.002492816223441885,0.006409294239902195
3703,0.002490693692435819,0.006406680895112718
3704,0.002488573018545992,0.0064040685777715
3705,0.0024864541999907175,0.006401457287527557
3706,0.002484337235000744,0.006398847024029555
3707,0.0024822221217997154,0.006396237786926957
3708,0.0024801088586183795,0.0063936295758682815
3709,0.0024779974436830443,0.006391022390502949
3710,0.0024758878752297875,0.006388416230480268
3711,0.0024737801514946867,0.006385811095449469
3712,0.0024716742707147077,0.006383206985060046
3713,0.0024695702311268164,0.006380603898960793
3714,0.0024674680309715313,0.006378001836801241
3715,0.0024653676684973647,0.006375400798231384
3716,0.0024632691419421704,0.006372800782900371
3717,0.0024611724495589016,0.00637020179045808
3718,0.0024590775895978467,0.006367603820576058
3719,0.002456984560307518,0.006365006872867982
3720,0.0024548933599408684,0.006362410946989552
3721,0.00245280398675618,0.006359816042598627
3722,0.0024507164390117353,0.006357222159345123
3723,0.0024486307149640396,0.006354629296879306
3724,0.002446546812879369,0.006352037454788618
3725,0.0024444647310177814,0.006349446632804602
3726,0.0024423844676491058,0.0063468568305735
3727,0.002440306021036953,0.006344268047757964
3728,0.0024382293894538165,0.006341680283980848
3729,0.002436154571172189,0.006339093538891921
3730,0.0024340815644672276,0.006336507812141946
3731,0.002432010367613202,0.0063339231033814995
3732,0.002429940978886158,0.006331339412260658
3733,0.002427873396571023,0.006328756738430013
3734,0.0024258076189473954,0.006326175081540285
3735,0.0024237436443002025,0.006323594441242468
3736,0.00242168147091526,0.006321014817143315
3737,0.0024196210970810483,0.00631843620898084
3738,0.0024175625210878238,0.006315858616362285
3739,0.002415505741230284,0.006313282038938585
3740,0.002413450755797797,0.00631070647636086
3741,0.0024113975630912776,0.006308131928280197
3742,0.0024093461614054235,0.006305558394347186
3743,0.0024072965490420373,0.006302985874213567
3744,0.002405248724302922,0.00630041436753007
3745,0.0024032026854916566,0.00629784387394855
3746,0.0024011584309153733,0.006295274393119669
3747,0.0023991159588856448,0.006292705924695267
3748,0.002397075267708715,0.006290138468326805
3749,0.0023950363556961562,0.006287572023665918
3750,0.00239299922116043,0.006285006590363448
3751,0.0023909638624237672,0.006282442168071438
3752,0.002388930277799517,0.006279878756441752
3753,0.0023868984656072456,0.006277316355126204
3754,0.0023848684241745133,0.006274754963776278
3755,0.0023828401518164455,0.006272194582044272
3756,0.0023808136468677077,0.006269635209581265
3757,0.002378788907646978,0.006267076846040498
3758,0.002376765932493363,0.006264519491073033
3759,0.00237474471973087,0.0062619631443315005
3760,0.002372725267695941,0.006259407805467989
3761,0.0023707075747259054,0.006256853473956329
3762,0.002368691639154541,0.006254300149713381
3763,0.0023666774593236184,0.006251747832397313
3764,0.0023646650335749086,0.006249196521568603
3765,0.0023626543602492944,0.00624664621687919
3766,0.002360645437691211,0.006244096917982445
3767,0.0023586382642521997,0.0062415486245306
3768,0.0023566328382775836,0.0062390013361764175
3769,0.002354629158118904,0.006236455052572185
3770,0.0023526272221303657,0.006233909773369881
3771,0.00235062702866351,0.006231365498224999
3772,0.0023486285760778713,0.00622882222678901
3773,0.002346631862728543,0.006226279958600454
3774,0.0023446368869777245,0.006223738693483683
3775,0.0023426436471876144,0.006221198431092274
3776,0.0023406521417230763,0.006218659171022271
3777,0.00233866236895075,0.006216120912926303
3778,0.002336674327232835,0.0062135836564583755
3779,0.0023346880149457405,0.00621104740127108
3780,0.0023327034304596594,0.006208512147018369
3781,0.002330720572147449,0.006205977893353611
3782,0.0023287394383793014,0.006203444639930014
3783,0.002326760027537844,0.006200912386401632
3784,0.002324782338004816,0.006198381132422066
3785,0.0023228063681539624,0.006195850877644519
3786,0.002320832116372351,0.006193321621723251
3787,0.0023188595810443857,0.0061907933643120215
3788,0.002316888760556246,0.006188266105064587
3789,0.0023149196532923355,0.006185739843635293
3790,0.0023129522576477157,0.00618321457967768
3791,0.0023109865720130074,0.006180690312846172
3792,0.002309022594782384,0.006178167042794731
3793,0.0023070603243500187,0.006175644769177705
3794,0.002305099759114526,0.00617312349164938
3795,0.0023031408974754086,0.00617060320986286
3796,0.0023011837378321687,0.006168083923474597
3797,0.002299228278590526,0.006165565632138503
3798,0.0022972745181508714,0.0061630483355090415
3799,0.0022953224549233653,0.006160532033240237
3800,0.0022933720873172803,0.006158016724986733
3801,0.0022914234137401124,0.006155502410404232
3802,0.002289476432606463,0.006152989089146466
3803,0.002287531142325605,0.006150476760868995
3804,0.0022855875413174687,0.0061479654252262345
3805,0.0022836456279966555,0.006145455081873277
3806,0.002281705400783096,0.006142945730465362
3807,0.002279766858100274,0.006140437370657441
3808,0.0022778299983698957,0.006137930002104351
3809,0.0022758948200136686,0.00613542362446198
3810,0.0022739613214595167,0.0061329182373852965
3811,0.0022720295011371405,0.006130413840529481
3812,0.002270099357477129,0.006127910433550328
3813,0.0022681708889056296,0.006125408016102889
3814,0.002266244093861225,0.006122906587842994
3815,0.002264318970779833,0.006120406148426245
3816,0.0022623955180955946,0.006117906697508103
3817,0.002260473734247981,0.006115408234744133
3818,0.0022585536176782384,0.006112910759791056
3819,0.002256635166827614,0.00611041427230382
3820,0.0022547183801400195,0.006107918771938694
3821,0.002252803256061142,0.00610542425835172
3822,0.0022508897930437755,0.006102930731198584
3823,0.002248977989528278,0.006100438190136007
3824,0.002247067843971884,0.006097946634819593
3825,0.0022451593548247217,0.00609545606490583
3826,0.002243252520544914,0.0060929664800510736
3827,0.0022413473395852535,0.00609047787991146
3828,0.0022394438104038628,0.006087990264143788
3829,0.0022375419314624168,0.006085503632404631
3830,0.002235641701220814,0.006083017984349973
3831,0.002233743118142506,0.006080533319636847
3832,0.0022318461806944967,0.006078049637921794
3833,0.002229950887337573,0.006075566938861795
3834,0.0022280572365493967,0.006073085222113247
3835,0.0022261652267889787,0.006070604487333622
3836,0.002224274856538422,0.00606812473417943
3837,0.0022223861242647303,0.006065645962307933
3838,0.0022204990284464543,0.00606316817137606
3839,0.0022186135675585916,0.006060691361040909
3840,0.0022167297400805808,0.0060582155309598755
3841,0.002214847544490972,0.006055740680790012
3842,0.0022129669792771978,0.006053266810189056
3843,0.0022110880429160318,0.0060507939188140965
3844,0.002209210733899347,0.00604832200632268
3845,0.0022073350507074707,0.006045851072372106
3846,0.0022054609918340518,0.006043381116620498
3847,0.002203588555769187,0.006040912138715583
3848,0.002201717741002973,0.006038444138334459
3849,0.002199848546030836,0.006035977115124911
3850,0.002197980969348201,0.00603351106874515
3851,0.0021961150094496062,0.006031045998853051
3852,0.002194250664839359,0.00602858190510679
3853,0.0021923879340146613,0.006026118787164116
3854,0.002190526815476268,0.006023656644683375
3855,0.002188667307729375,0.006021195477322296
3856,0.0021868094092809542,0.006018735284739868
3857,0.0021849531186353133,0.0060162760665937245
3858,0.0021830984343056414,0.00601381782254299
3859,0.002181245354798911,0.006011360552245413
3860,0.002179393878629199,0.006008904255359961
3861,0.002177544004308807,0.0060064489315447556
3862,0.0021756957303535884,0.006003994580459162
3863,0.0021738490552793976,0.00600154120176111
3864,0.0021720039776074174,0.005999088795109818
3865,0.0021701604958588305,0.005996637360164564
3866,0.0021683186085512673,0.005994186896583174
3867,0.00216647831421124,0.005991737404025418
3868,0.0021646396113634836,0.0059892888821502475
3869,0.002162802498536287,0.005986841330616454
3870,0.002160966974256162,0.005984394749083539
3871,0.00215913303705495,0.00598194913721074
3872,0.0021573006854627153,0.005979504494657329
3873,0.0021554699180148518,0.005977060821082215
3874,0.0021536407332440888,0.005974618116145615
3875,0.0021518131296884846,0.005972176379506686
3876,0.002149987105887874,0.005969735610824853
3877,0.0021481626603785386,0.005967295809760114
3878,0.0021463397917038662,0.005964856975971662
3879,0.002144518498406356,0.005962419109119779
3880,0.002142698779030283,0.005959982208863811
3881,0.0021408806321252527,0.005957546274864285
3882,0.00213906405623554,0.005955111306781068
3883,0.0021372490499089736,0.005952677304273485
3884,0.0021354356117040396,0.005950244267002518
3885,0.0021336237401632374,0.005947812194627779
3886,0.0021318134338503825,0.00594538108680993
3887,0.0021300046913168558,0.005942950943208864
3888,0.0021281975111202556,0.005940521763485172
3889,0.0021263918918164038,0.005938093547299291
3890,0.002124587831970892,0.005935666294311963
3891,0.00212278533014576,0.005933240004183302
3892,0.00212098438490127,0.0059308146765743065
3893,0.0021191849948047903,0.0059283903111454345
3894,0.002117387158423689,0.005925966907557579
3895,0.0021155908743226703,0.005923544465471588
3896,0.002113796141078872,0.005921122984548267
3897,0.0021120029572561094,0.005918702464448932
3898,0.002110211321431521,0.005916282904834556
3899,0.0021084212321795803,0.00591386430536632
3900,0.0021066326880765374,0.005911446665705197
3901,0.0021048456876995303,0.005909029985512335
3902,0.002103060229628362,0.005906614264449231
3903,0.002101276312443723,0.005904199502177063
3904,0.002099493934725416,0.005901785698356948
3905,0.002097713095062126,0.005899372852651668
3906,0.0020959337920363197,0.005896960964722104
3907,0.00209415602423757,0.005894550034229701
3908,0.002092379790251009,0.005892140060836319
3909,0.002090605088667985,0.005889731044204195
3910,0.002088831918082512,0.005887322983994428
3911,0.0020870602770832747,0.005884915879869536
3912,0.002085290164267839,0.00588250973149123
3913,0.0020835215782355476,0.005880104538521575
3914,0.0020817545175768615,0.005877700300622915
3915,0.0020799889808973404,0.0058752970174574155
3916,0.002078224966795439,0.005872894688687083
3917,0.0020764624738713877,0.005870493313974483
3918,0.002074701500732523,0.005868092892982464
3919,0.0020729420459817405,0.005865693425372506
3920,0.002071184108226376,0.005863294910807736
3921,0.0020694276860755423,0.005860897348951004
3922,0.002067672778138352,0.005858500739464381
3923,0.0020659193830283584,0.005856105082011023
3924,0.0020641674993564507,0.005853710376253721
3925,0.0020624171257361823,0.005851316621855184
3926,0.002060668260781995,0.005848923818478551
3927,0.0020589209031172118,0.005846531965786862
3928,0.0020571750513553866,0.005844141063443043
3929,0.0020554307041180664,0.005841751111110235
3930,0.002053687860030351,0.005839362108452199
3931,0.002051946517706682,0.0058369740551271684
3932,0.0020502066757837056,0.00583458695080755
3933,0.002048468332878528,0.005832200795152644
3934,0.0020467314876233544,0.005829815587825436
3935,0.002044996138644173,0.005827431328489983
3936,0.002043262284575853,0.005825048016809619
3937,0.002041529924049712,0.005822665652446872
3938,0.0020397990556997314,0.005820284235068383
3939,0.0020380696781527874,0.005817903764336222
3940,0.0020363417900579606,0.005815524239913321
3941,0.002034615390042127,0.005813145661466422
3942,0.0020328904767525913,0.005810768028657862
3943,0.0020311670488286637,0.005808391341147856
3944,0.0020294451049105433,0.005806015598608657
3945,0.0020277246436455343,0.005803640800700997
3946,0.0020260056636747237,0.005801266947088563
3947,0.002024288163646304,0.005798894037436175
3948,0.002022572142210244,0.005796522071408017
3949,0.002020857598015624,0.0057941510486692535
3950,0.002019144529711525,0.0057917809688837925
3951,0.0020174329359550214,0.005789411831716534
3952,0.002015722815393417,0.005787043636832228
3953,0.002014014166688227,0.005784676383895963
3954,0.0020123069884938616,0.005782310072572093
3955,0.0020106012794673944,0.005779944702526085
3956,0.002008897038270341,0.005777580273417383
3957,0.0020071942635624396,0.00577521678491635
3958,0.0020054929540096467,0.005772854236694238
3959,0.002003793108271701,0.005770492628410048
3960,0.0020020947250172227,0.005768131959729559
3961,0.002000397802910392,0.00576577223031818
3962,0.0019987023406224935,0.0057634134398410405
3963,0.0019970083368203717,0.005761055587964119
3964,0.0019953157901753116,0.005758698674352549
3965,0.001993624699363039,0.005756342698672503
3966,0.0019919350630566157,0.005753987660589103
3967,0.001990246879929103,0.005751633559768765
3968,0.001988560148658003,0.005749280395869416
3969,0.001986874867920818,0.005746928168566957
3970,0.001985191036401268,0.005744576877530435
3971,0.0019835086527741908,0.0057422265224204745
3972,0.0019818277157241937,0.0057398771029036795
3973,0.0019801482239385493,0.005737528618645911
3974,0.0019784701760974244,0.005735181069313519
3975,0.001976793570890756,0.005732834454573028
3976,0.0019751184070075922,0.00573048877409087
3977,0.0019734446831316532,0.0057281440275334
3978,0.0019717723979582047,0.005725800214567339
3979,0.001970101550179848,0.00572345733485928
3980,0.001968432138487408,0.005721115388076098
3981,0.0019667641615770393,0.005718774373884555
3982,0.0019650976181448954,0.005716434291951164
3983,0.0019634325068880187,0.005714095141942925
3984,0.0019617688265078925,0.005711756923527517
3985,0.0019601065756997826,0.005709419636371331
3986,0.001958445753168725,0.00570708328014196
3987,0.00195678635762242,0.005704747854506271
3988,0.001955128387759686,0.005702413359131579
3989,0.001953471842286447,0.0057000797936859575
3990,0.0019518167199086278,0.005697747157835772
3991,0.0019501630193410335,0.005695415451249079
3992,0.0019485107392869239,0.005693084673593637
3993,0.0019468598784619928,0.005690754824536726
3994,0.0019452104355757172,0.005688425903746318
3995,0.0019435624093464554,0.005686097910890194
3996,0.0019419157984863489,0.005683770845636121
3997,0.0019402706017110916,0.005681444707652052
3998,0.0019386268177408184,0.005679119496605874
3999,0.0019369844452956642,0.005676795212165849
4000,0.0019353434830948757,0.0056744718540003986
4001,0.0019337039298621406,0.005672149421777208
4002,0.0019320657843175937,0.005669827915164901
4003,0.0019304290451875872,0.005667507333831954
4004,0.0019287937112011377,0.005665187677446379
4005,0.0019271597810845975,0.0056628689456772845
4006,0.0019255272535625423,0.005660551138192391
4007,0.0019238961273684296,0.00565823425466128
4008,0.0019222664012374935,0.00565591829475209
4009,0.0019206380738951978,0.005653603258133907
4010,0.0019190111440776647,0.005651289144475276
4011,0.0019173856105254572,0.005648975953445816
4012,0.0019157614719684801,0.005646663684713851
4013,0.0019141387271481847,0.005644352337948865
4014,0.001912517374806022,0.00564204191281965
4015,0.0019108974136790025,0.005639732408996009
4016,0.0019092788425112417,0.005637423826146664
4017,0.0019076616600468554,0.005635116163941373
4018,0.0019060458650246304,0.005632809422014707
4019,0.0019044314561993403,0.005630503600008836
4020,0.0019028184323115482,0.0056281986977525685
4021,0.001901206792116028,0.005625894714818492
4022,0.001899596534354231,0.005623591650874213
4023,0.0018979876577844834,0.0056212895055935165
4024,0.0018963801611580067,0.005618988278644207
4025,0.0018947740432242455,0.0056166879696965405
4026,0.001893169302744191,0.005614388578420441
4027,0.0018915659384717287,0.00561209010448583
4028,0.0018899639491616327,0.005609792547563476
4029,0.0018883633335793348,0.005607495907323488
4030,0.0018867640904778327,0.0056052001834355075
4031,0.0018851662186243345,0.005602905375570597
4032,0.0018835697167807197,0.00560061148339824
4033,0.0018819745837079793,0.005598318506590625
4034,0.001880380818175098,0.0055960264448173536
4035,0.001878788418947508,0.00559373529774871
4036,0.001877197384790641,0.0055914450650565405
4037,0.0018756077144761463,0.005589155746411275
4038,0.0018740194067765614,0.005586867341483847
4039,0.001872432460460871,0.005584579849944513
4040,0.0018708468743042772,0.005582293271465519
4041,0.0018692626470793172,0.005580007605717158
4042,0.001867679777561193,0.005577722852370664
4043,0.001866098264525995,0.005575439011097631
4044,0.0018645181067560301,0.0055731560815691986
4045,0.0018629393030265007,0.005570874063456851
4046,0.0018613618521206021,0.005568592956432181
4047,0.0018597857528206418,0.005566312760166482
4048,0.0018582110039053745,0.005564033474331622
4049,0.0018566376041659893,0.00556175509859929
4050,0.0018550655523839055,0.005559477632641249
4051,0.0018534948473458712,0.005557201076129309
4052,0.0018519254878404112,0.00555492542873557
4053,0.001850357472660491,0.005552650690131708
4054,0.0018487908005910825,0.005550376859990172
4055,0.001847225470429592,0.00554810393798303
4056,0.001845661480962768,0.005545831923782031
4057,0.001844098830993346,0.005543560817060214
4058,0.0018425375193107385,0.00554129061748955
4059,0.0018409775447132404,0.0055390213247425366
4060,0.0018394189060026989,0.005536752938491724
4061,0.0018378616019720795,0.005534485458409687
4062,0.0018363056314267823,0.005532218884169
4063,0.0018347509931642136,0.005529953215443015
4064,0.0018331976859942145,0.005527688451903812
4065,0.0018316457087159677,0.005525424593224443
4066,0.0018300950601375376,0.005523161639077949
4067,0.0018285457390634363,0.005520899589137592
4068,0.0018269977443035046,0.005518638443076127
4069,0.001825451074665807,0.005516378200566958
4070,0.0018239057289601845,0.0055141188612834735
4071,0.001822361706000919,0.005511860424898745
4072,0.0018208190046005157,0.00550960289108629
4073,0.001819277623570592,0.005507346259510538
4074,0.0018177375617272062,0.005505090529862963
4075,0.001816198817889969,0.00550283570180856
4076,0.0018146613908731624,0.005500581775020656
4077,0.001813125279496397,0.005498328749173546
4078,0.001811590482580172,0.005496076623940464
4079,0.0018100569989458748,0.005493825398992288
4080,0.0018085248274166688,0.005491575074009807
4081,0.0018069939668166057,0.005489325648663539
4082,0.0018054644159679611,0.005487077122627953
4083,0.0018039361737001158,0.005484829495576979
4084,0.001802409238838898,0.005482582767185013
4085,0.0018008836102145764,0.005480336937126594
4086,0.001799359286655644,0.00547809200507263
4087,0.0017978362669897052,0.005475847970704349
4088,0.0017963145500541344,0.005473604833693357
4089,0.0017947941346818652,0.0054713625937138875
4090,0.0017932750197040548,0.005469121250440561
4091,0.0017917572039607421,0.00546688080354903
4092,0.001790240686281308,0.005464641252713429
4093,0.001788725465512897,0.005462402597608773
4094,0.001787211540490219,0.005460164837910515
4095,0.001785698910054201,0.0054579279732935825
4096,0.0017841875730457701,0.005455692003432964
4097,0.001782677528312071,0.005453456928004485
4098,0.00178116877468959,0.005451222746683457
4099,0.001779661311029912,0.005448989459144966
4100,0.0017781551361757408,0.005446757065064575
4101,0.0017766502489768854,0.005444525564117959
4102,0.0017751466482813782,0.0054422949559806665
4103,0.0017736443329381402,0.0054400652403270786
4104,0.001772143301796092,0.005437836416835904
4105,0.0017706435537148124,0.005435608485181528
4106,0.001769145087541446,0.005433381445039874
4107,0.0017676479021329072,0.005431155296086947
4108,0.001766151996339893,0.005428930037999217
4109,0.0017646573690264233,0.005426705670452319
4110,0.0017631640190458597,0.005424482193122686
4111,0.0017616719452631102,0.005422259605687062
4112,0.0017601811465315365,0.005420037907821321
4113,0.0017586916217151582,0.0054178170992025855
4114,0.0017572033696753309,0.00541559717950665
4115,0.0017557163892814032,0.00541337814841069
4116,0.0017542306793902895,0.005411160005591109
4117,0.0017527462388740034,0.005408942750724857
4118,0.0017512630665965645,0.005406726383488887
4119,0.0017497811614299863,0.005404510903559798
4120,0.0017483005222382886,0.005402296310615003
4121,0.0017468211478979256,0.005400082604331596
4122,0.0017453430372746936,0.005397869784386462
4123,0.001743866189245935,0.005395657850456852
4124,0.0017423906026845515,0.005393446802220488
4125,0.0017409162764652208,0.005391236639354306
4126,0.0017394432094643975,0.005389027361536177
4127,0.0017379714005612001,0.005386818968443067
4128,0.0017365008486294187,0.005384611459753233
4129,0.0017350315525552773,0.005382404835143996
4130,0.0017335635112152303,0.005380199094293339
4131,0.0017320967234910611,0.005377994236879225
4132,0.0017306311882707703,0.005375790262579078
4133,0.0017291669044308122,0.00537358717107125
4134,0.0017277038708636283,0.005371384962033987
4135,0.001726242086451002,0.00536918363514504
4136,0.0017247815500835983,0.0053669831900833645
4137,0.0017233222606485299,0.005364783626526079
4138,0.0017218642170346854,0.005362584944152805
4139,0.0017204074181362827,0.005360387142641421
4140,0.0017189518628413225,0.005358190221670257
4141,0.0017174975500440226,0.005355994180918231
4142,0.0017160444786412654,0.005353799020064016
4143,0.0017145926475254925,0.005351604738786597
4144,0.0017131420555962507,0.005349411336764556
4145,0.0017116927017504224,0.00534721881367671
4146,0.001710244584878673,0.00534502716920204
4147,0.0017087977038929836,0.005342836403020069
4148,0.0017073520576884604,0.005340646514809557
4149,0.0017059076451664268,0.005338457504249862
4150,0.0017044644652317587,0.005336269371020361
4151,0.0017030225167875557,0.005334082114800121
4152,0.0017015817987369175,0.005331895735269258
4153,0.001700142309993602,0.0053297102321064535
4154,0.0016987040494562677,0.005327525604992351
4155,0.0016972670160368963,0.005325341853605635
4156,0.0016958312086492455,0.0053231589776266165
4157,0.0016943966261973031,0.005320976976734872
4158,0.0016929632675992679,0.005318795850610871
4159,0.0016915311317609039,0.005316615598933833
4160,0.0016901002176021862,0.005314436221384292
4161,0.0016886705240377609,0.005312257717642321
4162,0.0016872420499804974,0.0053100800873883205
4163,0.0016858147943485946,0.005307903330302129
4164,0.0016843887560638038,0.005305727446065025
4165,0.0016829639340398828,0.005303552434356342
4166,0.001681540327203912,0.0053013782948413204
4167,0.0016801179344696493,0.005299205027232665
4168,0.0016786967547641751,0.005297032631194638
4169,0.0016772767870136818,0.00529486110640812
4170,0.001675858030137256,0.005292690452553983
4171,0.0016744404830664195,0.005290520669313497
4172,0.0016730241447229233,0.005288351756367344
4173,0.0016716090140382889,0.005286183713396838
4174,0.001670195089940485,0.005284016540072298
4175,0.0016687823713601446,0.005281850236096251
4176,0.0016673708572261248,0.005279684801139238
4177,0.001665960546471723,0.005277520234882711
4178,0.0016645514380320137,0.005275356537008377
4179,0.001663143530839406,0.0052731937071976084
4180,0.0016617368238298624,0.005271031745131768
4181,0.001660331315943786,0.0052688706504934076
4182,0.0016589270061109218,0.005266710422963339
4183,0.001657523893277002,0.005264551062223906
4184,0.0016561219763753243,0.0052623925679508715
4185,0.001654721254351621,0.005260234939838633
4186,0.0016533217261462951,0.005258078177562773
4187,0.0016519233906988617,0.005255922280805535
4188,0.0016505262469586057,0.005253767249249738
4189,0.0016491302938677066,0.0052516130825769475
4190,0.001647735530369232,0.005249459780469853
4191,0.0016463419554142433,0.005247307342611043
4192,0.001644949567950249,0.005245155768683025
4193,0.0016435583669229814,0.005243005058368427
4194,0.0016421683512861662,0.005240855211351057
4195,0.001640779519991753,0.005238706227312165
4196,0.0016393918719872502,0.005236558105934312
4197,0.0016380054062290483,0.0052344108469013564
4198,0.0016366201216708731,0.005232264449895989
4199,0.0016352360172708913,0.005230118914601716
4200,0.0016338530919766114,0.005227974240701271
4201,0.0016324713447524175,0.005225830427878185
4202,0.0016310907745591408,0.005223687475816065
4203,0.0016297113803469543,0.005221545384197595
4204,0.001628333161084683,0.005219404152920541
4205,0.0016269561157304935,0.005217263781302394
4206,0.0016255802432469935,0.005215124269116699
4207,0.001624205542599455,0.005212985616127774
4208,0.0016228320127495977,0.00521084782200126
4209,0.0016214596526618053,0.005208710886401985
4210,0.0016200884613049027,0.005206574809058749
4211,0.0016187184376468267,0.005204439589604291
4212,0.001617349580656402,0.005202305227750122
4213,0.0016159818893006772,0.005200171723177074
4214,0.001614615362552918,0.005198039075570357
4215,0.0016132499993810612,0.0051959072846144636
4216,0.0016118857987610369,0.00519377634999468
4217,0.0016105227596687754,0.005191646271395421
4218,0.0016091608810722136,0.0051895170485008815
4219,0.0016078001619508342,0.005187388680995563
4220,0.0016064406012814558,0.005185261168564419
4221,0.0016050821980400087,0.0051831345108924246
4222,0.0016037249512086404,0.005181008707664143
4223,0.0016023688597606167,0.005178883758565192
4224,0.0016010139226834141,0.0051767596632799305
4225,0.0015996601389547394,0.005174636421493857
4226,0.0015983075075594044,0.0051725140328919665
4227,0.0015969560274768924,0.005170392497159899
4228,0.0015956056976973443,0.005168271813982897
4229,0.0015942565172020196,0.005166151983046267
4230,0.0015929084849801711,0.005164033004035697
4231,0.0015915616000192756,0.005161914876636933
4232,0.0015902158613068096,0.005159797600535181
4233,0.001588871267832026,0.005157681175417053
4234,0.0015875278185868424,0.0051555656009676445
4235,0.0015861855125631763,0.0051534508768728456
4236,0.0015848443487502806,0.005151337002819716
4237,0.001583504326141849,0.005149223978493132
4238,0.001582165443737793,0.005147111802780036
4239,0.001580827700531806,0.0051450004770385305
4240,0.001579491095516694,0.0051428899961019105
4241,0.0015781556276941444,0.005140780367566416
4242,0.001576821296057851,0.005138671587206219
4243,0.0015754880996121656,0.00513656365470512
4244,0.0015741560373552232,0.005134456569685825
4245,0.0015728251082860467,0.005132350331884732
4246,0.0015714953114125407,0.0051302449409891815
4247,0.0015701666457319519,0.005128140396685885
4248,0.001568839110253073,0.00512603669866217
4249,0.0015675127039775916,0.005123933846604683
4250,0.0015661874259143005,0.00512183184020042
4251,0.0015648632750702163,0.005119730679137124
4252,0.0015635402504514673,0.0051176303631018105
4253,0.001562218351069511,0.0051155308917816555
4254,0.0015608975759322519,0.0051134322648642636
4255,0.0015595779240538121,0.005111334482037301
4256,0.0015582593944438727,0.005109237542988081
4257,0.0015569419861156675,0.005107141447404439
4258,0.0015556256980824301,0.005105046194974417
4259,0.001554310529360059,0.005102951785385182
4260,0.0015529964789644524,0.0051008582183250835
4261,0.0015516835459106204,0.005098765493482229
4262,0.0015503717292197905,0.005096673610544392
4263,0.0015490610279096373,0.005094582569200021
4264,0.0015477514409987236,0.005092492369137138
4265,0.0015464429675047242,0.00509040301004423
4266,0.0015451356064550836,0.005088314491609493
4267,0.001543829356869253,0.005086226813521499
4268,0.0015425242177666831,0.005084139975468884
4269,0.0015412201881837007,0.005082053977140389
4270,0.001539917267132651,0.005079968818224437
4271,0.00153861545364542,0.005077884498409846
4272,0.0015373147467512283,0.005075801017385657
4273,0.0015360151454739679,0.005073718374883032
4274,0.0015347166488455244,0.00507163657050658
4275,0.0015334192558942306,0.005069555603987436
4276,0.00153212296565286,0.005067475475033289
4277,0.0015308277771515222,0.005065396183297016
4278,0.0015295336894247669,0.005063317728485863
4279,0.001528240701506256,0.005061240110289338
4280,0.0015269488124278752,0.005059163328397051
4281,0.0015256580212312798,0.005057087382498569
4282,0.001524368326945691,0.0050550122722838355
4283,0.0015230797286136522,0.005052937997442587
4284,0.0015217922252723781,0.005050864557664018
4285,0.0015205058159599716,0.005048791952638843
4286,0.0015192204997189762,0.005046720182056576
4287,0.0015179362755901593,0.005044649245607696
4288,0.0015166531426134,0.005042579142981868
4289,0.0015153710998339065,0.005040509873869614
4290,0.0015140901462951106,0.005038441437961155
4291,0.0015128102810422206,0.005036373834946942
4292,0.0015115315031204446,0.005034307064515915
4293,0.0015102538115767672,0.005032241126361955
4294,0.0015089772054608375,0.005030176020174047
4295,0.0015077016838178636,0.005028111745642352
4296,0.0015064272456992711,0.0050260483024582615
4297,0.0015051538901564854,0.005023985690312632
4298,0.0015038816162382673,0.0050219239088961885
4299,0.001502610422998707,0.005019862957900412
4300,0.0015013403094901179,0.005017802837015983
4301,0.0015000712747692546,0.005015743545934148
4302,0.00149880331788399,0.005013685084346527
4303,0.0014975364379008482,0.005011627451943935
4304,0.0014962706338677023,0.005009570648418071
4305,0.001495005904843083,0.0050075146734611005
4306,0.0014937422498908504,0.005005459526763647
4307,0.0014924796680677588,0.005003405208017897
4308,0.0014912181584350037,0.005001351716915445
4309,0.0014899577200502279,0.004999299053148627
4310,0.0014886983519808439,0.004997247216408523
4311,0.0014874400532853826,0.0049951962063876434
4312,0.0014861828230294805,0.004993146022778363
4313,0.0014849266602832145,0.0049910966652724105
4314,0.0014836715641033393,0.004989048133562001
4315,0.0014824175335634848,0.00498700042733978
4316,0.001481164567728399,0.00498495354629825
4317,0.0014799126656672712,0.004982907490129366
4318,0.001478661826448402,0.004980862258526217
4319,0.0014774120491427567,0.004978817851181046
4320,0.0014761633328239654,0.004976774267786973
4321,0.0014749156765603288,0.00497473150803664
4322,0.0014736690794245888,0.004972689571623251
4323,0.0014724235404939279,0.004970648458239163
4324,0.0014711790588428642,0.004968608167577739
4325,0.0014699356335450275,0.004966568699332343
4326,0.0014686932636767125,0.004964530053195939
4327,0.0014674519483159898,0.004962492228862213
4328,0.0014662116865427066,0.004960455226024049
4329,0.0014649724774322692,0.004958419044375183
4330,0.0014637343200680775,0.0049563836836090495
4331,0.0014624972135299785,0.004954349143419707
4332,0.001461261156899596,0.0049523154235002476
4333,0.0014600261492621058,0.004950282523540787
4334,0.0014587921896964673,0.004948250443243079
4335,0.0014575592772887447,0.004946219182297474
4336,0.0014563274111250024,0.004944188740395775
4337,0.0014550965902930812,0.004942159117235657
4338,0.001453866813876381,0.004940130312509807
4339,0.0014526380809636308,0.004938102325911457
4340,0.0014514103906453357,0.00493607515713668
4341,0.0014501837420093366,0.00493404880587936
4342,0.001448958134151468,0.004932023271833751
4343,0.0014477335661542412,0.004929998554694379
4344,0.0014465100371152673,0.004927974654156106
4345,0.001445287546128604,0.004925951569913021
4346,0.0014440660922829807,0.004923929301661134
4347,0.0014428456746804486,0.0049219078490949225
4348,0.0014416262924124013,0.004919887211908246
4349,0.001440407944573785,0.004917867389797947
4350,0.0014391906302622104,0.004915848382458964
4351,0.0014379743485806173,0.0049138301895863025
4352,0.0014367590986248402,0.0049118128108755
4353,0.0014355448794969305,0.004909796246021409
4354,0.0014343316902909464,0.004907780494718864
4355,0.0014331195301178212,0.004905765556665276
4356,0.001431908398076942,0.004903751431555206
4357,0.001430698293267696,0.004901738119084571
4358,0.0014294892148001281,0.004899725618949247
4359,0.001428281161774514,0.004897713930845406
4360,0.001427074133298234,0.0048957030544684865
4361,0.0014258681284804453,0.0048936929895150375
4362,0.0014246631464276405,0.004891683735680798
4363,0.0014234591862454238,0.004889675292662321
4364,0.0014222562470491695,0.0048876676601559005
4365,0.0014210543279418175,0.004885660837857714
4366,0.0014198534280378539,0.004883654825464233
4367,0.0014186535464517647,0.0048816496226724015
4368,0.0014174546822918188,0.004879645229178799
4369,0.0014162568346742788,0.004877641644680054
4370,0.001415060002710966,0.0048756388688726005
4371,0.0014138641855190315,0.004873636901454127
4372,0.0014126693822156255,0.004871635742120729
4373,0.0014114755919152344,0.004869635390570261
4374,0.0014102828137376733,0.0048676358464994594
4375,0.0014090910468018691,0.004865637109605341
4376,0.0014079002902223081,0.00486363917958561
4377,0.0014067105431241345,0.004861642056137556
4378,0.0014055218046271634,0.004859645738958456
4379,0.0014043340738529864,0.004857650227746053
4380,0.0014031473499267477,0.0048556555221978305
4381,0.0014019616319664863,0.00485366162201166
4382,0.001400776919100899,0.004851668526885667
4383,0.001399593210454242,0.004849676236516991
4384,0.0013984105051534357,0.004847684750603917
4385,0.0013972288023227364,0.00484569406884423
4386,0.0013960481010926173,0.004843704190937079
4387,0.001394868400589111,0.004841715116579156
4388,0.0013936896999435788,0.004839726845469967
4389,0.0013925119982882705,0.004837739377307394
4390,0.0013913352947474422,0.0048357527117899556
4391,0.0013901595884568962,0.004833766848616111
4392,0.0013889848785515468,0.004831781787484567
4393,0.001387811164160091,0.004829797528094027
4394,0.0013866384444201074,0.004827814070143162
4395,0.0013854667184656222,0.004825831413331021
4396,0.0013842959854324377,0.004823849557356454
4397,0.0013831262444572445,0.004821868501918274
4398,0.0013819574946776214,0.004819888246716066
4399,0.0013807897352311471,0.0048179087914486385
4400,0.0013796229652598413,0.004815930135815678
4401,0.0013784571838995063,0.004813952279515851
4402,0.0013772923902939382,0.004811975222249441
4403,0.0013761285835824921,0.004809998963715357
4404,0.0013749657629080758,0.004808023503613295
4405,0.0013738039274162617,0.004806048841643155
4406,0.0013726430762490693,0.00480407497750451
4407,0.0013714832085502948,0.004802101910897302
4408,0.0013703243234672868,0.004800129641521357
4409,0.0013691664201456177,0.004798158169077259
4410,0.0013680094977326362,0.004796187493264287
4411,0.001366853555375691,0.004794217613782972
4412,0.0013656985922230191,0.004792248530334033
4413,0.0013645446074290746,0.004790280242617018
4414,0.0013633916001385415,0.004788312750332532
4415,0.0013622395695040979,0.00478634605318165
4416,0.0013610885146775331,0.004784380150864555
4417,0.001359938434811525,0.0047824150430821576
4418,0.0013587893290640807,0.004780450729534851
4419,0.0013576411965825486,0.004778487209923545
4420,0.0013564940365258238,0.00477652448394944
4421,0.001355347848051025,0.00477456255131339
4422,0.0013542026303117183,0.0047726014117163845
4423,0.0013530583824667985,0.0047706410648598735
4424,0.0013519151036742727,0.00476868151044486
4425,0.0013507727930974767,0.004766722748173111
4426,0.0013496314498882,0.004764764777745442
4427,0.0013484910732142197,0.004762807598863848
4428,0.0013473516622335424,0.004760851211229402
4429,0.0013462132161095042,0.004758895614544328
4430,0.0013450757340036645,0.004756940808510128
4431,0.0013439392150802476,0.004754986792828639
4432,0.0013428036585043657,0.004753033567201675
4433,0.0013416690634437956,0.004751081131331693
4434,0.001340535429060985,0.0047491294849199665
4435,0.0013394027545254872,0.004747178627669768
4436,0.0013382710390015262,0.004745228559282291
4437,0.0013371402816595435,0.004743279279460621
4438,0.0013360104816708684,0.004741330787906575
4439,0.0013348816382050543,0.004739383084323125
4440,0.0013337537504325425,0.00473743616841249
4441,0.0013326268175202216,0.0047354900398777836
4442,0.0013315008386456384,0.004733544698421459
4443,0.0013303758129818988,0.004731600143746271
4444,0.0013292517397012205,0.004729656375555356
4445,0.0013281286179767093,0.0047277133935515955
4446,0.0013270064469876885,0.0047257711974381285
4447,0.0013258852259090403,0.004723829786918109
4448,0.0013247649539147588,0.004721889161694966
4449,0.001323645630188608,0.004719949321471267
4450,0.0013225272539036936,0.0047180102659511725
4451,0.0013214098242411154,0.004716071994838179
4452,0.0013202933403819728,0.00471413450783582
4453,0.0013191778015029243,0.004712197804647437
4454,0.0013180632067903986,0.0047102618849769184
4455,0.001316949555425495,0.004708326748528547
4456,0.001315836846592866,0.004706392395005466
4457,0.0013147250794718346,0.004704458824112138
4458,0.0013136142532479411,0.00470252603555257
4459,0.0013125043671093906,0.004700594029030891
4460,0.0013113954202426115,0.004698662804251498
4461,0.001310287411832256,0.00469673236091837
4462,0.0013091803410665293,0.004694802698736195
4463,0.0013080742071345242,0.0046928738174095395
4464,0.0013069690092235575,0.004690945716642865
4465,0.0013058647465271633,0.004689018396140599
4466,0.0013047614182317702,0.004687091855607884
4467,0.0013036590235318002,0.004685166094749383
4468,0.0013025575616172347,0.004683241113269603
4469,0.0013014570316842722,0.004681316910874481
4470,0.0013003574329211176,0.004679393487268448
4471,0.0012992587645301867,0.004677470842156556
4472,0.0012981610256979081,0.004675548975244453
4473,0.0012970642156249212,0.004673627886237382
4474,0.001295968333509201,0.004671707574840825
4475,0.0012948733785442812,0.004669788040759779
4476,0.001293779349929025,0.004667869283700221
4477,0.0012926862468658484,0.004665951303367881
4478,0.001291594068551838,0.004664034099468122
4479,0.0012905028141867447,0.00466211767170726
4480,0.0012894124829720965,0.004660202019791063
4481,0.0012883230741111973,0.004658287143425137
4482,0.0012872345868064627,0.004656373042316354
4483,0.0012861470202611969,0.0046544597161700466
4484,0.0012850603736742627,0.004652547164693044
4485,0.0012839746462587343,0.004650635387591362
4486,0.001282889837216139,0.0046487243845712845
4487,0.0012818059457488928,0.004646814155339615
4488,0.0012807229710736223,0.0046449046996030335
4489,0.0012796409123891905,0.004642996017067972
4490,0.0012785597689086714,0.004641088107441297
4491,0.0012774795398398098,0.004639180970429476
4492,0.0012764002243894623,0.004637274605739858
4493,0.0012753218217778084,0.00463536901307943
4494,0.0012742443312090401,0.0046334641921551845
4495,0.0012731677518900142,0.004631560142674254
4496,0.0012720920830453508,0.0046296568643438285
4497,0.0012710173238819067,0.004627754356871388
4498,0.0012699434736171966,0.004625852619964212
4499,0.0012688705314607418,0.00462395165331474
4500,0.001267798496634498,0.004622051456659431
4501,0.0012667273683533153,0.004620152029693458
4502,0.001265657145831156,0.004618253372123363
4503,0.0012645878282881995,0.004616355483657141
4504,0.001263519414944625,0.004614458364002254
4505,0.0012624519050179472,0.004612562012867277
4506,0.001261385297729234,0.0046106664299603375
4507,0.0012603195923004407,0.004608771614988495
4508,0.001259254787947306,0.0046068775676611565
4509,0.0012581908838980027,0.0046049842876859405
4510,0.001257127879376263,0.004603091774771962
4511,0.001256065773601378,0.004601200028627135
4512,0.001255004565797968,0.0045993090489604704
4513,0.0012539442551950941,0.00459741883548016
4514,0.0012528848410164883,0.004595529387895456
4515,0.0012518263224894355,0.004593640705840927
4516,0.0012507686988376676,0.004591752789173627
4517,0.0012497119692929104,0.004589865637528768
4518,0.001248656133084225,0.004587979250274286
4519,0.001247601189438008,0.004586093627801019
4520,0.0012465471375877613,0.004584208769482744
4521,0.0012454939767625461,0.00458232467501828
4522,0.0012444417061932,0.004580441344122121
4523,0.0012433903251105605,0.0045785587765041005
4524,0.0012423398327525703,0.004576676971873753
4525,0.001241290228350067,0.00457479592993363
4526,0.0012402415111356646,0.004572915650407749
4527,0.0012391936803464176,0.004571036132998561
4528,0.0012381467352176045,0.004569157377416401
4529,0.0012371006749853919,0.004567279383370801
4530,0.0012360554988886108,0.004565402150572384
4531,0.001235011206164316,0.004563525678731108
4532,0.001233967796048674,0.004561649967385159
4533,0.0012329252677831803,0.00455977501638179
4534,0.0012318836206093309,0.004557900825673436
4535,0.0012308428537641802,0.004556027394764121
4536,0.0012298029664910004,0.004554154723364262
4537,0.0012287639580303988,0.0045522828111845826
4538,0.001227725827628312,0.004550411657928119
4539,0.0012266885745271239,0.004548541263314585
4540,0.0012256521979665536,0.004546671627059715
4541,0.001224616697199643,0.004544802748868329
4542,0.001223582071463447,0.004542934628451907
4543,0.0012225483200083431,0.004541067265521073
4544,0.0012215154420847085,0.004539200659788016
4545,0.001220483436934039,0.004537334810963297
4546,0.0012194523038040472,0.004535469718758293
4547,0.00121842204195044,0.004533605382885383
4548,0.0012173926506182653,0.004531741803055132
4549,0.0012163641290596772,0.0045298789789791
4550,0.0012153364765215002,0.004528016910370376
4551,0.0012143096922603291,0.004526155596940366
4552,0.0012132837755274295,0.004524295038400607
4553,0.0012122587255740669,0.004522435234457091
4554,0.0012112345416559478,0.004520576184834743
4555,0.0012102112230278905,0.004518717889238941
4556,0.0012091887689447134,0.0045168603473823565
4557,0.0012081671786559056,0.004515003558976931
4558,0.0012071464514304964,0.004513147523724646
4559,0.001206126586513534,0.004511292241359727
4560,0.0012051075831722713,0.004509437711584088
4561,0.0012040894406579739,0.004507583934110149
4562,0.0012030721582334536,0.004505730908650987
4563,0.0012020557351615224,0.004503878634919075
4564,0.0012010401706961105,0.004502027112627621
4565,0.001200025464101806,0.004500176341489921
4566,0.001199011614641421,0.004498326321218691
4567,0.0011979986215759908,0.004496477051527288
4568,0.001196986484170104,0.004494628532116934
4569,0.0011959752016874603,0.004492780762725253
4570,0.0011949647733899837,0.004490933743053458
4571,0.0011939551985484798,0.004489087472815234
4572,0.001192946476424872,0.004487241951724098
4573,0.0011919386062828607,0.0044853971794940155
4574,0.001190931587396804,0.004483553155838576
4575,0.0011899254190339548,0.0044817098804715225
4576,0.0011889201004544603,0.004479867353107431
4577,0.001187915630938008,0.004478025573459544
4578,0.0011869120097474095,0.004476184541242833
4579,0.0011859092361570234,0.004474344256170746
4580,0.001184907309437655,0.004472504717958129
4581,0.0011839062288601099,0.004470665926319201
4582,0.00118290599369697,0.004468827880968366
4583,0.0011819066032243697,0.004466990581620412
4584,0.0011809080567104502,0.004465154027989641
4585,0.0011799103534348987,0.004463318219779366
4586,0.0011789134926729616,0.0044614831567278
4587,0.001177917473698109,0.0044596488385378955
4588,0.0011769222957873637,0.004457815264925391
4589,0.0011759279582168602,0.004455982435604043
4590,0.0011749344602707268,0.004454150350290207
4591,0.0011739418012197689,0.0044523190086986665
4592,0.0011729499803481147,0.004450488410544715
4593,0.0011719589969336752,0.004448658555543706
4594,0.001170968850257914,0.004446829443411387
4595,0.001169979539602295,0.004445001073862854
4596,0.0011689910642429524,0.004443173446614473
4597,0.0011680034234720083,0.004441346561381388
4598,0.001167016616565597,0.0044395204178795805
4599,0.0011660306428105116,0.004437695015825176
4600,0.00116504550149088,0.004435870354934143
4601,0.0011640611918908306,0.004434046434921974
4602,0.0011630777132962677,0.00443222325550582
4603,0.0011620950649957607,0.004430400816401166
4604,0.0011611132462725493,0.004428579117324999
4605,0.0011601322564187555,0.004426758157993194
4606,0.001159152094716731,0.004424937938122101
4607,0.0011581727604621506,0.004423118457429136
4608,0.0011571942529426948,0.004421299715630152
4609,0.0011562165714442685,0.004419481712442507
4610,0.0011552397152634342,0.004417664447582275
4611,0.0011542636836878728,0.004415847920767758
4612,0.0011532884760123707,0.00441403213171444
4613,0.0011523140915272734,0.004412217080140189
4614,0.0011513405295300316,0.004410402765762218
4615,0.001150367789311879,0.00440858918829758
4616,0.0011493958701649376,0.004406776347463712
4617,0.0011484247713910989,0.0044049642429783605
4618,0.0011474544922807084,0.004403152874558329
4619,0.0011464850321347697,0.004401342241921957
4620,0.0011455163902480692,0.004399532344786575
4621,0.001144548565919834,0.004397723182869965
4622,0.0011435815584457387,0.004395914755889841
4623,0.0011426153671303396,0.00439410706356461
4624,0.001141649991268423,0.004392300105611924
4625,0.001140685430162769,0.00439049388175012
4626,0.0011397216831161572,0.004388688391697083
4627,0.0011387587494251505,0.004386883635171399
4628,0.0011377966283987462,0.0043850796118914785
4629,0.0011368353193361713,0.004383276321575466
4630,0.0011358748215393177,0.004381473763942354
4631,0.0011349151343171826,0.004379671938710122
4632,0.0011339562569716577,0.004377870845598139
4633,0.0011329981888090757,0.00437607048432468
4634,0.0011320409291366573,0.0043742708546090185
4635,0.0011310844772580708,0.004372471956169667
4636,0.0011301288324849779,0.0043706737887260795
4637,0.0011291739941219348,0.00436887635199755
4638,0.001128219961479715,0.004367079645702824
4639,0.0011272667338655395,0.00436528366956123
4640,0.0011263143105928464,0.004363488423292431
4641,0.0011253626909688563,0.004361693906615772
4642,0.0011244118743052312,0.004359900119250901
4643,0.001123461859916297,0.004358107060917226
4644,0.0011225126471128277,0.004356314731334708
4645,0.001121564235207373,0.004354523130223088
4646,0.0011206166235115944,0.004352732257302195
4647,0.0011196698113451475,0.004350942112291856
4648,0.0011187237980179177,0.004349152694912425
4649,0.0011177785828504483,0.004347364004884106
4650,0.0011168341651552893,0.004345576041927066
4651,0.0011158905442485434,0.00434378880576114
4652,0.001114947719450754,0.004342002296107671
4653,0.0011140056900771356,0.004340216512686169
4654,0.0011130644554464553,0.004338431455217926
4655,0.0011121240148792566,0.0043366471234231665
4656,0.0011111843676969713,0.004334863517022929
4657,0.0011102455132157019,0.004333080635737868
4658,0.0011093074507595446,0.004331298479288887
4659,0.0011083701796499312,0.004329517047396883
4660,0.0011074336992074052,0.004327736339783103
4661,0.001106498008757839,0.004325956356168829
4662,0.0011055631076208883,0.004324177096275257
4663,0.0011046289951277544,0.0043223985598234115
4664,0.00110369567059454,0.004320620746534866
4665,0.0011027631333506704,0.0043188436561316206
4666,0.0011018313827220183,0.004317067288334437
4667,0.001100900418033568,0.0043152916428654715
4668,0.0010999702386174093,0.004313516719383605
4669,0.001099040843794974,0.004311742517736496
4670,0.0010981122328983517,0.004309969037583069
4671,0.0010971844052551916,0.00430819627864518
4672,0.001096257360195807,0.004306424240644997
4673,0.0010953310970505115,0.0043046529233048345
4674,0.0010944056151487302,0.004302882326347041
4675,0.0010934809138234414,0.0043011124494940385
4676,0.0010925569924058465,0.004299343292467794
4677,0.0010916338502280354,0.0042975748549912395
4678,0.001090711486627427,0.0042958071367867195
4679,0.0010897899009272294,0.004294040137577108
4680,0.0010888690924746314,0.004292273857085253
4681,0.0010879490605990583,0.004290508295033968
4682,0.0010870298046326,0.004288743451145997
4683,0.001086111323917116,0.0042869793251444355
4684,0.0010851936177855848,0.004285215916752579
4685,0.0010842766855745367,0.004283453225693786
4686,0.0010833605266293844,0.00428169125169079
4687,0.0010824451402813295,0.004279929994467295
4688,0.0010815305258713437,0.0042781694537467885
4689,0.0010806166827403985,0.004276409629252655
4690,0.0010797036102276891,0.004274650520708984
4691,0.0010787913076741873,0.004272892127838691
4692,0.0010778797744217528,0.004271134450366174
4693,0.0010769690098140217,0.004269377488015126
4694,0.001076059013189301,0.004267621240509802
4695,0.0010751497838965562,0.004265865707573695
4696,0.0010742413212758706,0.0042641108889313745
4697,0.0010733336246717684,0.004262356784307034
4698,0.0010724266934314386,0.004260603393424534
4699,0.0010715205269002936,0.00425885071600865
4700,0.001070615124423746,0.004257098751784004
4701,0.0010697104853480965,0.004255347500475078
4702,0.0010688066090187576,0.004253596961806477
4703,0.0010679034947909116,0.0042518471355024665
4704,0.0010670011420046421,0.0042500980212883815
4705,0.0010660995500142434,0.004248349618889157
4706,0.0010651987181695688,0.004246601928029656
4707,0.0010642986458195836,0.004244854948434698
4708,0.0010633993323159174,0.0042431086798298615
4709,0.001062500777003983,0.004241363121940039
4710,0.0010616029792478443,0.004239618274490445
4711,0.0010607059383884732,0.004237874137207269
4712,0.0010598096537890456,0.004236130709815222
4713,0.001058914124794974,0.004234387992040178
4714,0.0010580193507649938,0.004232645983608001
4715,0.0010571253310551754,0.004230904684243853
4716,0.0010562320650171486,0.004229164093674027
4717,0.0010553395520096487,0.004227424211624163
4718,0.0010544477913896344,0.0042256850378209684
4719,0.0010535567825114,0.004223946571989514
4720,0.00105266652473901,0.0042222088138567405
4721,0.0010517770174240937,0.004220471763148759
4722,0.0010508882599289393,0.0042187354195916925
4723,0.0010500002516140583,0.004216999782911915
4724,0.0010491129918381858,0.004215264852836343
4725,0.0010482264799600571,0.004213530629091168
4726,0.0010473407153428482,0.004211797111401738
4727,0.0010464556973506234,0.004210064299497638
4728,0.001045571425343006,0.004208332193104916
4729,0.0010446878986840602,0.00420660079194788
4730,0.0010438051167369622,0.004204870095757471
4731,0.0010429230788666644,0.004203140104259075
4732,0.001042041784437231,0.004201410817179851
4733,0.0010411612328136144,0.0041996822342470555
4734,0.0010402814233607671,0.004197954355188081
4735,0.0010394023554480825,0.004196227179724125
4736,0.0010385240284396247,0.0041945007075949725
4737,0.0010376464417056752,0.00419277493852243
4738,0.0010367695946111866,0.004191049872234107
4739,0.0010358934865273284,0.0041893255084574504
4740,0.0010350181168217176,0.004187601846920408
4741,0.0010341434848664122,0.0041858788873515886
4742,0.0010332695900299171,0.004184156629478169
4743,0.0010323964316816259,0.004182435073028665
4744,0.001031524009197149,0.004180714217731543
4745,0.0010306523219458796,0.004178994063314543
4746,0.0010297813692989877,0.00417727460950653
4747,0.00102891115063386,0.00417555585603541
4748,0.0010280416653198898,0.004173837802630469
4749,0.0010271729127353524,0.004172120449019927
4750,0.0010263048922523055,0.004170403794932474
4751,0.0010254376032454715,0.004168687840097104
4752,0.0010245710450940138,0.004166972584242631
4753,0.0010237052171717664,0.004165258027098037
4754,0.001022840118858781,0.0041635441683922705
4755,0.0010219757495280035,0.004161831007854475
4756,0.0010211121085612618,0.004160118545214121
4757,0.0010202491953359427,0.004158406780200536
4758,0.0010193870092312096,0.004156695712542839
4759,0.0010185255496297785,0.004154985341970608
4760,0.0010176648159063717,0.00415327566821342
4761,0.001016804807447258,0.004151566691001366
4762,0.0010159455236316006,0.004149858410063417
4763,0.001015086963843892,0.004148150825129784
4764,0.0010142291274606308,0.00414644393593052
4765,0.001013372013869862,0.004144737742195644
4766,0.001012515622454302,0.004143032243654976
4767,0.001011659952600219,0.004141327440038877
4768,0.0010108050036894412,0.004139623331077192
4769,0.0010099507751064607,0.004137919916500948
4770,0.0010090972662393227,0.00413621719603997
4771,0.0010082444764751841,0.004134515169425139
4772,0.0010073924052003136,0.004132813836386622
4773,0.0010065410518009799,0.0041311131966560305
4774,0.0010056904156661162,0.0041294132499629516
4775,0.001004840496185544,0.004127713996038989
4776,0.001003991292745532,0.004126015434614681
4777,0.0010031428047376778,0.004124317565421417
4778,0.0010022950315535795,0.0041226203881899876
4779,0.001001447972581282,0.004120923902651636
4780,0.0010006016272132712,0.0041192281085377265
4781,0.0009997559948393686,0.0041175330055798695
4782,0.000998911074855613,0.004115838593509013
4783,0.000998066866653602,0.004114144872056746
4784,0.0009972233696275978,0.004112451840954705
4785,0.0009963805831700867,0.00411075949993512
4786,0.0009955385066744427,0.004109067848729352
4787,0.000994697139540257,0.004107376887069178
4788,0.0009938564811573514,0.004105686614686445
4789,0.0009930165309270933,0.0041039970313137275
4790,0.0009921772882419688,0.004102308136682796
4791,0.0009913387525033457,0.004100619930525604
4792,0.0009905009231063744,0.004098932412574811
4793,0.00098966379944887,0.004097245582562914
4794,0.0009888273809322001,0.004095559440221802
4795,0.0009879916669524036,0.004093873985284515
4796,0.0009871566569117363,0.004092189217483989
4797,0.000986322350212454,0.0040905051365518925
4798,0.0009854887462488193,0.00408882174222213
4799,0.0009846558444319697,0.004087139034226948
4800,0.0009838236441543913,0.0040854570122992075
4801,0.000982992144824557,0.00408377567617239
4802,0.0009821613458447231,0.004082095025579435
4803,0.000981331246615369,0.004080415060203426
4804,0.000980501846545856,0.004078735779844699
4805,0.0009796731450375518,0.00407705718425351
4806,0.0009788451414944888,0.0040753792731292385
4807,0.00097801783532514,0.004073702046205975
4808,0.0009771912259362026,0.004072025503217301
4809,0.0009763653127308203,0.004070349643896853
4810,0.0009755400951192428,0.004068674467978456
4811,0.0009747155725072787,0.0040669999751958945
4812,0.0009738917443060657,0.0040653261652835795
4813,0.0009730686099223007,0.004063653037975026
4814,0.0009722461687662332,0.0040619805930046035
4815,0.0009714244202481126,0.004060308830107117
4816,0.0009706033637781886,0.004058637749013251
4817,0.0009697829987667106,0.004056967349460823
4818,0.0009689633246248164,0.0040552976311867064
4819,0.0009681443407663082,0.004053628593923081
4820,0.0009673260466032119,0.004051960237404506
4821,0.0009665084415475533,0.004050292561361659
4822,0.0009656915250131348,0.004048625565537405
4823,0.0009648752964146468,0.00404695924966262
4824,0.0009640597551676677,0.004045293613471741
4825,0.000963244900686,0.004043628656702918
4826,0.000962430732384334,0.0040419643790868195
4827,0.0009616172496791364,0.004040300780360731
4828,0.0009608044519886505,0.00403863786025991
4829,0.0009599923387302312,0.004036975618519897
4830,0.0009591809093203452,0.00403531405487631
4831,0.0009583701631772357,0.004033653169064788
4832,0.0009575600997209222,0.004031992960820675
4833,0.0009567507183696478,0.004030333429879816
4834,0.0009559420185416556,0.004028674575978639
4835,0.0009551339996605179,0.004027016398852206
4836,0.000954326661145366,0.00402535889823738
4837,0.0009535200024162194,0.004023702073869671
4838,0.0009527140228975384,0.004022045925485315
4839,0.0009519087220111189,0.0040203904528209045
4840,0.0009511040991760922,0.004018735655612712
4841,0.0009503001538204714,0.004017081533597165
4842,0.000949496885364276,0.004015428086510901
4843,0.0009486942932364073,0.00401377531408998
4844,0.0009478923768604375,0.004012123216071833
4845,0.0009470911356581624,0.004010471792192941
4846,0.0009462905690584833,0.004008821042190261
4847,0.0009454906764867488,0.00400717096580086
4848,0.0009446914573718601,0.004005521562761294
4849,0.0009438929111391658,0.004003872832808966
4850,0.0009430950372166791,0.0040022247756811985
4851,0.0009422978350333011,0.004000577391115388
4852,0.000941501304017045,0.003998930678848756
4853,0.0009407054435994766,0.003997284638618367
4854,0.0009399102532112735,0.003995639270162072
4855,0.0009391157322786725,0.003993994573217925
4856,0.0009383218802341275,0.003992350547523591
4857,0.0009375286965100926,0.003990707192816564
4858,0.0009367361805363572,0.003989064508833944
4859,0.0009359443317507044,0.0039874224953153105
4860,0.0009351531495811471,0.003985781151997679
4861,0.0009343626334628041,0.003984140478620057
4862,0.0009335727828290175,0.003982500474919711
4863,0.0009327835971122411,0.00398086114063536
4864,0.0009319950757538109,0.0039792224755057365
4865,0.0009312072181826281,0.0039775844792689224
4866,0.0009304200238382521,0.0039759471516631825
4867,0.0009296334921558014,0.003974310492427878
4868,0.0009288476225712827,0.003972674501301482
4869,0.0009280624145242555,0.0039710391780224015
4870,0.0009272778674498383,0.003969404522330411
4871,0.0009264939807911432,0.00396777053396332
4872,0.000925710753979736,0.0039661372126614
4873,0.0009249281864622816,0.003964504558163315
4874,0.0009241462776747866,0.003962872570207911
4875,0.0009233650270594751,0.003961241248535367
4876,0.0009225844340576828,0.003959610592884216
4877,0.0009218044981045281,0.00395798060299455
4878,0.0009210252186502288,0.003956351278605639
4879,0.0009202465951343441,0.003954722619457375
4880,0.00091946862699821,0.003953094625289571
4881,0.000918691313683162,0.0039514672958419934
4882,0.0009179146546403061,0.0039498406308540075
4883,0.000917138649306537,0.003948214630066671
4884,0.0009163632971311841,0.003946589293219192
4885,0.0009155885975564715,0.003944964620052154
4886,0.0009148145500308402,0.003943340610305934
4887,0.0009140411539982907,0.003941717263720421
4888,0.0009132684089090404,0.0039400945800366315
4889,0.0009124963142079778,0.0039384725589947656
4890,0.0009117248693399915,0.003936851200335271
4891,0.0009109540737579636,0.003935230503798969
4892,0.0009101839269076706,0.003933610469126797
4893,0.0009094144282402183,0.0039319910960594305
4894,0.0009086455772031599,0.003930372384337664
4895,0.0009078773732493772,0.003928754333703027
4896,0.0009071098158281998,0.0039271369438962506
4897,0.0009063429043907334,0.00392552021465838
4898,0.0009055766383863073,0.003923904145731204
4899,0.00090481101726958,0.00392228873685568
4900,0.00090404604049521,0.003920673987770545
4901,0.0009032817075125266,0.003919059898222936
4902,0.0009025180177744119,0.003917446467951811
4903,0.0009017549707373007,0.0039158336966984945
4904,0.0009009925658558515,0.00391422158420501
4905,0.0009002308025847228,0.003912610130213649
4906,0.0008994696803759084,0.0039109993344658145
4907,0.0008987091986893958,0.003909389196703306
4908,0.0008979493569825081,0.003907779716669221
4909,0.0008971901547090155,0.003906170894104801
4910,0.0008964315913253529,0.003904562728752614
4911,0.0008956736662906195,0.003902955220355435
4912,0.0008949163790683556,0.0039013483686556015
4913,0.0008941597291078907,0.0038997421733951883
4914,0.000893403715873653,0.0038981366343170225
4915,0.0008926483388274065,0.0038965317511640007
4916,0.0008918935974273623,0.003894927523679363
4917,0.0008911394911326198,0.003893323951604872
4918,0.0008903860194058311,0.0038917210346842944
4919,0.0008896331817052072,0.0038901187726603746
4920,0.0008888809774978412,0.0038885171652766407
4921,0.0008881294062446088,0.0038869162122759475
4922,0.000887378467408162,0.0038853159134018336
4923,0.0008866281604511528,0.003883716268397546
4924,0.0008858784848380097,0.0038821172770062175
4925,0.000885129440037602,0.0038805189389719864
4926,0.0008843810255081408,0.0038789212540385337
4927,0.0008836332407149428,0.0038773242219489502
4928,0.0008828860851304299,0.003875727842447753
4929,0.0008821395582145897,0.003874132115278227
4930,0.0008813936594380678,0.0038725370401848334
4931,0.0008806483882679572,0.0038709426169111147
4932,0.0008799037441677982,0.003869348845202028
4933,0.0008791597266091244,0.0038677557248009177
4934,0.0008784163350608054,0.003866163255452859
4935,0.0008776735689934867,0.003864571436901925
4936,0.0008769314278715967,0.0038629802688924034
4937,0.0008761899111693339,0.003861389751169054
4938,0.0008754490183555674,0.0038597998834767645
4939,0.0008747087489018313,0.003858210665559754
4940,0.000873969102278771,0.0038566220971633022
4941,0.000873230077960585,0.003855034178032346
4942,0.0008724916754188072,0.003853446907911638
4943,0.0008717538941205305,0.0038518602865461916
4944,0.0008710167335479468,0.0038502743136813768
4945,0.0008702801931717019,0.0038486889890625535
4946,0.000869544272460665,0.003847104312434315
4947,0.0008688089708979163,0.0038455202835430795
4948,0.0008680742879514369,0.003843936902133624
4949,0.0008673402231016425,0.0038423541679519085
4950,0.0008666067758262841,0.0038407720807436124
4951,0.0008658739455933429,0.0038391906402544286
4952,0.0008651417318850108,0.0038376098462299946
4953,0.0008644101341799271,0.0038360296984163295
4954,0.0008636791519540665,0.003834450196559574
4955,0.0008629487846869566,0.0038328713404056497
4956,0.0008622190318563483,0.003831293129701121
4957,0.0008614898929417691,0.003829715564191507
4958,0.0008607613674227466,0.003828138643623538
4959,0.0008600334547796962,0.003826562367743272
4960,0.0008593061544930336,0.0038249867362980076
4961,0.0008585794660440627,0.003823411749034295
4962,0.0008578533889149753,0.0038218374056984902
4963,0.0008571279225835227,0.0038202637060374377
4964,0.0008564030665381139,0.0038186906497975313
4965,0.0008556788202582766,0.0038171182367259943
4966,0.0008549551832288671,0.0038155464665682523
4967,0.0008542321549320775,0.003813975339074946
4968,0.0008535097348518761,0.0038124048539913517
4969,0.0008527879224748958,0.003810835011064894
4970,0.000852066717285993,0.003809265810042827
4971,0.0008513461187700244,0.0038076972506719577
4972,0.0008506261264109582,0.0038061293327006536
4973,0.0008499067396980919,0.003804562055876707
4974,0.0008491879581189465,0.003802995419947122
4975,0.0008484697811592667,0.003801429424660052
4976,0.0008477522083047973,0.0037998640697631883
4977,0.0008470352390457236,0.003798299355004347
4978,0.0008463188728731197,0.003796735280131972
4979,0.0008456031092753946,0.0037951718448931
4980,0.0008448879477382931,0.0037936090490369653
4981,0.0008441733877537771,0.0037920468923123493
4982,0.0008434594288146968,0.0037904853744666553
4983,0.0008427460704094614,0.0037889244952478557
4984,0.0008420333120300327,0.0037873642544057166
4985,0.0008413211531683729,0.003785804651688693
4986,0.00084060959331822,0.0037842456868447394
4987,0.0008398986319688717,0.0037826873596231853
4988,0.0008391882686140661,0.0037811296697728564
4989,0.0008384785027510944,0.0037795726170425648
4990,0.0008377693338719183,0.0037780162011811884
4991,0.0008370607614711645,0.0037764604219381083
4992,0.0008363527850407948,0.003774905279062407
4993,0.0008356454040798766,0.0037733507723032023
4994,0.0008349386180821483,0.003771796901410128
4995,0.000834232426545789,0.003770243666132808
4996,0.0008335268289654252,0.003768691066220242
4997,0.0008328218248392361,0.00376713910142212
4998,0.000832117413666289,0.003765587771488655
4999,0.0008314135949403223,0.0037640370761693985
5000,0.0008307103681630679,0.003762487015214252
5001,0.0008300077328335931,0.003760937588372766
5002,0.0008293056884483008,0.003759388795395266
5003,0.0008286042345106992,0.0037578406360322288
5004,0.000827903370516303,0.0037562931100334172
5005,0.000827203095971285,0.0037547462171494267
5006,0.0008265034103729363,0.003753199957130103
5007,0.0008258043132221005,0.0037516543297305208
5008,0.0008251058040249504,0.003750109334700366
5009,0.0008244078822796652,0.0037485649717867373
5010,0.0008237105474897533,0.0037470212407311153
5011,0.0008230137991613873,0.0037454781412957286
5012,0.0008223176367945229,0.0037439356732295523
5013,0.0008216220598944446,0.0037423938362829423
5014,0.0008209270679646608,0.003740852630206973
5015,0.0008202326605140087,0.0037393120547530925
5016,0.0008195388370451084,0.003737772109673281
5017,0.000818845597059692,0.0037362327947182486
5018,0.0008181529400710374,0.0037346941096390446
5019,0.000817460865581765,0.0037331560541873053
5020,0.0008167693730998238,0.0037316186281150417
5021,0.0008160784621340511,0.003730081831173314
5022,0.0008153881321906198,0.0037285456631140947
5023,0.0008146983827810317,0.003727010123688767
5024,0.0008140092134070187,0.0037254752126500666
5025,0.0008133206235818591,0.0037239409297491616
5026,0.0008126326128206074,0.003722407274738139
5027,0.0008119451806241074,0.0037208742473697626
5028,0.0008112583265091899,0.003719341846716316
5029,0.0008105720499838043,0.0037178100727488367
5030,0.0008098863505603404,0.0037162789261916337
5031,0.0008092012277503002,0.003714748406919207
5032,0.0008085166810678501,0.0037132185140470036
5033,0.0008078327100209393,0.0037116892473320687
5034,0.0008071493141290631,0.0037101606065266246
5035,0.0008064664929001708,0.003708632591370647
5036,0.0008057842458484288,0.0037071052016421184
5037,0.0008051025724915561,0.0037055784370827807
5038,0.0008044214723419429,0.0037040522974441485
5039,0.0008037409449164201,0.0037025267824802553
5040,0.0008030609897264895,0.003701001891943733
5041,0.0008023816062925349,0.003699477625588296
5042,0.000801702794131387,0.0036979539831672632
5043,0.0008010245527572124,0.0036964309644339846
5044,0.000800346881686842,0.0036949085691418727
5045,0.0007996697804397712,0.003693386797044961
5046,0.000798993248532831,0.003691865647896534
5047,0.000798317285485517,0.003690345121450885
5048,0.0007976418908164362,0.0036888252174618087
5049,0.0007969670640468607,0.003687305935682443
5050,0.0007962928046927331,0.0036857872758682027
5051,0.0007956191122771017,0.003684269237778294
5052,0.0007949459863167974,0.0036827518211551176
5053,0.000794273426338421,0.0036812350257617033
5054,0.00079360143186058,0.0036797188513472065
5055,0.0007929300024036579,0.0036782032976686585
5056,0.0007922591374951438,0.0036766883644805994
5057,0.0007915888366500923,0.003675174051537951
5058,0.0007909190993959925,0.0036736603585948956
5059,0.0007902499252585571,0.0036721472854065983
5060,0.000789581313754617,0.003670634831728095
5061,0.0007889132644152141,0.0036691229973142593
5062,0.0007882457767633966,0.0036676117819197523
5063,0.0007875788503231007,0.003666101185299961
5064,0.0007869124846218156,0.003664591207210653
5065,0.0007862466791817013,0.003663081847406064
5066,0.0007855814335329114,0.003661573105642524
5067,0.0007849167472011587,0.0036600649816749715
5068,0.0007842526197148203,0.003658557475259429
5069,0.0007835890505969445,0.0036570505861508833
5070,0.0007829260393803494,0.003655544314105797
5071,0.0007822635855934124,0.0036540386588792342
5072,0.0007816016887600696,0.0036525336202275667
5073,0.0007809403484149158,0.0036510291979065905
5074,0.000780279564086328,0.0036495253916727782
5075,0.0007796193353026837,0.0036480222012816588
5076,0.0007789596615959127,0.003646519626489618
5077,0.0007783005424961686,0.003645017667053125
5078,0.0007776419775353816,0.0036435163227287112
5079,0.0007769839662454814,0.0036420155932722076
5080,0.0007763265081548454,0.0036405154784410476
5081,0.0007756696028016208,0.003639015977991357
5082,0.0007750132497177376,0.0036375170916797157
5083,0.0007743574484333493,0.0036360188192632696
5084,0.0007737021984857151,0.0036345211604987236
5085,0.0007730474994041003,0.0036330241151431193
5086,0.0007723933507275405,0.003631527682953592
5087,0.0007717397519897418,0.0036300318636871935
5088,0.000771086702726187,0.0036285366571010558
5089,0.0007704342024696942,0.003627042062952543
5090,0.0007697822507619634,0.003625548080999165
5091,0.0007691308471358127,0.003624054710998019
5092,0.0007684799911267248,0.003622561952707347
5093,0.0007678296822755115,0.0036210698058841938
5094,0.0007671799201176555,0.0036195782702864755
5095,0.0007665307041939684,0.003618087345671619
5096,0.0007658820340425976,0.0036165970317980183
5097,0.000765233909195473,0.003615107328423413
5098,0.0007645863292040644,0.0036136182353061035
5099,0.0007639392935985256,0.0036121297522041795
5100,0.0007632928019223328,0.00361064187887555
5101,0.0007626468537154096,0.003609154615078918
5102,0.000762001448519456,0.0036076679605720717
5103,0.0007613565858743954,0.0036061819151142656
5104,0.0007607122653245924,0.0036046964784631347
5105,0.0007600684864108587,0.0036032116503779306
5106,0.0007594252486740061,0.003601727430617426
5107,0.0007587825516610636,0.0036002438189402
5108,0.000758140394908402,0.003598760815104945
5109,0.000757498777965715,0.003597278418870878
5110,0.0007568577003764787,0.003595796629997247
5111,0.0007562171616832813,0.0035943154482429678
5112,0.0007555771614331519,0.0035928348733669443
5113,0.0007549376991677903,0.0035913549051289698
5114,0.0007542987744351137,0.003589875543288063
5115,0.0007536603867848157,0.00358839678760366
5116,0.0007530225357541553,0.0035869186378359487
5117,0.000752385220897267,0.003585441093743605
5118,0.0007517484417620679,0.003583964155086883
5119,0.0007511121978920343,0.0035824878216255823
5120,0.0007504764888386362,0.003581012093119635
5121,0.0007498413141471261,0.00357953696932874
5122,0.0007492066733698621,0.003578062450012645
5123,0.0007485725660512088,0.0035765885349324303
5124,0.0007479389917444124,0.0035751152238474825
5125,0.0007473059499965018,0.003573642516518316
5126,0.0007466734403633879,0.0035721704126924006
5127,0.0007460414623912115,0.0035706989121563927
5128,0.0007454100156323307,0.003569228014657245
5129,0.000744779099636439,0.0035677577199560856
5130,0.0007441487139612235,0.00356628802781293
5131,0.000743518858151937,0.003564818937989541
5132,0.0007428895317627138,0.0035633504502463227
5133,0.0007422607343503529,0.003561882564343904
5134,0.0007416324654672124,0.003560415280039749
5135,0.0007410047246629858,0.003558948597102516
5136,0.0007403775114971367,0.003557482515290103
5137,0.0007397508255237994,0.003556017034331664
5138,0.0007391246662926676,0.0035545521540520895
5139,0.0007384990333632047,0.0035530878741280303
5140,0.0007378739262930978,0.0035516241944266377
5141,0.0007372493446355932,0.0035501611146571653
5142,0.0007366252879483781,0.003548698634581092
5143,0.0007360017557846987,0.0035472367539599765
5144,0.0007353787477093476,0.003545775472555888
5145,0.000734756263270242,0.003544314790130572
5146,0.000734134302034839,0.0035428547064423645
5147,0.000733512863557273,0.003541395221260766
5148,0.0007328919473952311,0.0035399363343446254
5149,0.0007322715531099533,0.0035384780454559353
5150,0.000731651680260903,0.0035370203543573994
5151,0.0007310323284084319,0.0035355632608107396
5152,0.0007304134971102272,0.0035341067645790307
5153,0.0007297951859284169,0.0035326508654246087
5154,0.0007291773944233526,0.0035311955631101705
5155,0.0007285601221616034,0.0035297408573989122
5156,0.0007279433686990799,0.003528286748052969
5157,0.0007273271336005749,0.003526833234835814
5158,0.0007267114164282162,0.003525380317510013
5159,0.0007260962167423557,0.003523927995838949
5160,0.0007254815341104504,0.003522476269585864
5161,0.0007248673680972928,0.0035210251385141347
5162,0.0007242537182605702,0.003519574602386638
5163,0.0007236405841704041,0.003518124660966803
5164,0.0007230279653889227,0.0035166753140187593
5165,0.0007224158614853593,0.003515226561305318
5166,0.000721804272021842,0.0035137784025906227
5167,0.0007211931965622753,0.0035123308376383763
5168,0.0007205826346758926,0.0035108838662122367
5169,0.0007199725859292627,0.003509437488076285
5170,0.0007193630498925074,0.0035079917029947234
5171,0.0007187540261259784,0.0035065465107310644
5172,0.0007181455142060145,0.003505101911049493
5173,0.0007175375136929674,0.00350365790371477
5174,0.0007169300241587351,0.0035022144884912197
5175,0.0007163230451725511,0.0035007716651428537
5176,0.000715716576304537,0.0034993294334340827
5177,0.0007151106171257027,0.0034978877931301604
5178,0.0007145051672017289,0.0034964467439945086
5179,0.0007139002261045135,0.003495006285792992
5180,0.0007132957934095074,0.0034935664182904717
5181,0.0007126918686797268,0.003492127141251071
5182,0.0007120884514932868,0.0034906884544400676
5183,0.0007114855414203092,0.0034892503576227536
5184,0.0007108831380318037,0.003487812850563994
5185,0.0007102812409005566,0.0034863759330297887
5186,0.0007096798496037948,0.003484939604782796
5187,0.0007090789637089756,0.0034835038655917014
5188,0.0007084785827924378,0.003482068715220988
5189,0.0007078787064305203,0.003480634153435958
5190,0.0007072793341924566,0.003479200180002074
5191,0.0007066804656572501,0.0034777667946852622
5192,0.0007060821004021278,0.0034763339972512346
5193,0.0007054842379972115,0.0034749017874657444
5194,0.0007048868780223927,0.0034734701650948295
5195,0.000704290020052234,0.0034720391299047464
5196,0.0007036936636630742,0.0034706086816615606
5197,0.000703097808434805,0.0034691788201311434
5198,0.0007025024539411007,0.0034677495450803272
5199,0.0007019075997627411,0.00346632085627481
5200,0.0007013132454716242,0.0034648927534816146
5201,0.0007007193906600762,0.003463465236467185
5202,0.0007001260348911131,0.0034620383049978123
5203,0.0006995331777561731,0.0034606119588407036
5204,0.0006989408188253776,0.00345918619776258
5205,0.0006983489576857238,0.0034577610215294798
5206,0.0006977575939126623,0.0034563364299091577
5207,0.0006971667270914139,0.0034549124226685504
5208,0.0006965763568000938,0.00345348899957448
5209,0.0006959864826185935,0.003452066160394736
5210,0.0006953971041339102,0.003450643904895776
5211,0.0006948082209241591,0.003449222232845675
5212,0.0006942198325727844,0.003447801144011213
5213,0.0006936319386650069,0.0034463806381601313
5214,0.0006930445387780537,0.0034449607150602753
5215,0.0006924576325015863,0.0034435413744794384
5216,0.0006918712194154963,0.0034421226161845536
5217,0.0006912852991067808,0.003440704439944337
5218,0.0006906998711579959,0.003439286845526579
5219,0.0006901149351543623,0.003437869832698979
5220,0.0006895304906846533,0.0034364534012298296
5221,0.000688946537330537,0.0034350375508873654
5222,0.0006883630746781222,0.0034336222814392164
5223,0.0006877801023170704,0.0034322075926545084
5224,0.0006871976198317142,0.0034307934843011215
5225,0.0006866156268090506,0.0034293799561481604
5226,0.000686034122837853,0.0034279670079635227
5227,0.0006854531075060066,0.0034265546395162716
5228,0.0006848725804005085,0.0034251428505747555
5229,0.0006842925411110201,0.003423731640908409
5230,0.0006837129892245386,0.0034223210102854625
5231,0.0006831339243351664,0.0034209109584753816
5232,0.0006825553460245715,0.003419501485247306
5233,0.0006819772538877444,0.0034180925903700386
5234,0.0006813996475178996,0.0034166842736126947
5235,0.0006808225264993695,0.0034152765347448266
5236,0.0006802458904280329,0.003413869373535973
5237,0.0006796697388899986,0.0034124627897555194
5238,0.0006790940714829219,0.003411056783173043
5239,0.0006785188877955761,0.003409651353557825
5240,0.0006779441874211756,0.003408246500679859
5241,0.0006773699699511582,0.0034068422243088495
5242,0.0006767962349831791,0.003405438524214502
5243,0.0006762229821033472,0.003404035400167458
5244,0.0006756502109119822,0.003402632851937138
5245,0.000675077921000522,0.003401230879293969
5246,0.0006745061119621809,0.0033998294820077185
5247,0.0006739347833946141,0.0033984286598492223
5248,0.000673363934891924,0.003397028412588699
5249,0.0006727935660508777,0.003395628739996083
5250,0.000672223676462913,0.0033942296418426714
5251,0.0006716542657283497,0.0033928311178985093
5252,0.000671085333444843,0.003391433167934329
5253,0.0006705168792047189,0.0033900357917213894
5254,0.0006699489026091854,0.003388638989030076
5255,0.000669381403253233,0.0033872427596312663
5256,0.0006688143807362934,0.003385847103296421
5257,0.0006682478346595744,0.0033844520197963274
5258,0.0006676817646154021,0.003383057508902075
5259,0.0006671161702085371,0.00338166357038501
5260,0.0006665510510357464,0.0033802702040166
5261,0.0006659864066964616,0.0033788774095683226
5262,0.0006654222367918905,0.003377485186811146
5263,0.0006648585409196883,0.0033760935355173147
5264,0.0006642953186837275,0.003374702455458012
5265,0.0006637325696825513,0.0033733119464052948
5266,0.0006631702935200323,0.003371922008130801
5267,0.0006626084898000428,0.003370532640406501
5268,0.0006620471581175735,0.003369143843004206
5269,0.0006614862980818259,0.003367755615696289
5270,0.0006609259092877906,0.0033663679582546513
5271,0.0006603659913482218,0.003364980870451638
5272,0.0006598065438607748,0.0033635943520599863
5273,0.0006592475664310982,0.003362208402851178
5274,0.0006586890586621763,0.0033608230225981445
5275,0.0006581310201587698,0.0033594382110736787
5276,0.0006575734505274156,0.003358053968049838
5277,0.0006570163493693215,0.0033566702932997204
5278,0.0006564597162936892,0.0033552871865961363
5279,0.0006559035509061673,0.003353904647712007
5280,0.0006553478528097401,0.003352522676419969
5281,0.0006547926216136091,0.003351141272493339
5282,0.0006542378569269758,0.0033497604357049723
5283,0.0006536835583510481,0.003348380165828512
5284,0.000653129725497692,0.0033470004626366782
5285,0.0006525763579716681,0.00334562132590336
5286,0.0006520234553830662,0.0033442427554013603
5287,0.0006514710173419758,0.003342864750905044
5288,0.0006509190434567103,0.0033414873121868707
5289,0.0006503675333311421,0.0033401104390217116
5290,0.0006498164865824663,0.0033387341311828765
5291,0.0006492659028154435,0.003337358388443599
5292,0.0006487157816454925,0.003335983210578621
5293,0.0006481661226755975,0.003334608597361663
5294,0.0006476169255229536,0.0033332345485668526
5295,0.0006470681897940977,0.0033318610639683395
5296,0.0006465199151053369,0.0033304881433400546
5297,0.0006459721010640962,0.0033291157864565775
5298,0.000645424747284018,0.003327743993092807
5299,0.0006448778533805211,0.0033263727630221153
5300,0.0006443314189645832,0.003325002096020019
5301,0.0006437854436489587,0.003323631991860986
5302,0.0006432399270437372,0.0033222624503194374
5303,0.0006426948687705547,0.0033208934711701013
5304,0.0006421502684377245,0.0033195250541883346
5305,0.000641606125658889,0.003318157199148637
5306,0.000641062440054796,0.003316789905826359
5307,0.0006405192112355351,0.0033154231739969536
5308,0.0006399764388183016,0.003314057003434699
5309,0.0006394341224176259,0.0033126913939160417
5310,0.0006388922616533677,0.0033113263452150196
5311,0.0006383508561400575,0.0033099618571079577
5312,0.0006378099054922259,0.0033085979293703306
5313,0.0006372694093297326,0.003307234561777655
5314,0.0006367293672688845,0.0033058717541052975
5315,0.0006361897789268767,0.0033045095061292537
5316,0.0006356506439253451,0.003303147817625904
5317,0.0006351119618752676,0.0033017866883704103
5318,0.0006345737324053857,0.0033004261181389
5319,0.0006340359551275654,0.0032990661067077293
5320,0.0006334986296643308,0.0032977066538531323
5321,0.0006329617556337652,0.003296347759351073
5322,0.0006324253326557283,0.003294989422978175
5323,0.0006318893603518561,0.003293631644510346
5324,0.0006313538383437844,0.003292274423724515
5325,0.0006308187662513731,0.0032909177603973466
5326,0.0006302841436944817,0.0032895616543049608
5327,0.0006297499702982989,0.0032882061052247023
5328,0.0006292162456826844,0.0032868511129327503
5329,0.0006286829694674978,0.00328549667720655
5330,0.0006281501412823687,0.003284142797822888
5331,0.0006276177607444922,0.0032827894745584077
5332,0.0006270858274781688,0.003281436707191044
5333,0.000626554341107699,0.0032800844954973887
5334,0.000626023301260048,0.003278732839254929
5335,0.0006254927075515226,0.003277381738240756
5336,0.000624962559614417,0.0032760311922330997
5337,0.0006244328570712554,0.0032746812010086106
5338,0.0006239035995481146,0.003273331764345414
5339,0.0006233747866666306,0.003271982882020706
5340,0.0006228464180555449,0.0032706345538086982
5341,0.000622318493344487,0.003269286779495076
5342,0.0006217910121533166,0.0032679395588523716
5343,0.0006212639741143278,0.0032665928916621283
5344,0.0006207373788500448,0.0032652467776996194
5345,0.0006202112259909853,0.0032639012167441327
5346,0.0006196855151658909,0.0032625562085730232
5347,0.0006191602459999501,0.003261211752965582
5348,0.000618635418124569,0.003259867849699411
5349,0.0006181110311658244,0.003258524498553409
5350,0.000617587084753346,0.003257181699306
5351,0.0006170635785185397,0.003255839451735916
5352,0.0006165405120874823,0.003254497755622105
5353,0.0006160178850942444,0.003253156610743064
5354,0.000615495697165791,0.003251816016877261
5355,0.0006149739479353045,0.0032504759738043038
5356,0.0006144526370341907,0.0032491364813031116
5357,0.0006139317640911912,0.003247797539153264
5358,0.0006134113287386,0.003246459147132709
5359,0.0006128913306104877,0.0032451213050219
5360,0.0006123717693338193,0.003243784012595105
5361,0.0006118526445471062,0.0032424472696409926
5362,0.000611333955879978,0.0032411110759345274
5363,0.0006108157029665051,0.003239775431255105
5364,0.0006102978854416463,0.0032384403353827584
5365,0.0006097805029359193,0.0032371057880967273
5366,0.0006092635550860592,0.003235771789174849
5367,0.0006087470415252483,0.003234438338401785
5368,0.0006082309618902215,0.003233105435555432
5369,0.0006077153158088322,0.003231773080415442
5370,0.0006072001029284735,0.0032304412727621676
5371,0.0006066853228752223,0.003229110012375868
5372,0.0006061709752884781,0.003227779299036785
5373,0.0006056570598031996,0.0032264491325249
5374,0.0006051435760605628,0.0032251195126210934
5375,0.0006046305236910854,0.003223790439106141
5376,0.0006041179023359433,0.003222461911760434
5377,0.0006036057116292071,0.0032211339303645364
5378,0.0006030939512138289,0.0032198064946994467
5379,0.0006025826207247675,0.003218479604545927
5380,0.0006020717197996461,0.003217153259684906
5381,0.0006015612480796406,0.003215827459897333
5382,0.0006010512052041506,0.003214502204964661
5383,0.0006005415908081346,0.0032131774946677384
5384,0.0006000324045345451,0.0032118533287877685
5385,0.0005995236460236697,0.003210529707106863
5386,0.0005990153149166844,0.0032092066294049405
5387,0.0005985074108512123,0.0032078840954652167
5388,0.0005979999334710939,0.0032065621050679713
5389,0.0005974928824139525,0.003205240657995559
5390,0.000596986257326293,0.0032039197540295883
5391,0.0005964800578466267,0.003202599392951401
5392,0.0005959742836152415,0.00320127957454373
5393,0.0005954689342813069,0.0031999602985241828
5394,0.0005949640094788933,0.003198641564776828
5395,0.0005944595088598348,0.0031973233730713396
5396,0.0005939554320582019,0.003196005723164315
5397,0.000593451778727605,0.003194688614838105
5398,0.0005929485485030028,0.0031933720478750545
5399,0.000592445741034453,0.003192056022057358
5400,0.0005919433559649079,0.00319074053716778
5401,0.0005914413929382079,0.0031894255929890633
5402,0.0005909398516017461,0.0031881111893034483
5403,0.0005904387315993631,0.0031867973258941466
5404,0.0005899380325775638,0.0031854840025436863
5405,0.0005894377541810769,0.003184171219035397
5406,0.0005889378960564073,0.0031828589751516576
5407,0.000588438457854501,0.003181547270676141
5408,0.0005879394392156456,0.0031802361053917608
5409,0.0005874408397934516,0.0031789254790814785
5410,0.0005869426592290949,0.0031776153915291407
5411,0.0005864448971752978,0.00317630584251773
5412,0.0005859475532785652,0.003174996831830968
5413,0.0005854506271889548,0.0031736883592524516
5414,0.0005849541185529716,0.0031723804245654824
5415,0.0005844580270224498,0.0031710730275537093
5416,0.000583962352243006,0.0031697661680018044
5417,0.0005834670938673625,0.0031684598456922716
5418,0.0005829722515429125,0.003167154060410439
5419,0.0005824778249241547,0.0031658488119392543
5420,0.0005819838136567057,0.0031645441000631228
5421,0.0005814902173977288,0.003163239924566366
5422,0.0005809970357919525,0.0031619362852331433
5423,0.0005805042684920991,0.003160633181848359
5424,0.0005800119151535554,0.003159330614195266
5425,0.0005795199754254909,0.0031580285820594287
5426,0.0005790284489606279,0.003156727085224787
5427,0.0005785373354134649,0.003155426123476395
5428,0.0005780466344331714,0.003154125696598554
5429,0.0005775563456777988,0.003152825804376251
5430,0.0005770664687965166,0.0031515264465947594
5431,0.0005765770034455997,0.0031502276230384006
5432,0.0005760879492786586,0.0031489293334926033
5433,0.0005755993059501918,0.0031476315777423103
5434,0.0005751110731138098,0.0031463343555727177
5435,0.0005746232504275639,0.0031450376667695214
5436,0.0005741358375432881,0.0031437415111177196
5437,0.0005736488341172574,0.0031424458884026507
5438,0.0005731622398084113,0.003141150798409993
5439,0.000572676054269472,0.003139856240925408
5440,0.0005721902771584908,0.0031385622157343203
5441,0.0005717049081308545,0.0031372687226226235
5442,0.0005712199468481671,0.0031359757613758574
5443,0.0005707353929613745,0.0031346833317802414
5444,0.0005702512461320808,0.003133391433621544
5445,0.0005697675060183371,0.0031321000666865405
5446,0.0005692841722764186,0.003130809230760305
5447,0.0005688012445652646,0.0031295189256297373
5448,0.0005683187225447028,0.0031282291510754054
5449,0.0005678366058727846,0.0031269399068956337
5450,0.0005673548942102258,0.0031256511928692693
5451,0.0005668735872159658,0.0031243630087844504
5452,0.0005663926845507206,0.003123075354427185
5453,0.0005659121858725413,0.0031217882295846502
5454,0.0005654320908430321,0.003120501634043118
5455,0.0005649523991264616,0.003119215567587711
5456,0.0005644731103799927,0.003117930030008896
5457,0.0005639942242652296,0.003116645021092157
5458,0.0005635157404455526,0.0031153605406246537
5459,0.0005630376585816776,0.0031140765883928972
5460,0.0005625599783343205,0.0031127931641824653
5461,0.0005620826993721906,0.003111510267784851
5462,0.0005616058213551156,0.003110227898985494
5463,0.0005611293439411469,0.003108946057571362
5464,0.0005606532667972175,0.0031076647433248804
5465,0.0005601775895920369,0.003106383956043301
5466,0.0005597023119845446,0.0031051036955114
5467,0.0005592274336372327,0.0031038239615154214
5468,0.0005587529542188108,0.003102544753843823
5469,0.000558278873391771,0.0031012660722839376
5470,0.0005578051908203818,0.003099987916623182
5471,0.000557331906174241,0.0030987102866491707
5472,0.000556859019117617,0.003097433182153428
5473,0.0005563865293130021,0.003096156602921934
5474,0.0005559144364326585,0.003094880548743
5475,0.0005554427401373019,0.003093605019405636
5476,0.0005549714400947536,0.003092330014697414
5477,0.0005545005359746114,0.0030910555344076385
5478,0.0005540300274438081,0.0030897815783245373
5479,0.0005535599141701653,0.0030885081462368458
5480,0.0005530901958188394,0.0030872352379325563
5481,0.0005526208720620929,0.0030859628532019234
5482,0.0005521519425659704,0.0030846909918335053
5483,0.0005516834070027343,0.003083419653616276
5484,0.0005512152650366531,0.0030821488383391514
5485,0.0005507475163364361,0.0030808785457912026
5486,0.0005502801605787866,0.0030796087757618967
5487,0.0005498131974270848,0.0030783395280403816
5488,0.0005493466265553693,0.003077070802416329
5489,0.0005488804476323494,0.003075802598678734
5490,0.0005484146603302875,0.0030745349166178895
5491,0.0005479492643170047,0.003073267756022565
5492,0.0005474842592692042,0.003072001116682991
5493,0.0005470196448520426,0.003070734998389082
5494,0.0005465554207404466,0.0030694694009300756
5495,0.0005460915866102312,0.0030682043240965635
5496,0.0005456281421292175,0.003066939767678238
5497,0.0005451650869723323,0.0030656757314653747
5498,0.0005447024208100615,0.0030644122152481343
5499,0.0005442401433199962,0.0030631492188163655
5500,0.0005437782541708458,0.00306188674196068
5501,0.0005433167530410898,0.003060624784471902
5502,0.0005428556396029904,0.0030593633461399317
5503,0.0005423949135270334,0.003058102426755263
5504,0.0005419345744943627,0.0030568420261089073
5505,0.000541474622175464,0.0030555821439916774
5506,0.000541015056248817,0.0030543227801941263
5507,0.0005405558763875717,0.0030530639345069527
5508,0.0005400970822702078,0.003051805606721112
5509,0.000539638673567211,0.0030505477966279344
5510,0.0005391806499615015,0.003049290504018795
5511,0.0005387230111262298,0.0030480337286837994
5512,0.0005382657567372107,0.003046777470415391
5513,0.0005378088864773645,0.0030455217290040436
5514,0.000537352400017177,0.0030442665042416384
5515,0.000536896297036904,0.003043011795919058
5516,0.0005364405772150249,0.003041757603828781
5517,0.0005359852402317955,0.0030405039277618014
5518,0.0005355302857621425,0.003039250767510066
5519,0.0005350757134880979,0.003037998122865544
5520,0.0005346215230872531,0.003036745993619326
5521,0.0005341677142371992,0.003035494379564338
5522,0.0005337142866190803,0.003034243280491851
5523,0.0005332612399140402,0.00303299269619434
5524,0.000532808573798782,0.003031742626463975
5525,0.0005323562879597787,0.0030304930710927797
5526,0.0005319043820710689,0.003029244029873368
5527,0.0005314528558182374,0.0030279955025981527
5528,0.0005310017088824281,0.0030267474890591783
5529,0.0005305509409421205,0.0030254999890493815
5530,0.0005301005516793467,0.00302425300236139
5531,0.0005296505407788032,0.0030230065287874287
5532,0.0005292009079234106,0.0030217605681211526
5533,0.0005287516527925362,0.0030205151201549603
5534,0.0005283027750699887,0.0030192701846816425
5535,0.0005278542744386883,0.0030180257614944167
5536,0.0005274061505877725,0.0030167818503864623
5537,0.0005269584031895036,0.0030155384511505352
5538,0.00052651103193746,0.003014295563580311
5539,0.0005260640365136737,0.0030130531874689656
5540,0.0005256174166010652,0.0030118113226096366
5541,0.0005251711718825547,0.003010569968796402
5542,0.0005247253020490561,0.0030093291258221806
5543,0.0005242798067817134,0.003008088793481172
5544,0.000523834685764335,0.0030068489715665593
5545,0.0005233899386878349,0.003005609659872576
5546,0.0005229455652377979,0.003004370858192728
5547,0.0005225015650944798,0.003003132566321256
5548,0.0005220579379496826,0.003001894784051988
5549,0.0005216146834916557,0.003000657511178669
5550,0.000521171801400655,0.0029994207474961683
5551,0.0005207292913702588,0.002998184492798251
5552,0.0005202871530913811,0.002996948746879731
5553,0.0005198453862425012,0.002995713509534058
5554,0.0005194039905163095,0.0029944787805566593
5555,0.0005189629656010553,0.0029932445597414606
5556,0.0005185223111885406,0.0029920108468834763
5557,0.0005180820269634623,0.00299077764177692
5558,0.0005176421126167341,0.0029895449442171977
5559,0.0005172025678383818,0.0029883127539987245
5560,0.000516763392317543,0.0029870810709164627
5561,0.000516324585742467,0.0029858498947657013
5562,0.0005158861478093968,0.0029846192253369236
5563,0.0005154480782012527,0.002983389062434158
5564,0.0005150103766178304,0.002982159405847701
5565,0.0005145730427411621,0.0029809302553735553
5566,0.0005141360762666025,0.0029797016108069653
5567,0.0005136994768868419,0.0029784734719429627
5568,0.0005132632442954588,0.002977245838577742
5569,0.0005128273781753734,0.002976018710506123
5570,0.000512391878229046,0.0029747920875243077
5571,0.0005119567441447259,0.0029735659694282955
5572,0.000511521975617768,0.002972340356013365
5573,0.0005110875723390862,0.002971115247074819
5574,0.0005106535340040352,0.002969890642410534
5575,0.0005102198603035291,0.0029686665418152125
5576,0.0005097865509346988,0.0029674429450855418
5577,0.0005093536055893466,0.0029662198520173447
5578,0.0005089210239646036,0.002964997262407218
5579,0.0005084888057513837,0.0029637751760513385
5580,0.0005080569506485944,0.0029625535927458937
5581,0.0005076254583498141,0.0029613325122880597
5582,0.0005071943285495095,0.0029601119344742043
5583,0.0005067635609465881,0.0029588918591007124
5584,0.0005063331552346284,0.002957672285964278
5585,0.0005059031111125378,0.002956453214861994
5586,0.0005054734282712303,0.0029552346455908873
5587,0.0005050441064131661,0.0029540165779475686
5588,0.0005046151452319236,0.0029527990117293283
5589,0.0005041865444281868,0.0029515819467338354
5590,0.0005037583036964222,0.0029503653827567845
5591,0.0005033304227373137,0.0029491493195965
5592,0.0005029029012444397,0.0029479337570502036
5593,0.0005024757389220369,0.0029467186949155323
5594,0.0005020489354672364,0.002945504132989392
5595,0.0005016224905736166,0.0029442900710697183
5596,0.0005011964039471906,0.002943076508954392
5597,0.0005007706752824248,0.002941863446440561
5598,0.0005003453042844441,0.0029406508833263734
5599,0.0004999202906459388,0.0029394388194099556
5600,0.0004994956340720336,0.0029382272544891085
5601,0.000499071334261636,0.0029370161883613757
5602,0.000498647390916318,0.0029358056208253942
5603,0.0004982238037367637,0.002934595551679152
5604,0.0004978005724227685,0.0029333859807217956
5605,0.0004973776966776811,0.002932176907750092
5606,0.0004969551762012969,0.0029309683325628756
5607,0.0004965330106969645,0.002929760254958863
5608,0.000496111199866256,0.0029285526747369547
5609,0.0004956897434125196,0.0029273455916954995
5610,0.0004952686410364393,0.0029261390056329363
5611,0.0004948478924431399,0.0029249329163484362
5612,0.0004944274973350815,0.002923727323555104
5613,0.0004940074554147245,0.002922522227222824
5614,0.0004935877663863053,0.0029213176270655276
5615,0.000493168429955837,0.0029201135228262703
5616,0.0004927494458213388,0.002918909914415662
5617,0.0004923308136968174,0.002917706801577099
5618,0.000491912533280292,0.0029165041840657838
5619,0.0004914946042768875,0.0029153020617694557
5620,0.0004910770263917286,0.0029141004344441328
5621,0.0004906597993361572,0.002912899301887987
5622,0.0004902429228064165,0.0029116986639016497
5623,0.0004898263965156247,0.0029104985202842507
5624,0.0004894102201689066,0.002909298870835769
5625,0.0004889943934687224,0.002908099715356202
5626,0.0004885789161246379,0.0029069010536449044
5627,0.0004881637878462186,0.0029057028855026847
5628,0.000487749008336813,0.0029045052107289186
5629,0.00048733457730509855,0.002903308029124061
5630,0.0004869204944562,0.0029021113404880013
5631,0.00048650675950323574,0.0029009151446213396
5632,0.00048609337215044235,0.0028997194412687596
5633,0.00048568033210916184,0.0028985242303417903
5634,0.0004852676390836308,0.0028973295115855245
5635,0.00048485529278519124,0.002896135284800344
5636,0.0004844432929251852,0.002894941549786846
5637,0.00048403163920962555,0.002893748306346089
5638,0.0004836203313498544,0.0028925555542783643
5639,0.0004832093690572137,0.0028913632933851956
5640,0.00048279875203860456,0.002890171523466975
5641,0.00048238848000536905,0.002888980244325226
5642,0.0004819785526715137,0.0028877894557605074
5643,0.00048156896974127505,0.002886599157574384
5644,0.0004811597309322124,0.002885409349567866
5645,0.00048075083595477963,0.002884220031542404
5646,0.0004803422845158778,0.0028830312032994306
5647,0.000479934076332178,0.0028818428646407747
5648,0.0004795262111123577,0.0028806550153669293
5649,0.00047911868857308804,0.002879467655280521
5650,0.0004787115084203819,0.002878280784182702
5651,0.00047830467037623947,0.002877094401875585
5652,0.0004778981741448973,0.002875908508161152
5653,0.00047749201944391473,0.0028747231028408114
5654,0.0004770862059890746,0.0028735381857169784
5655,0.0004766807334881662,0.0028723537565911936
5656,0.0004762756016587488,0.00287116981526608
5657,0.0004758708102166054,0.0028699863615436957
5658,0.00047546635886952515,0.0028688033952265594
5659,0.000475062247343061,0.002867620916116722
5660,0.0004746584753432259,0.0028664389240165393
5661,0.00047425504258935547,0.0028652574187288116
5662,0.00047385194879812076,0.002864076400056398
5663,0.0004734491936808638,0.002862895867800322
5664,0.00047304677695603203,0.0028617158217658957
5665,0.0004726446983411847,0.0028605362617542367
5666,0.0004722429575467757,0.002859357187568995
5667,0.00047184155429746966,0.0028581785990122455
5668,0.0004714404883046086,0.0028570004958876835
5669,0.00047103975929285724,0.0028558228779986435
5670,0.0004706393669682285,0.0028546457451477
5671,0.00047023931105627526,0.002853469097138569
5672,0.0004698395912736686,0.0028522929337739603
5673,0.00046944020733796776,0.0028511172548580446
5674,0.0004690411589693966,0.002849942060193549
5675,0.00046864244587929704,0.002848767349584721
5676,0.0004682440677949984,0.0028475931228348385
5677,0.0004678460244322835,0.002846419379747382
5678,0.00046744831550959987,0.0028452461201266648
5679,0.0004670509407489476,0.002844073343776121
5680,0.0004666538998705505,0.0028429010504997833
5681,0.00046625719259107967,0.002841729240101603
5682,0.0004658608186298707,0.0028405579123860943
5683,0.0004654647777124765,0.002839387067156734
5684,0.0004650690695582327,0.0028382167042178413
5685,0.00046467369388114577,0.0028370468233740107
5686,0.00046427865041387406,0.002835877424429617
5687,0.00046388393886953594,0.002834708507188883
5688,0.0004634895589754606,0.002833540071456239
5689,0.00046309551044654285,0.00283237211703671
5690,0.000462701793011,0.0028312046437344446
5691,0.0004623084063881677,0.002830037651354554
5692,0.00046191535030359887,0.002828871139701452
5693,0.0004615226244784054,0.0028277051085805922
5694,0.00046113022863281117,0.00282653955779635
5695,0.0004607381624950335,0.0028253744871540067
5696,0.0004603464257852963,0.0028242098964586897
5697,0.0004599550182291523,0.002823045785515791
5698,0.00045956393954948993,0.002821882154129811
5699,0.00045917318947186203,0.0028207190021069806
5700,0.0004587827677200451,0.0028195563292520015
5701,0.00045839267401959205,0.002818394135370786
5702,0.0004580029080916148,0.002817232420268583
5703,0.0004576134696687717,0.0028160711837512016
5704,0.00045722435846951015,0.002814910425624234
5705,0.0004568355742211594,0.0028137501456936068
5706,0.0004564471166519368,0.002812590343764798
5707,0.00045605898548650714,0.002811431019644005
5708,0.0004556711804504232,0.0028102721731370385
5709,0.00045528370127101425,0.0028091138040500993
5710,0.0004548965476764977,0.0028079559121892764
5711,0.00045450971939065,0.0028067984973607595
5712,0.0004541232161452413,0.002805641559370728
5713,0.0004537370376622718,0.002804485098025996
5714,0.00045335118367351157,0.0028033291131320283
5715,0.00045296565390628984,0.0028021736044960277
5716,0.00045258044808882403,0.0028010185719247634
5717,0.0004521955659502197,0.0027998640152245395
5718,0.0004518110072142534,0.002798709934201466
5719,0.00045142677161447153,0.0027975563286636376
5720,0.0004510428588808679,0.0027964031984168206
5721,0.0004506592687398836,0.002795250543268405
5722,0.0004502760009224005,0.002794098363025497
5723,0.00044989305515930056,0.0027929466574947853
5724,0.00044951043117702483,0.002791795426483796
5725,0.00044912812871000796,0.0027906446697993255
5726,0.00044874614748557917,0.0027894943872493333
5727,0.0004483644872346204,0.0027883445786349367
5728,0.0004479831476924545,0.0027871952437717624
5729,0.00044760212858463433,0.002786046382468474
5730,0.0004472214296464827,0.0027848979945289606
5731,0.00044684105060621704,0.0027837500797612096
5732,0.000446460991198272,0.0027826026379727947
5733,0.0004460812511535295,0.0027814556689714394
5734,0.0004457018302046478,0.0027803091725656405
5735,0.0004453227280842853,0.0027791631485626182
5736,0.0004449439445259884,0.002778017596770887
5737,0.0004445654792624154,0.0027768725169979684
5738,0.0004441873320235601,0.0027757279090523945
5739,0.000443809502548298,0.0027745837727424713
5740,0.0004434319905657347,0.0027734401078766333
5741,0.0004430547958147457,0.00277229691426285
5742,0.00044267791801821943,0.002771154191710267
5743,0.0004423013569265777,0.0027700119400262853
5744,0.00044192511226182063,0.002768870159020692
5745,0.00044154918376637653,0.0027677288485013427
5746,0.0004411735711711273,0.002766588008277511
5747,0.00044079827421139584,0.0027654476381577565
5748,0.0004404232926233931,0.0027643077379511383
5749,0.0004400486261424419,0.0027631683074665556
5750,0.00043967427450564145,0.0027620293465129356
5751,0.0004393002374483146,0.0027608908548996045
5752,0.0004389265147066723,0.0027597528324356073
5753,0.00043855310601692565,0.0027586152789299545
5754,0.0004381800111161738,0.0027574781941926696
5755,0.00043780722974240405,0.0027563415780324473
5756,0.0004374347616309393,0.0027552054302593804
5757,0.00043706260652243145,0.0027540697506824204
5758,0.0004366907641530915,0.0027529345391112646
5759,0.0004363192342564659,0.0027517997953561066
5760,0.00043594801657498294,0.0027506655192266055
5761,0.0004355771108492945,0.0027495317105320147
5762,0.0004352065168120589,0.0027483983690830237
5763,0.0004348362342057044,0.0027472654946888372
5764,0.0004344662627691065,0.0027461330871601623
5765,0.00043409660224114077,0.0027450011463066686
5766,0.00043372725236068277,0.0027438696719388825
5767,0.0004333582128683844,0.0027427386638668484
5768,0.000432989483502233,0.0027416081219009576
5769,0.00043262106400732137,0.0027404780458518616
5770,0.00043225295411541964,0.0027393484355299723
5771,0.00043188515357339696,0.0027382192907455596
5772,0.0004315176621201289,0.002737090611294714
5773,0.00043115047949804364,0.002735962397017268
5774,0.00043078360544690497,0.002734834647710016
5775,0.00043041703970914114,0.0027337073631834574
5776,0.0004300507820262922,0.0027325805432483682
5777,0.00042968483213723374,0.0027314541877155422
5778,0.0004293191897870585,0.0027303282963963074
5779,0.0004289538547181948,0.0027292028691022277
5780,0.0004285888266704063,0.002728077905643698
5781,0.0004282241053914504,0.0027269534058324274
5782,0.00042785969062109075,0.0027258293694799006
5783,0.0004274955820990911,0.002724705796397161
5784,0.00042713177957587334,0.002723582686395859
5785,0.000426768282790313,0.0027224600392880376
5786,0.0004264050914848383,0.002721337854884636
5787,0.00042604220540898297,0.0027202161329976035
5788,0.0004256796243042871,0.002719094873438556
5789,0.0004253173479122907,0.002717974076020143
5790,0.00042495537598252753,0.0027168537405532975
5791,0.00042459370825653764,0.002715733866850381
5792,0.0004242323444811902,0.0027146144547237454
5793,0.00042387128440246613,0.0027134955039851937
5794,0.0004235105277636819,0.002712377014446949
5795,0.000423150074308154,0.0027112589859212832
5796,0.0004227899237871924,0.002710141418220905
5797,0.0004224300759450017,0.0027090243111577393
5798,0.0004220705305293393,0.0027079076645445885
5799,0.00042171128728440976,0.0027067914781941614
5800,0.00042135234595708226,0.002705675751918591
5801,0.0004209937062951141,0.002704560485530968
5802,0.000420635368048039,0.002703445678844261
5803,0.0004202773309591734,0.0027023313316706064
5804,0.0004199195947798273,0.0027012174438238966
5805,0.0004195621592533172,0.002700104015116441
5806,0.0004192050241327294,0.0026989910453614763
5807,0.00041884818916582134,0.0026978785343719086
5808,0.0004184916540959094,0.00269676648196154
5809,0.00041813541867607995,0.0026956548879434154
5810,0.00041777948265586673,0.0026945437521304245
5811,0.0004174238457812507,0.0026934330743366916
5812,0.00041706850780443006,0.002692322854375241
5813,0.0004167134684758267,0.002691213092059861
5814,0.00041635872754142156,0.0026901037872042073
5815,0.0004160042847534129,0.00268899493962179
5816,0.0004156501398631107,0.002687886549126689
5817,0.0004152962926173842,0.002686778615532289
5818,0.00041494274277020793,0.0026856711386529855
5819,0.00041458949007200374,0.002684564118302389
5820,0.000414236534270529,0.00268345755429502
5821,0.00041388387512242275,0.002682351446444721
5822,0.00041353151237633057,0.0026812457945656447
5823,0.0004131794457817861,0.0026801405984721756
5824,0.0004128276750945403,0.0026790358579787295
5825,0.0004124762000641269,0.0026779315728997083
5826,0.0004121250204445204,0.0026768277430497187
5827,0.0004117741359852545,0.0026757243682429925
5828,0.0004114235464420801,0.002674621448294296
5829,0.00041107325156719554,0.002673518983018354
5830,0.00041072325111723984,0.002672416972230151
5831,0.000410373544838194,0.0026713154157445296
5832,0.00041002413248847347,0.002670214313375826
5833,0.0004096750138193883,0.002669113664939545
5834,0.00040932618858668945,0.002668013470250599
5835,0.0004089776565443515,0.0026669137291243164
5836,0.0004086294174481253,0.0026658144413758723
5837,0.000408281471049321,0.0026647156068202657
5838,0.0004079338171072422,0.0026636172252728456
5839,0.00040758645536875804,0.0026625192965492386
5840,0.0004072393855967249,0.0026614218204650056
5841,0.0004068926075442292,0.002660324796835513
5842,0.00040654612096791,0.0026592282254763316
5843,0.0004061999256226301,0.0026581321062033522
5844,0.0004058540212641404,0.0026570364388321423
5845,0.00040550840764730367,0.0026559412231788454
5846,0.0004051630845314236,0.002654846459059057
5847,0.00040481805167136287,0.002653752146288966
5848,0.000404473308825537,0.002652658284684261
5849,0.0004041288557496969,0.0026515648740619256
5850,0.00040378469219959356,0.0026504719142368335
5851,0.00040344081793541875,0.002649379405026419
5852,0.00040309723271558795,0.00264828734624668
5853,0.0004027539362958521,0.002647195737713555
5854,0.00040241092843551485,0.0026461045792439963
5855,0.00040206820889032713,0.0026450138706544044
5856,0.00040172577742048077,0.0026439236117613944
5857,0.00040138363378350306,0.002642833802381322
5858,0.00040104177774313854,0.002641744442331846
5859,0.0004007002090524736,0.0026406555314286324
5860,0.00040035892747347646,0.002639567069489781
5861,0.0004000179327654507,0.0026384790563315497
5862,0.0003996772246894764,0.002637391491771106
5863,0.0003993368030048572,0.0026363043756251134
5864,0.00039899666746734397,0.002635217707711586
5865,0.00039865681784245766,0.0026341314878512642
5866,0.0003983172538895019,0.002633045715855181
5867,0.0003979779753695567,0.0026319603915412743
5868,0.0003976389820428139,0.002630875514728924
5869,0.0003973002736685771,0.0026297910852353494
5870,0.00039696185000970274,0.002628707102878488
5871,0.0003966237108299353,0.0026276235674761138
5872,0.0003962858558876903,0.002626540478845297
5873,0.0003959482849467122,0.0026254578368046545
5874,0.00039561099776808106,0.0026243756411715342
5875,0.00039527399411554143,0.0026232938917633494
5876,0.00039493727375106147,0.002622212588399425
5877,0.00039460083643749755,0.0026211317308970604
5878,0.0003942646819350415,0.00262005131907473
5879,0.00039392881001099056,0.002618971352750476
5880,0.00039359322042553657,0.0026178918317425887
5881,0.00039325791294331225,0.002616812755869391
5882,0.00039292288733161485,0.002615734124949292
5883,0.00039258814334797165,0.0026146559388012455
5884,0.00039225368076234446,0.0026135781972443407
5885,0.0003919194993349251,0.0026125009000956163
5886,0.00039158559882768174,0.0026114240471746437
5887,0.0003912519790141289,0.0026103476382995892
5888,0.0003909186396509057,0.0026092716732900485
5889,0.0003905855805106384,0.0026081961519641116
5890,0.0003902528013508544,0.002607121074141884
5891,0.0003899203019441799,0.002606046439641803
5892,0.00038958808204725415,0.002604972248283245
5893,0.0003892561414353679,0.0026038984998852273
5894,0.0003889244798696012,0.002602825194267154
5895,0.0003885930971190277,0.0026017523312480036
5896,0.00038826199294828,0.002600679910432259
5897,0.0003879311671237673,0.0025996079320698452
5898,0.0003876006194127868,0.002598536395549883
5899,0.0003872703495835239,0.002597465301122537
5900,0.0003869403574032759,0.0025963946483924215
5901,0.00038661064263578737,0.002595324437179296
5902,0.0003862812050519082,0.002594254667302561
5903,0.00038595204442071207,0.0025931853385820457
5904,0.0003856231605094962,0.002592116450837626
5905,0.0003852945530820051,0.002591048003890095
5906,0.0003849662219126415,0.0025899799975592393
5907,0.00038463816676959084,0.0025889124316649213
5908,0.000384310387418374,0.002587845305812235
5909,0.0003839828836298409,0.002586778620253166
5910,0.0003836556551730652,0.002585712374591348
5911,0.0003833287018153442,0.002584646568647757
5912,0.00038300202333196864,0.0025835812022420544
5913,0.000382675619485795,0.002582516275196064
5914,0.00038234949005300223,0.002581451787329679
5915,0.0003820236347991113,0.002580387738464373
5916,0.0003816980534985248,0.0025793241284206916
5917,0.00038137274591676373,0.002578260957019088
5918,0.0003810477118300071,0.0025771982240805937
5919,0.00038072295100288756,0.002576135929426321
5920,0.00038039846321513693,0.002575074072878075
5921,0.00038007424822961156,0.002574012654255671
5922,0.000379750305825155,0.0025729516733810284
5923,0.00037942663576906455,0.0025718911300752142
5924,0.0003791032378330783,0.002570831024160114
5925,0.0003787801117907108,0.002569771355456253
5926,0.0003784572574163647,0.002568712123786055
5927,0.00037813467447911364,0.0025676533289707287
5928,0.0003778123627524721,0.0025665949708315976
5929,0.0003774903220081782,0.002565537049190495
5930,0.0003771685520206347,0.0025644795638700042
5931,0.00037684705256690876,0.002563422514690543
5932,0.00037652582341340946,0.0025623659014746593
5933,0.0003762048643380922,0.0025613097240446414
5934,0.000375884175117136,0.0025602539822221666
5935,0.0003755637555160618,0.0025591986758299635
5936,0.0003752436053190422,0.0025581438046893452
5937,0.0003749237242933745,0.002557089368622586
5938,0.0003746041122187904,0.0025560353674522335
5939,0.00037428476886525175,0.0025549818010011938
5940,0.0003739656940107139,0.002553928669091328
5941,0.00037364688742869134,0.002552875971545014
5942,0.0003733283488971395,0.0025518237081855293
5943,0.0003730100781886847,0.002550771878835123
5944,0.00037269207508039415,0.0025497204833166594
5945,0.0003723743393475587,0.0025486695214527455
5946,0.0003720568707699101,0.002547618993066634
5947,0.00037173966911918654,0.0025465688979804772
5948,0.00037142273417067884,0.002545519236017483
5949,0.0003711060657094478,0.0025444700070015903
5950,0.00037078966350190257,0.0025434212107549037
5951,0.0003704735273322157,0.0025423728471011438
5952,0.00037015765697567815,0.0025413249158635735
5953,0.00036984205221024524,0.0025402774168655426
5954,0.0003695267128129842,0.0025392303499302687
5955,0.00036921163855918593,0.002538183714881539
5956,0.0003688968292303585,0.002537137511542758
5957,0.00036858228460268094,0.0025360917397373867
5958,0.0003682680044567732,0.002535046399288799
5959,0.0003679539885697025,0.0025340014900217846
5960,0.00036764023672031243,0.0025329570117590995
5961,0.0003673267486874465,0.002531912964325509
5962,0.00036701352424728384,0.002530869347544179
5963,0.00036670056318754973,0.002529826161239892
5964,0.00036638786527909417,0.002528783405236091
5965,0.0003660754303052016,0.002527741079357125
5966,0.000365763258046492,0.002526699183427749
5967,0.00036545134828092074,0.0025256577172715067
5968,0.00036513970078821956,0.002524616680713007
5969,0.0003648283153525611,0.0025235760735768907
5970,0.0003645171917501244,0.0025225358956875374
5971,0.0003642063297668585,0.0025214961468695354
5972,0.00036389572917716606,0.002520456826947518
5973,0.0003635853897696606,0.0025194179357463133
5974,0.000363275311319633,0.002518379473090547
5975,0.00036296549361125585,0.002517341438804818
5976,0.00036265593642514915,0.0025163038327140445
5977,0.000362346639542821,0.0025152666546440494
5978,0.00036203760274933217,0.00251422990441667
5979,0.00036172882582441446,0.0025131935818609834
5980,0.00036142030855046414,0.002512157686801627
5981,0.00036111205071254204,0.0025111222190635357
5982,0.0003608040520877154,0.002510087178471395
5983,0.00036049631246548586,0.002509052564850723
5984,0.00036018883162469706,0.0025080183780271555
5985,0.000359881609351298,0.002506984617825791
5986,0.0003595746454285731,0.0025059512840727577
5987,0.00035926793963980685,0.002504918376593196
5988,0.00035896149176828374,0.0025038858952133973
5989,0.0003586553015981764,0.002502853839758422
5990,0.00035834936891276925,0.0025018222100546238
5991,0.00035804369349712317,0.0025007910059281803
5992,0.0003577382751398517,0.002499760227204443
5993,0.0003574331136206865,0.0024987298737100677
5994,0.00035712820872735307,0.0024976999452707045
5995,0.0003568235602422476,0.0024966704417128255
5996,0.00035651916795398364,0.0024956413628625038
5997,0.0003562150316449575,0.0024946127085466313
5998,0.0003559111511028945,0.0024935844785907643
5999,0.0003556075261128555,0.002492556672821937
6000,0.0003553041564616777,0.002491529291066469
6001,0.0003550010419361982,0.0024905023331509638
6002,0.00035469818232325423,0.0024894757989022305
6003,0.0003543955774043539,0.0024884496881470673
6004,0.00035409322697166346,0.0024874240007119776
6005,0.00035379113081290825,0.0024863987364240406
6006,0.0003534892887095964,0.0024853738951102038
6007,0.00035318770045300596,0.0024843494765973417
6008,0.00035288636582819777,0.00248332548071261
6009,0.00035258528462822625,0.002482301907283272
6010,0.0003522844566354877,0.0024812787561364416
6011,0.00035198388164126015,0.0024802560270993264
6012,0.0003516835594297163,0.0024792337199994567
6013,0.00035138348979391054,0.0024782118346638148
6014,0.0003510836725189037,0.002477190370920611
6015,0.00035078410739686205,0.0024761693285977084
6016,0.0003504847942128464,0.0024751487075208994
6017,0.00035018573275991116,0.002474128507519057
6018,0.0003498869228231172,0.0024731087284194132
6019,0.0003495883641972952,0.002472089370050355
6020,0.00034929005666572976,0.0024710704322397116
6021,0.0003489920000223634,0.0024700519148152175
6022,0.00034869419405758606,0.002469033817605014
6023,0.0003483966385582349,0.0024680161404371515
6024,0.00034809933331647613,0.0024669988831395526
6025,0.00034780227812447606,0.002465982045540771
6026,0.0003475054727708482,0.0024649656274692115
6027,0.0003472089170477588,0.002463949628752699
6028,0.00034691261074559776,0.002462934049219989
6029,0.0003466165536574195,0.002461918888699295
6030,0.00034632074556828485,0.002460904147019393
6031,0.0003460251862756891,0.0024598898240089477
6032,0.0003457298755709104,0.0024588759194967627
6033,0.00034543481324433856,0.0024578624333110796
6034,0.00034513999908902804,0.002456849365281545
6035,0.00034484543289803327,0.0024558367152357694
6036,0.00034455111446085596,0.0024548244830041727
6037,0.0003442570435723269,0.002453812668414254
6038,0.0003439632200255005,0.0024528012712971524
6039,0.00034366964361254304,0.0024517902914822608
6040,0.00034337631412650893,0.002450779728795087
6041,0.00034308323135867624,0.0024497695830684035
6042,0.0003427903951056521,0.0024487598541289395
6043,0.0003424978051640437,0.002447750541807514
6044,0.0003422054613206882,0.0024467416459335485
6045,0.00034191336337396905,0.0024457331663363807
6046,0.0003416215111142762,0.0024447251028461153
6047,0.0003413299043399931,0.0024437174552919654
6048,0.0003410385428450624,0.002442710223504195
6049,0.0003407474264243149,0.0024417034073118543
6050,0.00034045655486991677,0.002440697006545329
6051,0.0003401659279784752,0.0024396910210348795
6052,0.0003398755455465974,0.00243868545061
6053,0.000339585407369114,0.002437680295100799
6054,0.0003392955132390796,0.002436675554337627
6055,0.00033900586295576574,0.002435671228150426
6056,0.00033871645631045055,0.0024346673163699976
6057,0.0003384272931059584,0.0024336638188262767
6058,0.00033813837313179107,0.0024326607353494824
6059,0.0003378496961889965,0.0024316580657706074
6060,0.00033756126207240555,0.002430655809920062
6061,0.0003372730705804017,0.002429653967628013
6062,0.0003369851215060393,0.002428652538725859
6063,0.00033669741464859015,0.0024276515230438854
6064,0.00033640994980821404,0.0024266509204130225
6065,0.00033612272677618904,0.002425650730664884
6066,0.00033583574535533955,0.002424650953628524
6067,0.0003355490053422727,0.0024236515891364295
6068,0.0003352625065335957,0.0024226526370190356
6069,0.0003349762487294683,0.002421654097107852
6070,0.00033469023172472134,0.002420655969233989
6071,0.0003344044553221792,0.00241965825322827
6072,0.00033411891931844906,0.0024186609489232
6073,0.000333833623510138,0.002417664056148988
6074,0.00033354856770095864,0.0024166675747375917
6075,0.00033326375168574174,0.0024156715045207805
6076,0.0003329791752664235,0.002414675845329853
6077,0.0003326948382396111,0.002413680596996079
6078,0.00033241074040990526,0.002412685759351961
6079,0.0003321268815703604,0.0024116913322291995
6080,0.00033184326152913,0.002410697315459051
6081,0.00033155988007749215,0.0024097037088738477
6082,0.00033127673702004756,0.0024087105123055536
6083,0.0003309938321605088,0.0024077177255868998
6084,0.0003307111652972594,0.0024067253485486814
6085,0.00033042873622868285,0.002405733381023706
6086,0.0003301465447584917,0.0024047418228446693
6087,0.0003298645906841813,0.002403750673843387
6088,0.0003295828738112405,0.0024027599338522047
6089,0.00032930139394071745,0.0024017696027040375
6090,0.0003290201508692192,0.0024007796802310542
6091,0.0003287391444075638,0.002399790166265691
6092,0.00032845837434880565,0.002398801060640863
6093,0.0003281778405019864,0.0023978123631894777
6094,0.00032789754266460136,0.0023968240737439507
6095,0.00032761748063858676,0.002395836192137051
6096,0.0003273376542347606,0.0023948487182019786
6097,0.0003270580632444009,0.0023938616517717656
6098,0.00032677870748010207,0.002392874992679518
6099,0.0003264995867393594,0.002391888740757943
6100,0.00032622070082766186,0.0023909028958402807
6101,0.0003259420495469456,0.002389917457760224
6102,0.0003256636327035878,0.002388932426350864
6103,0.0003253854500995246,0.0023879478014454635
6104,0.0003251075015375804,0.002386963582877221
6105,0.0003248297868250205,0.0023859797704798673
6106,0.00032455230576289296,0.0023849963640870733
6107,0.000324275058158463,0.0023840133635324376
6108,0.0003239980438145551,0.002383030768649614
6109,0.0003237212625366581,0.0023820485792726553
6110,0.0003234447141293728,0.0023810667952348513
6111,0.0003231683983981881,0.002380085416370338
6112,0.00032289231514948113,0.0023791044425131996
6113,0.0003226164641878526,0.0023781238734971767
6114,0.00032234084531523877,0.0023771437091568114
6115,0.0003220654583424576,0.0023761639493258616
6116,0.00032179030307410983,0.002375184593838526
6117,0.00032151537931479623,0.0023742056425293777
6118,0.0003212406868744466,0.002373227095232744
6119,0.00032096622555410903,0.0023722489517828474
6120,0.00032069199516548963,0.0023712712120137446
6121,0.000320417995512301,0.0023702938757609836
6122,0.0003201442264009202,0.00236931694285868
6123,0.00031987068763950077,0.002368340413141032
6124,0.0003195973790370843,0.0023673642864437613
6125,0.00031932430039827153,0.0023663885626010357
6126,0.0003190514515338805,0.0023654132414476087
6127,0.0003187788322476237,0.0023644383228187335
6128,0.0003185064423512074,0.002363463806549497
6129,0.00031823428165012047,0.002362489692474278
6130,0.0003179623499525164,0.0023615159804292636
6131,0.00031769064706832495,0.0023605426702488497
6132,0.00031741917280569965,0.0023595697617684215
6133,0.0003171479269701294,0.0023585972548234996
6134,0.0003168769093759849,0.0023576251492494794
6135,0.0003166061198287551,0.0023566534448817116
6136,0.00031633555814014613,0.002355682141555522
6137,0.0003160652241147588,0.002354711239106841
6138,0.00031579511756785195,0.0023537407373709213
6139,0.00031552523830402635,0.0023527706361838666
6140,0.0003152555861376527,0.0023518009353813846
6141,0.0003149861608724436,0.0023508316347991623
6142,0.0003147169623254342,0.00234986273427322
6143,0.0003144479903038899,0.0023488942336392787
6144,0.0003141792446177405,0.002347926132733699
6145,0.00031391072508046847,0.0023469584313924353
6146,0.0003136424315002273,0.002345991129451233
6147,0.0003133743636842823,0.0023450242267474795
6148,0.0003131065214532214,0.0023440577231162475
6149,0.00031283890460986896,0.0023430916183942337
6150,0.0003125715129668194,0.0023421259124183497
6151,0.00031230434634110793,0.002341160605024671
6152,0.00031203740453911166,0.002340195696049631
6153,0.00031177068737253677,0.0023392311853221055
6154,0.00031150419465575396,0.002338267072694418
6155,0.00031123792620313395,0.00233730335799575
6156,0.000310971881821942,0.002336340041062722
6157,0.0003107060613292134,0.002335377121732235
6158,0.00031044046453398977,0.002334414599840604
6159,0.0003101750912506418,0.002333452475225966
6160,0.0003099099412908757,0.0023324907477246214
6161,0.0003096450144708385,0.002331529417173999
6162,0.00030938031060046,0.0023305684834111218
6163,0.0003091158294976637,0.002329607946273536
6164,0.0003088515709714912,0.002328647805597557
6165,0.00030858753483720136,0.0023276880612220566
6166,0.00030832372090916493,0.0023267287129834224
6167,0.00030806012900086444,0.0023257697607196245
6168,0.00030779675892755876,0.0023248112042679736
6169,0.0003075336105000659,0.002323853043466547
6170,0.0003072706835389738,0.0023228952781522046
6171,0.0003070079778542123,0.0023219379081558487
6172,0.00030674549326281664,0.002320980933330337
6173,0.0003064832295809339,0.0023200243535058153
6174,0.000306221186619382,0.0023190681685204863
6175,0.00030595936419430814,0.0023181123782124516
6176,0.0003056977621263002,0.0023171569824190254
6177,0.0003054363802270643,0.0023162019809791837
6178,0.00030517521831274763,0.0023152473737310802
6179,0.000304914276198609,0.002314293160512425
6180,0.0003046535537016837,0.0023133393411619574
6181,0.0003043930506381187,0.002312385915518085
6182,0.0003041327668276139,0.002311432883419024
6183,0.0003038727020792109,0.0023104802447037956
6184,0.000303612856215274,0.002309527999210713
6185,0.00030335322905283846,0.0023085761467781796
6186,0.00030309382040627497,0.0023076246872453104
6187,0.0003028346300917306,0.0023066736204506236
6188,0.00030257565793068153,0.002305722946233126
6189,0.0003023169037374984,0.0023047726644316244
6190,0.00030205836733188107,0.002303822774885115
6191,0.0003018000485326411,0.002302873277432612
6192,0.0003015419471523728,0.0023019241719131403
6193,0.00030128406301432875,0.0023009754581664286
6194,0.0003010263959337678,0.0023000271360311027
6195,0.0003007689457312779,0.0022990792053437514
6196,0.0003005117122221179,0.002298131665949485
6197,0.0003002546952295404,0.002297184517684729
6198,0.00029999789456791603,0.0022962377603889805
6199,0.0002997413100604973,0.002295291393902145
6200,0.0002994849415225431,0.0022943454180607767
6201,0.0002992287887764178,0.0022933998327100587
6202,0.0002989728516409329,0.002292454637686934
6203,0.00029871712993490007,0.002291509832831516
6204,0.0002984616234762427,0.002290565417982747
6205,0.0002982063320855488,0.0022896213929818436
6206,0.00029795125558873536,0.0022886777576675878
6207,0.00029769639379750856,0.0022877345118811863
6208,0.0002974417465395618,0.0022867916554620074
6209,0.00029718731363015394,0.002285849188250238
6210,0.0002969330948916493,0.0022849071100866716
6211,0.00029667909014641225,0.0022839654208107844
6212,0.00029642529921325433,0.002283024120263537
6213,0.0002961717219136517,0.0022820832082853515
6214,0.00029591835807174505,0.0022811426847165125
6215,0.0002956652075036814,0.002280202549397828
6216,0.0002954122700336015,0.002279262802169186
6217,0.0002951595454838696,0.0022783234428724007
6218,0.00029490703367862636,0.0022773844713475586
6219,0.00029465473443313073,0.002276445887435051
6220,0.0002944026475768524,0.002275507690976626
6221,0.0002941507729268267,0.0022745698818128456
6222,0.0002938991103098587,0.0022736324597846212
6223,0.00029364765954387195,0.002272695424733115
6224,0.00029339642045389525,0.00227175877649936
6225,0.00029314539286495744,0.002270822514924487
6226,0.00029289457659587015,0.002269886639850057
6227,0.0002926439714761031,0.0022689511511172974
6228,0.0002923935773209152,0.0022680160485670023
6229,0.0002921433939579998,0.0022670813320416414
6230,0.00029189342121505035,0.0022661470013817173
6231,0.0002916436589073257,0.002265213056429405
6232,0.00029139410686518374,0.0022642794970258867
6233,0.00029114476491010066,0.0022633463230131295
6234,0.0002908956328662171,0.0022624135342330792
6235,0.0002906467105603383,0.0022614811305271022
6236,0.0002903979978139404,0.00226054911173746
6237,0.0002901494944520522,0.002259617477705849
6238,0.0002899012003023671,0.0022586862282743016
6239,0.00028965311518813763,0.0022577553632848572
6240,0.00028940523893261627,0.002256824882579972
6241,0.0002891575713626082,0.0022558947860011336
6242,0.0002889101123058069,0.0022549650733913705
6243,0.0002886628615863529,0.0022540357445923684
6244,0.00028841581902572244,0.002253106799447048
6245,0.00028816898445693795,0.002252178237797397
6246,0.0002879223576952583,0.002251250059486301
6247,0.0002876759385816996,0.002250322264355672
6248,0.00028742972693329705,0.0022493948522489156
6249,0.0002871837225750795,0.0022484678230082836
6250,0.0002869379253391813,0.002247541176476478
6251,0.00028669233504796665,0.0022466149124967076
6252,0.0002864469515309054,0.002245689030911307
6253,0.0002862017746130263,0.0022447635315635747
6254,0.0002859568041246874,0.002243838414296352
6255,0.0002857120398909174,0.002242913678952723
6256,0.00028546748173852166,0.002241989325376198
6257,0.0002852231294943053,0.002241065353409115
6258,0.00028497898299129076,0.0022401417628955637
6259,0.00028473504205006606,0.0022392185536783023
6260,0.00028449130650276544,0.0022382957256011082
6261,0.00028424777617885866,0.0022373732785070793
6262,0.00028400445090426274,0.0022364512122396325
6263,0.00028376133050667107,0.0022355295266425837
6264,0.00028351841481821793,0.002234608221559669
6265,0.0002832757036639322,0.002233687296834423
6266,0.00028303319687328354,0.002232766752310312
6267,0.00028279089428018267,0.0022318465878315465
6268,0.00028254879570788205,0.0022309268032417832
6269,0.0002823069009876278,0.0022300073983848555
6270,0.0002820652099488896,0.0022290883731051724
6271,0.0002818237224202491,0.0022281697272461057
6272,0.0002815824382347287,0.0022272514606524914
6273,0.00028134135721913367,0.002226333573167826
6274,0.0002811004792055982,0.0022254160646369356
6275,0.00028085980402181576,0.0022244989349040345
6276,0.0002806193314990324,0.0022235821838130117
6277,0.00028037906146849423,0.002222665811208977
6278,0.0002801389937632237,0.002221749816935275
6279,0.0002798991282073615,0.0022208342008378165
6280,0.0002796594646374828,0.0022199189627604976
6281,0.00027942000288305735,0.0022190041025482617
6282,0.00027918074277444305,0.002218089620045223
6283,0.0002789416841437742,0.0022171755150969252
6284,0.00027870282682318503,0.0022162617875479164
6285,0.00027846417064214535,0.0022153484372429387
6286,0.00027822571543456576,0.00221443546402722
6287,0.0002779874610308042,0.002213522867745739
6288,0.0002777494072638831,0.0022126106482436188
6289,0.00027751155396238403,0.0022116988053655327
6290,0.00027727390096465854,0.0022107873389576455
6291,0.0002770364480992882,0.0022098762488647755
6292,0.0002767991952001836,0.0022089655349318803
6293,0.00027656214209859087,0.0022080551970047393
6294,0.0002763252886310852,0.0022071452349289138
6295,0.0002760886346271363,0.0022062356485498986
6296,0.00027585217991799027,0.0022053264377130156
6297,0.000275615924343775,0.0022044176022639403
6298,0.0002753798677339603,0.0022035091420488755
6299,0.00027514400991623944,0.0022026010569131983
6300,0.00027490835073518127,0.0022016933467026052
6301,0.000274672890017591,0.0022007860112635454
6302,0.00027443762760004375,0.00219987905044125
6303,0.00027420256331556203,0.002198972464082228
6304,0.00027396769699894463,0.0021980662520324386
6305,0.0002737330284841022,0.002197160414137818
6306,0.00027349855760938624,0.0021962549502450718
6307,0.00027326428420249016,0.00219534986019998
6308,0.0002730302081017655,0.00219444514384912
6309,0.0002727963291428992,0.002193540801038899
6310,0.0002725626471606901,0.00219263683161567
6311,0.0002723291619890489,0.0021917332354257774
6312,0.00027209587346455066,0.0021908300123161042
6313,0.00027186278142199427,0.0021899271621329576
6314,0.00027162988569973123,0.002189024684723255
6315,0.00027139718612900765,0.002188122579933841
6316,0.0002711646825463987,0.0021872208476112105
6317,0.0002709323747946968,0.0021863194876025546
6318,0.0002707002627015953,0.002185418499754701
6319,0.0002704683461045576,0.0021845178839139563
6320,0.00027023662484459976,0.0021836176399288483
6321,0.0002700050987556324,0.0021827177676451426
6322,0.000269773767676007,0.0021818182669109676
6323,0.0002695426314405225,0.0021809191375727448
6324,0.0002693116898866421,0.0021800203794782314
6325,0.00026908094285182926,0.0021791219924746814
6326,0.00026885039017443546,0.002178223976409488
6327,0.0002686200316901477,0.0021773263311305087
6328,0.00026838986723465297,0.0021764290564846717
6329,0.00026815989665163187,0.002175532152319977
6330,0.00026793011977499503,0.002174635618483911
6331,0.0002677005364422058,0.002173739454824509
6332,0.0002674711464933921,0.0021728436611890625
6333,0.00026724194976424087,0.002171948237425673
6334,0.00026701294609843274,0.002171053183382371
6335,0.0002667841353263256,0.002170158498907098
6336,0.0002665555172916001,0.0021692641838474865
6337,0.0002663270918334959,0.0021683702380519317
6338,0.0002660988587885882,0.0021674766613683782
6339,0.0002658708179987812,0.002166583453645659
6340,0.0002656429693015383,0.002165690614731125
6341,0.0002654153125360992,0.0021647981443694495
6342,0.00026518784754170355,0.002163906042617205
6343,0.00026496057415581475,0.002163014309219242
6344,0.00026473349222477793,0.002162122944023532
6345,0.0002645066015825037,0.0021612319468786167
6346,0.00026427990207178453,0.0021603413176332006
6347,0.0002640533935300837,0.0021594510561362863
6348,0.00026382707580197007,0.0021585611622359883
6349,0.00026360094872313056,0.002157671635781684
6350,0.00026337501213458125,0.002156782476622078
6351,0.0002631492658826673,0.002155893684605722
6352,0.0002629237098012993,0.0021550052595821108
6353,0.00026269834373593426,0.0021541172014002477
6354,0.0002624731675231473,0.002153229509908674
6355,0.0002622481810083954,0.0021523421849574884
6356,0.00026202338403269465,0.002151455226395243
6357,0.0002617987764352847,0.0021505686340714397
6358,0.000261574358058958,0.0021496824078352343
6359,0.00026135012874384245,0.0021487965475363822
6360,0.00026112608833628315,0.002147911053024292
6361,0.0002609022366728553,0.0021470259241480848
6362,0.0002606785735990158,0.002146141160757932
6363,0.00026045509895666896,0.002145256762703142
6364,0.00026023181258505446,0.0021443727298334353
6365,0.0002600087143314056,0.0021434890619986234
6366,0.0002597858040340739,0.0021426057590486734
6367,0.00025956308154029273,0.002141722820833209
6368,0.00025934054668841355,0.0021408402472027008
6369,0.00025911819932478153,0.0021399580380062067
6370,0.0002588960392913009,0.0021390761930946793
6371,0.00025867406643254043,0.0021381947123179923
6372,0.00025845228059040437,0.0021373135955261857
6373,0.00025823068160768514,0.0021364328425695946
6374,0.0002580092693298397,0.002135552453298894
6375,0.00025778804359966045,0.002134672427563919
6376,0.00025756700426260437,0.0021337927652151714
6377,0.00025734615116146387,0.0021329134661031354
6378,0.00025712548413903136,0.0021320345300784305
6379,0.0002569050030452047,0.0021311559569919744
6380,0.00025668470771655905,0.002130277746694085
6381,0.000256464598006545,0.0021293998990354022
6382,0.00025624467375262583,0.0021285224138671843
6383,0.0002560249348020349,0.0021276452910397765
6384,0.000255805380999341,0.002126768530404447
6385,0.00025558601219177746,0.002125892131811965
6386,0.0002553668282203603,0.0021250160951131677
6387,0.00025514782893854004,0.002124140420159751
6388,0.00025492901418289193,0.0021232651068021392
6389,0.00025471038380064925,0.002122390154892101
6390,0.0002544919376434862,0.00212151556428054
6391,0.0002542736755506425,0.0021206413348189637
6392,0.0002540555973729042,0.002119767466358502
6393,0.0002538377029539518,0.002118893958751006
6394,0.0002536199921410187,0.0021180208118477574
6395,0.0002534024647786737,0.002117148025500358
6396,0.0002531851207185909,0.0021162755995602217
6397,0.00025296795980089826,0.002115403533878891
6398,0.0002527509818763818,0.002114531828308997
6399,0.0002525341867913866,0.002113660482701552
6400,0.0002523175743913697,0.0021127894969082614
6401,0.0002521011445253407,0.0021119188707813923
6402,0.0002518848970387566,0.002111048604173195
6403,0.00025166883178506794,0.0021101786969353158
6404,0.00025145294860173806,0.002109309148919901
6405,0.0002512372473439939,0.0021084399599792455
6406,0.0002510217278572924,0.0021075711299649025
6407,0.0002508063899862023,0.0021067026587302563
6408,0.00025059123358772695,0.0021058345461267246
6409,0.0002503762585055469,0.0021049667920073
6410,0.00025016146458423094,0.002104099396224291
6411,0.0002499468516736769,0.0021032323586294907
6412,0.0002497324196273354,0.0021023656790763144
6413,0.00024951816828977513,0.002101499357416995
6414,0.00024930409750911764,0.0021006333935049692
6415,0.00024909020713970165,0.002099767787191436
6416,0.0002488764970243196,0.0020989025383304667
6417,0.0002486629670128693,0.00209803764677461
6418,0.0002484496169579131,0.0020971731123768517
6419,0.00024823644670934897,0.0020963089349896984
6420,0.0002480234561161865,0.002095445114466559
6421,0.0002478106450238826,0.0020945816506606103
6422,0.0002475980132876643,0.0020937185434250875
6423,0.00024738556075298845,0.002092855792612751
6424,0.00024717328727508203,0.0020919933980772347
6425,0.00024696119270029016,0.0020911313596713235
6426,0.0002467492768776225,0.0020902696772491097
6427,0.0002465375396640823,0.002089408350664016
6428,0.0002463259809042384,0.0020885473797687022
6429,0.0002461146004488768,0.0020876867644178503
6430,0.0002459033981523362,0.002086826504464217
6431,0.00024569237386629084,0.0020859665997619535
6432,0.00024548152743708584,0.0020851070501645592
6433,0.0002452708587208363,0.0020842478555262167
6434,0.0002450603675638874,0.002083389015700241
6435,0.0002448500538205778,0.0020825305305407216
6436,0.0002446399173425817,0.0020816723999017434
6437,0.0002444299579824616,0.0020808146236373504
6438,0.00024422017558922704,0.002079957201601715
6439,0.00024401057001988136,0.002079100133648624
6440,0.00024380114112254603,0.00207824341963243
6441,0.0002435918887471189,0.0020773870594075726
6442,0.0002433828127523796,0.0020765310528282482
6443,0.00024317391298556146,0.0020756753997490628
6444,0.00024296518930189137,0.002074820100023824
6445,0.00024275664155215537,0.0020739651535079152
6446,0.00024254826959158038,0.0020731105600554044
6447,0.0002423400732718406,0.002072256319520401
6448,0.0002421320524454984,0.0020714024317586253
6449,0.0002419242069686689,0.0020705488966238465
6450,0.00024171653669036175,0.002069695713971774
6451,0.00024150904146402752,0.0020688428836565173
6452,0.0002413017211502222,0.00206799040553355
6453,0.0002410945755952909,0.00206713827945686
6454,0.00024088760465446057,0.002066286505282851
6455,0.00024068080818473447,0.0020654350828655105
6456,0.00024047418603689863,0.002064584012060444
6457,0.0002402677380688445,0.0020637332927226776
6458,0.00024006146412958174,0.0020628829247075417
6459,0.0002398553640770018,0.002062032907870461
6460,0.0002396494377672198,0.00206118324206625
6461,0.00023944368505013358,0.0020603339271511555
6462,0.00023923810578541094,0.002059484962980352
6463,0.0002390326998238379,0.0020586363494089176
6464,0.00023882746702508229,0.0020577880862930817
6465,0.00023862240723904193,0.0020569401734882795
6466,0.00023841752032538466,0.002056092610850116
6467,0.00023821280613756102,0.002055245398234408
6468,0.00023800826452990975,0.00205439853549734
6469,0.00023780389536032231,0.0020535520224943225
6470,0.00023759969848669016,0.0020527058590813878
6471,0.00023739567375802295,0.002051860045114536
6472,0.00023719182103665304,0.0020510145804500945
6473,0.00023698814017336645,0.002050169464944119
6474,0.0002367846310313837,0.0020493246984526273
6475,0.00023658129346149082,0.002048480280831915
6476,0.0002363781273198029,0.0020476362119381773
6477,0.00023617513246776412,0.0020467924916275776
6478,0.00023597230875882502,0.002045949119757362
6479,0.00023576965604910072,0.002045106096182872
6480,0.00023556717419559448,0.002044263420761628
6481,0.00023536486305975046,0.002043421093349585
6482,0.00023516272249413106,0.002042579113803445
6483,0.0002349607523575159,0.0020417374819804365
6484,0.00023475895250779644,0.0020408961977366295
6485,0.00023455732280197594,0.0020400552609291626
6486,0.00023435586309794587,0.002039214671414817
6487,0.00023415457325359768,0.0020383744290504643
6488,0.00023395345312593463,0.0020375345336933748
6489,0.00023375250257551272,0.0020366949852004337
6490,0.0002335517214566707,0.002035855783428346
6491,0.00023335110963174088,0.0020350169282349756
6492,0.00023315066695595021,0.002034178419477138
6493,0.00023295039329074285,0.002033340257012021
6494,0.0002327502884922339,0.0020325024406971162
6495,0.0002325503524183148,0.002031664970390007
6496,0.00023235058493131788,0.0020308278459475228
6497,0.00023215098588913463,0.0020299910672275934
6498,0.00023195155515143284,0.0020291546340880408
6499,0.00023175229257343943,0.002028318546385865
6500,0.0002315531980192631,0.0020274828039790263
6501,0.00023135427134501896,0.002026647406725181
6502,0.00023115551241303933,0.002025812354482525
6503,0.00023095692108121568,0.002024977647108385
6504,0.00023075849720921582,0.0020241432844608533
6505,0.00023056024065759573,0.0020233092663978353
6506,0.00023036215128868776,0.0020224755927771773
6507,0.000230164228958607,0.00202164226345743
6508,0.00022996647353057398,0.002020809278296218
6509,0.00022976888486159197,0.0020199766371522716
6510,0.00022957146281754603,0.002019144339883261
6511,0.00022937420725455127,0.0020183123863478994
6512,0.00022917711803405183,0.002017480776404172
6513,0.00022898019501838007,0.0020166495099108728
6514,0.00022878343806986834,0.002015818586726094
6515,0.00022858684704463172,0.0020149880067088406
6516,0.00022839042180944347,0.0020141577697172716
6517,0.00022819416222130684,0.002013327875609882
6518,0.00022799806814433055,0.0020124983242460204
6519,0.00022780213943729422,0.0020116691154839043
6520,0.00022760637596519473,0.002010840249182449
6521,0.00022741077758858808,0.002010011725200638
6522,0.00022721534417158296,0.002009183543397332
6523,0.00022702007557029447,0.002008355703631507
6524,0.00022682497165149584,0.002007528205762339
6525,0.00022663003227663125,0.0020067010496485835
6526,0.00022643525730892122,0.0020058742351498904
6527,0.00022624064660803356,0.002005047762124807
6528,0.00022604620003807696,0.0020042216304331645
6529,0.0002258519174649365,0.0020033958399339226
6530,0.00022565779874472724,0.0020025703904868984
6531,0.00022546384374511064,0.0020017452819508057
6532,0.00022527005233197173,0.0020009205141860303
6533,0.0002250764243614256,0.002000096087051321
6534,0.00022488295970024552,0.001999272000406352
6535,0.0002246896582107638,0.001998448254111586
6536,0.0002244965197597537,0.001997624848025903
6537,0.0002243035442086594,0.0019968017820093664
6538,0.00022411073142158955,0.001995979055921738
6539,0.00022391808125910018,0.001995156669623143
6540,0.0002237255935888527,0.0019943346229734753
6541,0.00022353326827673214,0.0019935129158323676
6542,0.00022334110518063,0.0019926915480599147
6543,0.00022314910417176037,0.0019918705195165684
6544,0.0002229572651089029,0.0019910498300626
6545,0.00022276558786060718,0.0019902294795575044
6546,0.00022257407228831738,0.001989409467862524
6547,0.0002223827182605831,0.0019885897948371464
6548,0.00022219152563884847,0.0019877704603424307
6549,0.00022200049428988677,0.001986951464237923
6550,0.00022180962408047122,0.0019861328063852136
6551,0.00022161891487382235,0.001985314486644126
6552,0.0002214283665313843,0.0019844965048756713
6553,0.00022123797892437125,0.0019836788609402765
6554,0.00022104775191600368,0.001982861554698734
6555,0.00022085768537305484,0.0019820445860114985
6556,0.00022066777916140978,0.0019812279547401952
6557,0.00022047803314251269,0.0019804116607451197
6558,0.0002202884471902422,0.001979595703887449
6559,0.00022009902116604252,0.0019787800840278605
6560,0.0002199097549349105,0.001977964801027847
6561,0.00021972064836539573,0.0019771498547482558
6562,0.0002195317013233833,0.0019763352450506144
6563,0.00021934291367653458,0.001975520971795555
6564,0.00021915428529073466,0.0019747070348445847
6565,0.0002189658160318686,0.0019738934340594073
6566,0.00021877750576848598,0.001973080169301141
6567,0.0002185893543655837,0.0019722672404317333
6568,0.00021840136169171132,0.0019714546473118405
6569,0.00021821352761186574,0.001970642389803115
6570,0.00021802585199992564,0.001969830467767931
6571,0.00021783833471467062,0.001969018881067073
6572,0.00021765097562997937,0.0019682076295630645
6573,0.0002174637746090724,0.001967396713117235
6574,0.00021727673152405202,0.001966586131591612
6575,0.00021708984624169148,0.0019657758848477917
6576,0.00021690311862698763,0.0019649659727485405
6577,0.0002167165485520428,0.001964156395154737
6578,0.00021653013588185388,0.0019633471519288695
6579,0.00021634388048585862,0.0019625382429337597
6580,0.00021615778223615933,0.001961729668030765
6581,0.0002159718409942002,0.00196092142708219
6582,0.00021578605663385986,0.0019601135199509775
6583,0.00021560042902279974,0.001959305946498749
6584,0.0002154149580277931,0.001958498706588034
6585,0.00021522964352271856,0.001957691800081287
6586,0.00021504448537346121,0.0019568852268412734
6587,0.00021485948344679429,0.001956078986730409
6588,0.00021467463761570826,0.0019552730796116823
6589,0.00021448994774875274,0.0019544675053469775
6590,0.00021430541371625367,0.0019536622637994668
6591,0.00021412103538587246,0.0019528573548323776
6592,0.00021393681262882325,0.0019520527783078376
6593,0.00021375274531365562,0.0019512485340890569
6594,0.00021356883331336007,0.0019504446220387113
6595,0.00021338507649382166,0.0019496410420203267
6596,0.00021320147472980722,0.0019488377938964574
6597,0.00021301802788897817,0.0019480348775309068
6598,0.00021283473584166046,0.001947232292785924
6599,0.0002126515984564037,0.0019464300395252779
6600,0.00021246861560975105,0.001945628117612723
6601,0.0002122857871684758,0.0019448265269103246
6602,0.00021210311300290385,0.0019440252672827292
6603,0.00021192059298424937,0.0019432243385925571
6604,0.00021173822698550282,0.001942423740703851
6605,0.00021155601487699016,0.00194162347347996
6606,0.00021137395652903734,0.0019408235367840004
6607,0.0002111920518128585,0.0019400239304805632
6608,0.0002110103006014441,0.0019392246544331047
6609,0.0002108287027660083,0.001938425708504752
6610,0.00021064725817865337,0.0019376270925601617
6611,0.0002104659667097053,0.0019368288064629396
6612,0.00021028482823304273,0.0019360308500766948
6613,0.00021010384261810344,0.0019352332232659038
6614,0.00020992300973965428,0.0019344359258943213
6615,0.00020974232946802118,0.0019336389578266493
6616,0.00020956180167619465,0.0019328423189259418
6617,0.00020938142623805334,0.0019320460090573102
6618,0.0002092012030239232,0.0019312500280845822
6619,0.00020902113190857108,0.001930454375872595
6620,0.00020884121276232293,0.0019296590522851452
6621,0.00020866144545994558,0.001928864057187011
6622,0.00020848182987531771,0.0019280693904426202
6623,0.0002083023658778771,0.0019272750519164876
6624,0.0002081230533450551,0.0019264810414732665
6625,0.0002079438921462895,0.0019256873589774855
6626,0.00020776488215723532,0.001924894004294072
6627,0.0002075860232526594,0.0019241009772875128
6628,0.00020740731530555223,0.0019233082778228223
6629,0.00020722875818712794,0.001922515905764654
6630,0.00020705035177126518,0.0019217238609785595
6631,0.00020687209593894806,0.0019209321433287796
6632,0.0002066939905533971,0.0019201407526810467
6633,0.0002065160354947082,0.0019193496888993723
6634,0.00020633823063942458,0.0019185589518502105
6635,0.00020616057585787217,0.0019177685413978955
6636,0.00020598307102481783,0.0019169784574079723
6637,0.00020580571601680475,0.0019161886997455316
6638,0.0002056285107077116,0.0019153992682763542
6639,0.0002054514549731934,0.0019146101628657042
6640,0.00020527454868535244,0.0019138213833788595
6641,0.0002050977917225083,0.0019130329296814033
6642,0.0002049211839567633,0.001912244801639238
6643,0.00020474472526554877,0.0019114569991174682
6644,0.0002045684155227434,0.0019106695219824402
6645,0.0002043922546048904,0.0019098823700987935
6646,0.0002042162423876448,0.0019090955433337595
6647,0.00020404037874310887,0.0019083090415524494
6648,0.00020386466355226673,0.0019075228646203805
6649,0.00020368909668899704,0.0019067370124043678
6650,0.00020351367803073117,0.0019059514847697898
6651,0.00020333840744868326,0.001905166281582868
6652,0.0002031632848238374,0.0019043814027099454
6653,0.00020298831002918405,0.001903596848017046
6654,0.00020281348294215462,0.0019028126173705993
6655,0.0002026388034392923,0.001902028710636456
6656,0.00020246427139802847,0.0019012451276813058
6657,0.00020228988669490633,0.001900461868371374
6658,0.00020211564920646907,0.0018996789325733433
6659,0.0002019415588092599,0.0018988963201534079
6660,0.00020176761537893384,0.0018981140309780702
6661,0.00020159381879292226,0.0018973320649143567
6662,0.00020142016893220926,0.0018965504218288777
6663,0.00020124666567156169,0.0018957691015881635
6664,0.0002010733088848582,0.001894988104058748
6665,0.0002009000984557474,0.0018942074291080496
6666,0.000200727034258108,0.0018934270766024566
6667,0.00020055411617025953,0.001892647046408822
6668,0.00020038134406963337,0.001891867338395043
6669,0.0002002087178336609,0.0018910879524267343
6670,0.00020003623734243803,0.0018903088883725251
6671,0.00019986390247250796,0.0018895301460982276
6672,0.00019969171310219025,0.0018887517254716213
6673,0.0001995196691115808,0.0018879736263601767
6674,0.0001993477703754465,0.001887195848631236
6675,0.00019917601677565955,0.0018864183921515447
6676,0.0001990044081887632,0.0018856412567889967
6677,0.00019883294449574151,0.001884864442411087
6678,0.00019866162557491407,0.001884087948884991
6679,0.00019849045129927134,0.0018833117760786618
6680,0.00019831942155690285,0.0018825359238595213
6681,0.00019814853622346362,0.0018817603920952483
6682,0.00019797779517460867,0.0018809851806537471
6683,0.00019780719829309845,0.0018802102894025716
6684,0.00019763674545902887,0.0018794357182100943
6685,0.0001974664365507195,0.0018786614669432898
6686,0.0001972962714456017,0.001877887535471169
6687,0.0001971262500273241,0.0018771139236607344
6688,0.00019695637217331807,0.001876340631381028
6689,0.00019678663776456773,0.0018755676584993886
6690,0.00019661704668116897,0.0018747950048844213
6691,0.000196447598799665,0.0018740226704041414
6692,0.00019627829400636898,0.001873250654926814
6693,0.0001961091321787123,0.0018724789583208917
6694,0.00019594011319501448,0.0018717075804544243
6695,0.00019577123693714782,0.001870936521196305
6696,0.00019560250328964912,0.00187016578041483
6697,0.00019543391212728523,0.0018693953579786149
6698,0.00019526546333459294,0.001868625253756192
6699,0.00019509715678900363,0.0018678554676161072
6700,0.0001949289923759423,0.0018670859994270352
6701,0.00019476096997461667,0.0018663168490579592
6702,0.00019459308946601084,0.0018655480163776716
6703,0.00019442535073288525,0.001864779501254979
6704,0.0001942577536517831,0.0018640113035584792
6705,0.00019409029811257028,0.0018632434231573326
6706,0.0001939229839864609,0.0018624758599207897
6707,0.00019375581116243268,0.0018617086137179377
6708,0.00019358877952324605,0.0018609416844173367
6709,0.00019342188894722057,0.0018601750718888442
6710,0.0001932551393162285,0.0018594087760013742
6711,0.00019308853051214214,0.0018586427966240729
6712,0.00019292206242127463,0.001857877133626392
6713,0.0001927557349228337,0.0018571117868779602
6714,0.00019258954789869165,0.001856346756248
6715,0.00019242350123249707,0.0018555820416060569
6716,0.00019225759480523408,0.0018548176428215372
6717,0.00019209182850232764,0.0018540535597640524
6718,0.00019192620220476186,0.0018532897923036994
6719,0.0001917607157952972,0.0018525263403094856
6720,0.00019159536915847042,0.0018517632036516435
6721,0.00019143016217615383,0.001851000382199968
6722,0.00019126509473199604,0.0018502378758243655
6723,0.00019110016670698116,0.0018494756843942528
6724,0.00019093537799008686,0.0018487138077800357
6725,0.00019077072845874454,0.0018479522458519256
6726,0.00019060621799837918,0.0018471909984795719
6727,0.00019044184649352758,0.0018464300655333665
6728,0.00019027761382872654,0.0018456694468833648
6729,0.00019011351988673653,0.0018449091423997574
6730,0.00018994956455209433,0.001844149151952898
6731,0.00018978574770933676,0.0018433894754130986
6732,0.00018962206923767155,0.0018426301126510183
6733,0.00018945852902785276,0.001841871063536709
6734,0.00018929512696175266,0.001841112327940788
6735,0.00018913186292390805,0.0018403539057337687
6736,0.00018896873679885573,0.0018395957967863967
6737,0.00018880574846935616,0.001838838000969345
6738,0.0001886428978261634,0.0018380805181515275
6739,0.00018848018474582062,0.0018373233482070657
6740,0.00018831760911730555,0.001836566491005158
6741,0.0001881551708287077,0.0018358099464164494
6742,0.00018799286976012297,0.001835053714312477
6743,0.00018783070579875272,0.0018342977945633582
6744,0.0001876686788309101,0.0018335421870404912
6745,0.00018750678873935556,0.0018327868916152602
6746,0.0001873450354130668,0.001832031908158293
6747,0.00018718341873480426,0.0018312772365411609
6748,0.0001870219385917693,0.0018305228766347104
6749,0.0001868605948693869,0.0018297688283105025
6750,0.00018669938745219383,0.0018290150914396439
6751,0.000186538316230056,0.0018282616658937857
6752,0.00018637738108306934,0.0018275085515421091
6753,0.0001862165819010997,0.0018267557482604772
6754,0.0001860559185749011,0.001826003255918078
6755,0.00018589539098101682,0.0018252510743866496
6756,0.00018573499901108903,0.00182449920353785
6757,0.0001855747425523191,0.0018237476432436707
6758,0.00018541462149102017,0.0018229963933751314
6759,0.00018525463571261724,0.001822245453804685
6760,0.0001850947851069762,0.0018214948244038888
6761,0.00018493506955596928,0.0018207445050430517
6762,0.00018477548895123874,0.0018199944955976169
6763,0.0001846160431764332,0.001819244795937501
6764,0.00018445673212230673,0.001818495405935358
6765,0.0001842975556742843,0.001817746325462534
6766,0.0001841385137169027,0.0018169975543919463
6767,0.00018397960614446873,0.0018162490925956037
6768,0.00018382083283796646,0.0018155009399455427
6769,0.0001836621936899263,0.0018147530963142228
6770,0.00018350368858488508,0.0018140055615740829
6771,0.00018334531741004412,0.0018132583355972426
6772,0.00018318708005793383,0.0018125114182565884
6773,0.00018302897641220284,0.0018117648094244203
6774,0.00018287100636449338,0.0018110185089738814
6775,0.00018271316979934227,0.0018102725167765468
6776,0.00018255546660750355,0.0018095268327060036
6777,0.00018239789667706674,0.0018087814566344687
6778,0.000182240459894345,0.0018080363884343843
6779,0.00018208315615186876,0.0018072916279794904
6780,0.00018192598533595117,0.0018065471751425588
6781,0.00018176894733556992,0.001805803029796483
6782,0.00018161204204325543,0.0018050591918137536
6783,0.00018145526934176814,0.001804315661067795
6784,0.00018129862912363848,0.0018035724374319585
6785,0.0001811421212751796,0.00180282952077878
6786,0.00018098574569158643,0.0018020869109809136
6787,0.00018082950225650762,0.0018013446079130357
6788,0.00018067339086336176,0.0018006026114483382
6789,0.00018051741139757382,0.0017998609214592495
6790,0.00018036156374989787,0.0017991195378199154
6791,0.00018020584781375248,0.0017983784604035866
6792,0.0001800502634772272,0.0017976376890836351
6793,0.0001798948106284115,0.001796897223733926
6794,0.00017973948915805948,0.0017961570642276749
6795,0.00017958429895781336,0.0017954172104385699
6796,0.00017942923991576265,0.0017946776622406006
6797,0.0001792743119226614,0.0017939384195074168
6798,0.0001791195148692637,0.0017931994821125397
6799,0.00017896484864632356,0.0017924608499303545
6800,0.0001788103131428187,0.0017917225228345317
6801,0.00017865590825127953,0.0017909845006990749
6802,0.0001785016338624601,0.0017902467833978558
6803,0.00017834748986711446,0.0017895093708049925
6804,0.00017819347615777303,0.0017887722627949743
6805,0.00017803959261897262,0.0017880354592417283
6806,0.00017788583914768452,0.001787298960019404
6807,0.00017773221563377462,0.0017865627650020394
6808,0.00017757872196799696,0.0017858268740646895
6809,0.00017742535804377013,0.0017850912870810386
6810,0.0001772721237474073,0.0017843560039256558
6811,0.00017711901897676796,0.0017836210244735057
6812,0.0001769660436208298,0.001782886348598793
6813,0.00017681319757123504,0.0017821519761757783
6814,0.00017666048071784957,0.0017814179070792038
6815,0.00017650789295586833,0.0017806841411844854
6816,0.0001763554341751572,0.0017799506783656993
6817,0.0001762031042682466,0.0017792175184977027
6818,0.00017605090312944327,0.001778484661455245
6819,0.0001758988306495013,0.0017777521071134436
6820,0.00017574688671651018,0.0017770198553472248
6821,0.00017559507123099394,0.0017762879060317094
6822,0.00017544338407926574,0.0017755562590415774
6823,0.0001752918251582969,0.0017748249142519393
6824,0.00017514039435795326,0.001774093871538273
6825,0.00017498909157165343,0.00177336313077563
6826,0.00017483791669103965,0.0017726326918390233
6827,0.00017468686961130686,0.0017719025546041288
6828,0.00017453595022587365,0.0017711727189461922
6829,0.0001743851584281586,0.0017704431847402856
6830,0.00017423449410625125,0.0017697139518623138
6831,0.00017408395715978742,0.0017689850201874566
6832,0.000173933547478633,0.0017682563895917124
6833,0.00017378326495975926,0.0017675280599500562
6834,0.00017363310949125577,0.0017668000311385317
6835,0.00017348308097275833,0.001766072303032596
6836,0.00017333317929324465,0.0017653448755081368
6837,0.00017318340434879786,0.0017646177484413397
6838,0.00017303375603550109,0.0017638909217075997
6839,0.00017288423424410837,0.0017631643951774092
6840,0.00017273483886981467,0.0017624381687375706
6841,0.00017258556980603856,0.0017617122422560125
6842,0.000172436426947975,0.0017609866156144995
6843,0.00017228741019170712,0.0017602612886860602
6844,0.00017213851942887715,0.0017595362613468807
6845,0.00017198975455734455,0.0017588115334733478
6846,0.0001718411154678634,0.001758087104941422
6847,0.00017169260205829318,0.0017573629756279935
6848,0.00017154421422205246,0.0017566391454088004
6849,0.00017139595185344803,0.0017559156141603513
6850,0.00017124781484945117,0.0017551923817595919
6851,0.0001710998031034805,0.0017544694480824893
6852,0.00017095191651073094,0.0017537468130056147
6853,0.00017080415497083834,0.0017530244764061738
6854,0.00017065651837189222,0.0017523024381602484
6855,0.0001705090066135284,0.0017515806981442117
6856,0.00017036161959271823,0.0017508592562360918
6857,0.00017021435720288025,0.0017501381123115958
6858,0.00017006721933743307,0.0017494172662478429
6859,0.00016992020589867707,0.0017486967179219937
6860,0.00016977331677381358,0.0017479764672109037
6861,0.0001696265518678075,0.001747256513991078
6862,0.00016947991107318927,0.00174653685814068
6863,0.00016933339428248928,0.0017458174995361002
6864,0.00016918700139623155,0.001745098438053979
6865,0.0001690407323113874,0.001744379673572518
6866,0.00016889458691959902,0.0017436612059658352
6867,0.00016874856512139047,0.0017429430351168299
6868,0.00016860266681284486,0.0017422251608995368
6869,0.00016845689188915713,0.001741507583192442
6870,0.00016831124024996313,0.0017407903018718633
6871,0.00016816571179134598,0.0017400733168164324
6872,0.0001680203064058361,0.001739356627902807
6873,0.00016787502399573384,0.0017386402350088419
6874,0.0001677298644544578,0.0017379241380123707
6875,0.00016758482768253202,0.0017372083367911684
6876,0.0001674399135760396,0.0017364928312226767
6877,0.00016729512203106367,0.001735777621169124
6878,0.00016715045294457553,0.0017350627065395655
6879,0.00016700590621887557,0.0017343480871969096
6880,0.00016686148174649418,0.0017336337630187472
6881,0.0001667171794279554,0.001732919733882867
6882,0.00016657299915934232,0.0017322059996675958
6883,0.0001664289408367381,0.0017314925602507532
6884,0.00016628500436510762,0.0017307794155109642
6885,0.00016614118963698132,0.0017300665653258995
6886,0.0001659974965493305,0.0017293540095742917
6887,0.0001658539250044555,0.0017286417481339397
6888,0.00016571047489843949,0.0017279297808835276
6889,0.00016556714613091827,0.0017272181077017286
6890,0.00016542393859708682,0.0017265067284661963
6891,0.00016528085220191002,0.00172579564305618
6892,0.00016513788683614194,0.0017250848513501449
6893,0.00016499504240385932,0.00172437435322614
6894,0.00016485231880469797,0.0017236641485635085
6895,0.0001647097159320765,0.0017229542372405558
6896,0.00016456723368918347,0.0017222446191362747
6897,0.0001644248719756547,0.0017215352941292728
6898,0.00016428263068757332,0.001720826262098154
6899,0.0001641405097272397,0.0017201175229225492
6900,0.00016399850899073698,0.001719409076480674
6901,0.00016385662837947734,0.0017187009226521908
6902,0.000163714867794873,0.0017179930613156862
6903,0.00016357322713300704,0.0017172854923499827
6904,0.0001634317062944035,0.001716578215635034
6905,0.00016329030518225096,0.0017158712310495344
6906,0.00016314902369085615,0.001715164538472893
6907,0.00016300786172251946,0.001714458137783998
6908,0.00016286681917687673,0.0017137520288628937
6909,0.0001627258959571165,0.001713046211588569
6910,0.00016258509195932191,0.001712340685840346
6911,0.00016244440708490515,0.0017116354514979011
6912,0.00016230384123705477,0.0017109305084400186
6913,0.0001621633943118539,0.0017102258565476654
6914,0.00016202306621249107,0.0017095214956999623
6915,0.00016188285683771397,0.0017088174257765092
6916,0.00016174276609071114,0.001708113646656885
6917,0.00016160279386934207,0.0017074101582213175
6918,0.0001614629400767953,0.0017067069603490005
6919,0.00016132320461359484,0.0017060040528952755
6920,0.000161183587376712,0.0017053014357898619
6921,0.00016104408827377625,0.0017045991088878824
6922,0.0001609047072044234,0.0017038970720693915
6923,0.00016076544406562476,0.0017031953252141033
6924,0.0001606262987641216,0.0017024938682030158
6925,0.00016048727119599704,0.0017017927009153715
6926,0.0001603483612653278,0.0017010918232314431
6927,0.0001602095688735261,0.0017003912350322219
6928,0.00016007089392555685,0.0016996909361975364
6929,0.00015993233631572679,0.0016989909266081002
6930,0.0001597938959552181,0.0016982912061437073
6931,0.00015965557273744935,0.001697591774685557
6932,0.00015951736657005,0.001696892632113419
6933,0.00015937927735087953,0.0016961937783088292
6934,0.00015924130498401468,0.0016954952131514774
6935,0.00015910344937264398,0.001694796936522299
6936,0.00015896571041906782,0.0016940989483024763
6937,0.0001588280880238102,0.0016934012483719625
6938,0.00015869058209094788,0.0016927038366126267
6939,0.00015855319252189304,0.0016920067129042107
6940,0.00015841591921983422,0.0016913098771282782
6941,0.00015827876208884817,0.0016906133291657854
6942,0.00015814172102857071,0.0016899170688976957
6943,0.0001580047959430786,0.0016892210962048577
6944,0.00015786798673822489,0.0016885254109680302
6945,0.00015773129331364544,0.0016878300130695016
6946,0.00015759471557519333,0.0016871349023895206
6947,0.0001574582534225044,0.0016864400788096472
6948,0.00015732190676231994,0.001685745542211143
6949,0.00015718567549516393,0.0016850512924753216
6950,0.00015704955952777766,0.0016843573294838057
6951,0.00015691355875890878,0.0016836636531175966
6952,0.0001567776730970749,0.0016829702632584279
6953,0.00015664190244368825,0.0016822771597881994
6954,0.00015650624670193736,0.0016815843425879023
6955,0.00015637070577945167,0.0016808918115396448
6956,0.0001562352795732025,0.001680199566524744
6957,0.00015609996799170744,0.0016795076074249404
6958,0.00015596477094081962,0.00167881593412237
6959,0.00015582968832106303,0.0016781245464985647
6960,0.0001556947200374026,0.0016774334444358656
6961,0.00015555986599746774,0.0016767426278153225
6962,0.00015542512610000614,0.0016760520965195015
6963,0.0001552905002544236,0.001675361850430622
6964,0.00015515598836302047,0.001674671889430157
6965,0.0001550215903298735,0.001673982213400864
6966,0.00015488730606172396,0.001673292822224351
6967,0.00015475313546264857,0.0016726037157833822
6968,0.00015461907843672407,0.0016719148939599651
6969,0.00015448513488891535,0.0016712263566359062
6970,0.00015435130472329917,0.0016705381036944411
6971,0.00015421758784839312,0.0016698501350174422
6972,0.00015408398417005031,0.0016691624504872674
6973,0.0001539504935870184,0.0016684750499867916
6974,0.00015381711600959136,0.0016677879333986644
6975,0.00015368385134184592,0.0016671011006051152
6976,0.00015355069948963518,0.0016664145514887763
6977,0.0001534176603588122,0.0016657282859325571
6978,0.00015328473385789465,0.0016650423038192218
6979,0.00015315191988563015,0.0016643566050314647
6980,0.00015301921835320087,0.0016636711894518763
6981,0.00015288662916468354,0.0016629860569637687
6982,0.00015275415222681943,0.00166230120745018
6983,0.00015262178744546162,0.001661616640793704
6984,0.0001524895347264632,0.001660932356877285
6985,0.00015235739397656545,0.00166024835558444
6986,0.0001522253651033978,0.0016595646367979638
6987,0.00015209344800748426,0.0016588812004012972
6988,0.0001519616426035597,0.0016581980462772317
6989,0.00015182994879214817,0.0016575151743094645
6990,0.00015169836648265544,0.0016568325843814534
6991,0.00015156689558004643,0.0016561502763753795
6992,0.00015143553599283877,0.001655468250176144
6993,0.00015130428762866188,0.0016547865056667013
6994,0.00015117315038981616,0.0016541050427304957
6995,0.0001510421241892601,0.0016534238612509432
6996,0.00015091120892751775,0.0016527429611119596
6997,0.00015078040451665942,0.0016520623421966765
6998,0.00015064971086431456,0.0016513820043896794
6999,0.00015051912787544808,0.0016507019475737982
7000,0.00015038865545946578,0.0016500221716332225
7001,0.00015025829352133258,0.0016493426764517295
7002,0.0001501280419686779,0.0016486634619135992
7003,0.0001499979007100194,0.0016479845279018142
7004,0.0001498678696565392,0.0016473058743012338
7005,0.0001497379487105377,0.0016466275009959057
7006,0.00014960813778230886,0.0016459494078691836
7007,0.00014947843677948214,0.0016452715948059478
7008,0.00014934884560968698,0.0016445940616897949
7009,0.00014921936418321735,0.001643916808405456
7010,0.00014908999240592635,0.0016432398348367114
7011,0.0001489607301863316,0.001642563140868438
7012,0.00014883157743295072,0.0016418867263842535
7013,0.00014870253405518952,0.0016412105912693778
7014,0.00014857359995890107,0.0016405347354078968
7015,0.00014844477505615572,0.0016398591586839276
7016,0.0001483160592545829,0.0016391838609824926
7017,0.00014818745245825937,0.001638508842188368
7018,0.00014805895458191998,0.001637834102185664
7019,0.0001479305655314178,0.0016371596408598296
7020,0.00014780228521882322,0.0016364854580943645
7021,0.0001476741135491011,0.0016358115537752176
7022,0.00014754605043432178,0.0016351379277869983
7023,0.00014741809578033838,0.0016344645800142124
7024,0.00014729024950010938,0.0016337915103421113
7025,0.00014716251150126425,0.0016331187186551174
7026,0.0001470348816923206,0.0016324462048390442
7027,0.00014690735998623694,0.0016317739687786922
7028,0.0001467799462879782,0.0016311020103589348
7029,0.00014665264050783833,0.00163043032946536
7030,0.00014652544255966404,0.0016297589259825426
7031,0.00014639835234930842,0.001629087799796397
7032,0.00014627136978706545,0.0016284169507918347
7033,0.0001461444947832291,0.0016277463788542217
7034,0.00014601772724898154,0.0016270760838692291
7035,0.00014589106709461674,0.0016264060657218415
7036,0.00014576451422687597,0.001625736324298327
7037,0.0001456380685569414,0.0016250668594834927
7038,0.0001455117299986597,0.001624397671163031
7039,0.0001453854984596603,0.0016237287592230226
7040,0.00014525937385112542,0.001623060123548896
7041,0.00014513335608423716,0.0016223917640260516
7042,0.00014500744506484864,0.0016217236805405426
7043,0.00014488164071124743,0.0016210558729782415
7044,0.0001447559429257339,0.0016203883412250625
7045,0.00014463035162748383,0.0016197210851669128
7046,0.0001445048667223503,0.001619054104689422
7047,0.00014437948812151546,0.0016183873996793233
7048,0.00014425421573793784,0.0016177209700216424
7049,0.0001441290494827996,0.0016170548156034768
7050,0.0001440039892655065,0.0016163889363101647
7051,0.0001438790349990171,0.0016157233320283314
7052,0.00014375418658918449,0.0016150580026442901
7053,0.00014362944395607258,0.0016143929480440522
7054,0.00014350480700731083,0.0016137281681142604
7055,0.00014338027565230504,0.0016130636627409677
7056,0.0001432558498057901,0.0016123994318107127
7057,0.0001431315293762836,0.0016117354752102388
7058,0.00014300731428029678,0.0016110717928260049
7059,0.0001428832044254591,0.0016104083845437656
7060,0.00014275919972561724,0.0016097452502514854
7061,0.00014263530009106518,0.0016090823898345895
7062,0.0001425115054356496,0.0016084198031808064
7063,0.00014238781567144088,0.0016077574901762724
7064,0.00014226423070962113,0.0016070954507074568
7065,0.0001421407504622607,0.0016064336846624214
7066,0.0001420173748432063,0.0016057721919266986
7067,0.00014189410376452827,0.0016051109723880137
7068,0.00014177093713740874,0.0016044500259335959
7069,0.00014164787487480623,0.001603789352449557
7070,0.0001415249168923438,0.0016031289518233169
7071,0.0001414020630976509,0.0016024688239424413
7072,0.00014127931340635058,0.0016018089686939442
7073,0.00014115666773406588,0.001601149385964746
7074,0.00014103412598753806,0.0016004900756423773
7075,0.00014091168808505472,0.0015998310376140641
7076,0.0001407893539386862,0.0015991722717668376
7077,0.00014066712345606192,0.001598513777988881
7078,0.0001405449965590222,0.0015978555561666774
7079,0.00014042297315608465,0.001597197606188247
7080,0.00014030105316109598,0.001596539927941374
7081,0.00014017923648790287,0.001595882521313076
7082,0.00014005752304946384,0.0015952253861916017
7083,0.00013993591276140194,0.0015945685224637782
7084,0.00013981440553312297,0.0015939119300181631
7085,0.00013969300128557904,0.0015932556087421557
7086,0.00013957169992373508,0.0015925995585238661
7087,0.00013945050136676684,0.001591943779250607
7088,0.00013932940552763284,0.001591288270810589
7089,0.00013920841232195613,0.0015906330330917144
7090,0.0001390875216591425,0.0015899780659824059
7091,0.0001389667334601441,0.001589323369370066
7092,0.00013884604763170216,0.0015886689431429159
7093,0.00013872546409388065,0.0015880147871892188
7094,0.00013860498276052624,0.0015873609013974527
7095,0.00013848460354370928,0.001586707285655152
7096,0.00013836432635816465,0.0015860539398514437
7097,0.00013824415112129174,0.0015854008638641094
7098,0.00013812407774072,0.0015847480576017814
7099,0.00013800410614184244,0.0015840955209422448
7100,0.00013788423623228852,0.0015834432537745642
7101,0.00013776446792856945,0.0015827912559870684
7102,0.00013764480114453193,0.0015821395274683292
7103,0.00013752523579668718,0.0015814880681070745
7104,0.0001374057717997701,0.0015808368777915568
7105,0.00013728640906762735,0.0015801859564107575
7106,0.00013716714752121106,0.0015795353038535395
7107,0.00013704798706637433,0.0015788849200084436
7108,0.0001369289276267338,0.0015782348047643814
7109,0.00013680996911258347,0.001577584958010119
7110,0.0001366911114422109,0.001576935379634395
7111,0.00013657235452857464,0.0015762860695268145
7112,0.0001364536982908504,0.001575637027575856
7113,0.0001363351426437731,0.0015749882536705527
7114,0.0001362166875020776,0.0015743397477005587
7115,0.00013609833278049877,0.0015736915095539775
7116,0.00013598007839821236,0.001573043539120824
7117,0.0001358619242681769,0.001572395836290364
7118,0.0001357438703069036,0.0015717484009420135
7119,0.00013562591643445643,0.001571101232984342
7120,0.00013550806256024117,0.0015704543322968556
7121,0.0001353903086069863,0.0015698076987691358
7122,0.00013527265448942671,0.0015691613322908853
7123,0.00013515510012229726,0.0015685152327515016
7124,0.000135037645421221,0.0015678694000404655
7125,0.0001349202903044855,0.001567223834047237
7126,0.00013480303469037835,0.0015665785346618173
7127,0.0001346858784918581,0.0015659335017733818
7128,0.0001345688216263241,0.001565288735272223
7129,0.00013445186401384035,0.0015646442350474472
7130,0.00013433500557002986,0.0015640000009897563
7131,0.00013421824620962752,0.0015633560329880135
7132,0.00013410158585358545,0.0015627123309330596
7133,0.0001339850244166385,0.001562068894714292
7134,0.00013386856181440976,0.0015614257242216704
7135,0.00013375219796696314,0.0015607828193456748
7136,0.00013363593278814534,0.0015601401799761605
7137,0.00013351976620157302,0.0015594978060028929
7138,0.00013340369811931652,0.0015588556973171082
7139,0.0001332877284596634,0.0015582138538078154
7140,0.00013317185714178947,0.0015575722753661918
7141,0.00013305608408042957,0.0015569309618816696
7142,0.00013294040920097672,0.0015562899132451832
7143,0.00013282483241194853,0.0015556491293474764
7144,0.0001327093536360735,0.001555008610078682
7145,0.00013259397279075102,0.0015543683553285934
7146,0.00013247868979249233,0.001553728364988849
7147,0.00013236350456313772,0.0015530886389495818
7148,0.00013224841701298118,0.0015524491771012165
7149,0.0001321334270674157,0.0015518099793348158
7150,0.00013201853464650526,0.0015511710455405857
7151,0.00013190373966143198,0.0015505323756095021
7152,0.00013178904203492436,0.00154989396943319
7153,0.00013167444168526998,0.0015492558269013176
7154,0.00013155993852986825,0.0015486179479052634
7155,0.00013144553248700674,0.0015479803323360034
7156,0.00013133122347941395,0.0015473429800845068
7157,0.00013121701142004838,0.0015467058910420342
7158,0.00013110289622986215,0.0015460690650991905
7159,0.00013098887782891921,0.0015454325021474237
7160,0.00013087495613639533,0.001544796202077918
7161,0.00013076113107057807,0.0015441601647817015
7162,0.00013064740255064322,0.0015435243901412432
7163,0.0001305337704966547,0.0015428888780655743
7164,0.00013042023482601195,0.0015422536284373477
7165,0.00013030679545700252,0.0015416186411477892
7166,0.00013019345231413126,0.0015409839160881456
7167,0.0001300802053103567,0.0015403494531502984
7168,0.00012996705437018363,0.0015397152522255084
7169,0.00012985399941189968,0.0015390813132055599
7170,0.00012974104035290424,0.001538447635981821
7171,0.0001296281771150376,0.0015378142204460071
7172,0.0001295154096192519,0.0015371810664897463
7173,0.00012940273778561107,0.0015365481740053782
7174,0.0001292901615279618,0.0015359155428838894
7175,0.00012917768077080893,0.0015352831730174113
7176,0.00012906529543776912,0.00153465106429828
7177,0.00012895300544180088,0.0015340192166177352
7178,0.00012884081070652087,0.0015333876298680542
7179,0.00012872871115465756,0.0015327563039413405
7180,0.00012861670670361036,0.001532125238729535
7181,0.00012850479727610775,0.001531494434124623
7182,0.0001283929827833319,0.0015308638900189409
7183,0.00012828126316044575,0.0015302336063045506
7184,0.00012816963832040784,0.0015296035828738196
7185,0.00012805810818061758,0.0015289738196190839
7186,0.00012794667266469162,0.0015283443164325686
7187,0.0001278353316971348,0.0015277150732067382
7188,0.00012772408519445833,0.0015270860898337693
7189,0.0001276129330793907,0.0015264573662059563
7190,0.00012750187527288404,0.0015258289022165895
7191,0.00012739091169233774,0.0015252006977573458
7192,0.00012728004226580936,0.001524572752721217
7193,0.00012716926690803376,0.001523945067000803
7194,0.00012705858554618032,0.0015233176404889914
7195,0.00012694799809409574,0.001522690473078226
7196,0.00012683750448072573,0.0015220635646615958
7197,0.00012672710462258152,0.0015214369151311663
7198,0.00012661679844061524,0.0015208105243807862
7199,0.00012650658586110808,0.0015201843923025211
7200,0.0001263964668032358,0.0015195585187898243
7201,0.00012628644118706234,0.0015189329037358125
7202,0.00012617650893709254,0.0015183075470325685
7203,0.00012606666997250215,0.0015176824485741078
7204,0.00012595692421779603,0.0015170576082534845
7205,0.00012584727159392628,0.0015164330259633402
7206,0.00012573771202095685,0.0015158087015974958
7207,0.00012562824542428075,0.0015151846350483986
7208,0.0001255188717248501,0.001514560826210369
7209,0.00012540959084184067,0.0015139372749759829
7210,0.00012530040270242182,0.0015133139812388147
7211,0.0001251913072266575,0.001512690944892127
7212,0.00012508230433461165,0.0015120681658297996
7213,0.00012497339395434182,0.0015114456439450467
7214,0.00012486457600147105,0.0015108233791315123
7215,0.00012475585040494508,0.0015102013712829133
7216,0.00012464721708393967,0.0015095796202929182
7217,0.00012453867596562418,0.0015089581260546922
7218,0.0001244302269647335,0.0015083368884624554
7219,0.00012432187001287787,0.0015077159074098796
7220,0.000124213605023904,0.0015070951827910774
7221,0.00012410543192853396,0.0015064747144994985
7222,0.0001239973506468317,0.0015058545024289223
7223,0.00012388936110241389,0.0015052345464736105
7224,0.00012378146321800898,0.0015046148465277173
7225,0.00012367365691634546,0.0015039954024848867
7226,0.00012356594212015182,0.0015033762142389467
7227,0.00012345831875570923,0.001502757281685127
7228,0.000123350786744858,0.0015021386047167767
7229,0.0001232433460103266,0.001501520183227724
7230,0.00012313599647661988,0.0015009020171133265
7231,0.00012302873807001902,0.0015002841062670136
7232,0.0001229215707088116,0.0014996664505833972
7233,0.00012281449431750247,0.0014990490499573149
7234,0.00012270750882326098,0.0014984319042821437
7235,0.0001226006141497038,0.0014978150134532069
7236,0.0001224938102195594,0.0014971983773650437
7237,0.00012238709695555627,0.0014965819959114335
7238,0.00012228047428131106,0.0014959658689877725
7239,0.00012217394212665766,0.001495349996488475
7240,0.00012206750040810732,0.001494734378308226
7241,0.00012196114905815847,0.0014941190143416515
7242,0.00012185488799154598,0.001493503904483405
7243,0.00012174871714165647,0.0014928890486289419
7244,0.00012164263642766571,0.0014922744466723016
7245,0.00012153664577319034,0.001491660098508929
7246,0.00012143074510895246,0.0014910460040335853
7247,0.00012132493435323966,0.0014904321631409832
7248,0.00012121921343588582,0.0014898185757268312
7249,0.00012111358227517854,0.0014892052416857135
7250,0.00012100804080450445,0.0014885921609127904
7251,0.00012090258894126293,0.001487979333303597
7252,0.00012079722661262338,0.0014873667587525924
7253,0.00012069195374664332,0.0014867544371558947
7254,0.00012058677026338671,0.0014861423684082893
7255,0.0001204816760909111,0.0014855305524049157
7256,0.00012037667115638584,0.001484918989041812
7257,0.0001202717553834276,0.001484307678213892
7258,0.00012016692869387668,0.0014836966198167635
7259,0.00012006219101756699,0.0014830858137458922
7260,0.00011995754227722699,0.0014824752598971182
7261,0.00011985298240091424,0.0014818649581654839
7262,0.0001197485113122454,0.0014812549084472042
7263,0.00011964412893838983,0.0014806451106373145
7264,0.000119539835202076,0.0014800355646322726
7265,0.00011943563003402602,0.001479426270327617
7266,0.00011933151335430381,0.0014788172276074853
7267,0.00011922748509451964,0.0014782084363908071
7268,0.00011912354517473744,0.001477599896561762
7269,0.00011901969352834385,0.0014769916080165021
7270,0.00011891593007362644,0.0014763835706508056
7271,0.00011881225473953094,0.0014757757843610955
7272,0.00011870866745589126,0.0014751682490431808
7273,0.00011860516814543587,0.0014745609645932696
7274,0.00011850175673444596,0.0014739539309072507
7275,0.00011839843315009091,0.0014733471478818039
7276,0.00011829519731776372,0.0014727406154123775
7277,0.00011819204916729831,0.0014721343333960121
7278,0.00011808898861964678,0.0014715283017288118
7279,0.00011798601560730759,0.0014709225203070296
7280,0.00011788313005478557,0.0014703169890273038
7281,0.00011778033188569736,0.0014697117077856134
7282,0.00011767762103254142,0.0014691066764788221
7283,0.00011757499741804622,0.0014685018950035787
7284,0.00011747246097026931,0.0014678973632452075
7285,0.0001173700116146037,0.0014672930811226899
7286,0.00011726764928354783,0.0014666890485212289
7287,0.00011716537389716564,0.0014660852653372997
7288,0.00011706318538884375,0.0014654817314684876
7289,0.00011696108368131064,0.0014648784468114552
7290,0.00011685906870262386,0.0014642754112623169
7291,0.00011675714038084095,0.0014636726247185643
7292,0.00011665529864490765,0.0014630700870767697
7293,0.00011655354342021695,0.0014624677982338803
7294,0.00011645187463660278,0.0014618657580873183
7295,0.00011635029221768178,0.0014612639665336005
7296,0.00011624879609684058,0.0014606624234705066
7297,0.00011614738619591947,0.0014600611287945292
7298,0.00011604606244564053,0.0014594600824030766
7299,0.00011594482477317314,0.0014588592841935435
7300,0.0001158436731083512,0.0014582587340626549
7301,0.00011574260737567954,0.0014576584319085616
7302,0.00011564162750588025,0.0014570583776275098
7303,0.0001155407334261227,0.001456458571117751
7304,0.00011543992506357625,0.0014558590122763122
7305,0.00011533920235073936,0.0014552597010010805
7306,0.00011523856521122866,0.00145466063718893
7307,0.00011513801357310172,0.0014540618207378765
7308,0.0001150375473670806,0.0014534632515451722
7309,0.00011493716652122288,0.001452864929508791
7310,0.00011483687096536244,0.001452266854526367
7311,0.00011473666062400412,0.0014516699578653765
7312,0.00011463653543142271,0.0014510739320919112
7313,0.00011453649530945853,0.0014504781520452946
7314,0.0001144365401950509,0.0014498826176239342
7315,0.00011433667001004011,0.0014492873287261683
7316,0.00011423688468514825,0.0014486922852501062
7317,0.0001141371841519856,0.001448097487094329
7318,0.00011403756833416878,0.0014475029341569391
7319,0.00011393803716774897,0.0014469086263364794
7320,0.00011383859057545465,0.0014463145635315727
7321,0.00011373922848978424,0.00144572074564054
7322,0.00011363995083968348,0.0014451271725622605
7323,0.00011354075755409809,0.0014445338441947085
7324,0.00011344164856375016,0.001443940760436694
7325,0.00011334262379314453,0.0014433479211873046
7326,0.00011324368317833233,0.0014427553263451007
7327,0.00011314482664204206,0.001442162975808476
7328,0.00011304605412210122,0.0014415708694767125
7329,0.00011294736553857376,0.001440979007248499
7330,0.00011284876083017537,0.001440387389022628
7331,0.00011275023992318722,0.0014397960146980034
7332,0.00011265180274300235,0.00143920488417364
7333,0.0001125534492256719,0.0014386139973484278
7334,0.00011245517929658888,0.0014380233541220477
7335,0.00011235699288913992,0.0014374329543926298
7336,0.00011225888993404709,0.0014368427980599417
7337,0.00011216087035670341,0.0014362528850228214
7338,0.0001120629340904955,0.0014356632151808942
7339,0.00011196508106703362,0.0014350737884329216
7340,0.00011186731121703986,0.001434484604678779
7341,0.00011176962446324268,0.001433895663777919
7342,0.00011167202074169325,0.0014333069657085154
7343,0.00011157449998577817,0.001432718510331256
7344,0.00011147706212089048,0.0014321302975449056
7345,0.0001113797070795286,0.0014315423272491627
7346,0.00011128243479241462,0.0014309545993440413
7347,0.00011118524518760609,0.0014303671137283931
7348,0.00011108813820204233,0.0014297798703019893
7349,0.00011099111376022819,0.0014291928689651977
7350,0.00011089417179821481,0.0014286061096172413
7351,0.00011079731224139522,0.001428019592157593
7352,0.00011070053502315602,0.001427433316486211
7353,0.0001106038400786602,0.0014268472825036925
7354,0.00011050722733330076,0.0014262614901087017
7355,0.00011041069671957615,0.0014256759392020542
7356,0.00011031424816909663,0.0014250906296832191
7357,0.00011021788161436064,0.0014245055614527415
7358,0.0001101215969843139,0.0014239207344104166
7359,0.00011002539421500757,0.0014233361484555541
7360,0.0001099292732300583,0.0014227518034499592
7361,0.00010983323396818179,0.0014221676993723328
7362,0.00010973727635832375,0.001421583836083335
7363,0.00010964140032765357,0.0014210002134832887
7364,0.00010954560581843964,0.0014204168314724541
7365,0.00010944989275163408,0.0014198336899514004
7366,0.00010935426106684076,0.0014192507888204503
7367,0.00010925871068767634,0.0014186681279795936
7368,0.00010916324155374468,0.0014180857073298574
7369,0.00010906785359576787,0.0014175035267711827
7370,0.00010897254674357981,0.0014169215862047738
7371,0.00010887732092612623,0.0014163398855305057
7372,0.00010878217607945828,0.0014157584246492737
7373,0.00010868711213785076,0.0014151772034621465
7374,0.00010859212903202575,0.0014145962218693048
7375,0.00010849722668826445,0.0014140154797721502
7376,0.00010840240504794707,0.0014134349770707384
7377,0.00010830766403913117,0.0014128547136660757
7378,0.00010821300359520336,0.0014122746894592135
7379,0.00010811842364599755,0.0014116949043511164
7380,0.00010802392412667672,0.0014111153582426796
7381,0.0001079295049697393,0.001410536051034611
7382,0.00010783516610768373,0.0014099569826284547
7383,0.00010774090747212028,0.0014093781529249325
7384,0.00010764672899732375,0.001408799561825512
7385,0.00010755263061756892,0.001408221209230464
7386,0.00010745861226002518,0.0014076430950421964
7387,0.00010736467386074366,0.0014070652191612645
7388,0.0001072708153575519,0.001406487581488973
7389,0.00010717703667850742,0.0014059101819267894
7390,0.00010708333775344414,0.0014053330203761677
7391,0.00010698971852196593,0.0014047560967380725
7392,0.00010689617891479486,0.001404179410914589
7393,0.00010680271886709392,0.0014036029628066125
7394,0.00010670933830958518,0.0014030267523160896
7395,0.00010661603717565526,0.0014024507793446994
7396,0.00010652281540046715,0.0014018750437934865
7397,0.00010642967291740746,0.0014012995455646576
7398,0.00010633660965897462,0.001400724284559271
7399,0.00010624362555855527,0.001400149260679634
7400,0.000106150720549536,0.0013995744738272385
7401,0.00010605789456796799,0.0013989999238975988
7402,0.00010596514754723785,0.0013984256108052658
7403,0.00010587247941806766,0.0013978515344460797
7404,0.00010577989011739675,0.0013972776947215326
7405,0.00010568737957949992,0.0013967040915341018
7406,0.00010559494773421108,0.0013961307247854632
7407,0.00010550259452024591,0.001395557594377407
7408,0.00010541031987187921,0.001394984700212737
7409,0.00010531812371983307,0.0013944120421928545
7410,0.00010522600599660592,0.0013938396202203135
7411,0.00010513396664624253,0.0013932674341974628
7412,0.00010504200559235954,0.0013926954840262386
7413,0.00010495012277367266,0.00139212376960908
7414,0.00010485831812623303,0.001391552290848707
7415,0.00010476659158342727,0.0013909810476464175
7416,0.00010467494307775382,0.0013904100399060558
7417,0.00010458337254526384,0.0013898392675289993
7418,0.00010449187992289666,0.0013892687304185858
7419,0.00010440046513870982,0.001388698428476342
7420,0.00010430912813674809,0.0013881283616056402
7421,0.00010421786884418083,0.0013875585297090376
7422,0.00010412668720238827,0.0013869889326891226
7423,0.00010403558313942796,0.0013864195704482683
7424,0.0001039445565931274,0.0013858504428894136
7425,0.00010385360750042594,0.0013852815499154382
7426,0.00010376273579648654,0.0013847128914293433
7427,0.00010367194141469582,0.0013841444673336444
7428,0.00010358122428844041,0.001383576277531249
7429,0.00010349058435377145,0.0013830083219255884
7430,0.000103400021551181,0.001382440600418998
7431,0.00010330953581050295,0.0013818731129152627
7432,0.0001032191270660121,0.001381305859316638
7433,0.00010312879526086505,0.001380738839526715
7434,0.0001030385403240075,0.0013801720534482413
7435,0.00010294836219060244,0.0013796055009848499
7436,0.00010285826080025373,0.0013790391820395972
7437,0.00010276823608812435,0.0013784730965156443
7438,0.00010267828798582457,0.0013779072443168769
7439,0.00010258841643562278,0.0013773416253456648
7440,0.00010249862136735288,0.0013767762395060466
7441,0.00010240890271795422,0.0013762110867014954
7442,0.00010231926042703066,0.0013756461668350053
7443,0.00010222969442885699,0.0013750814798106255
7444,0.00010214020465593165,0.001374517025531579
7445,0.00010205079104785852,0.0013739528039012835
7446,0.00010196145354424146,0.001373388814823559
7447,0.00010187219207669074,0.0013728250582023017
7448,0.00010178300657859296,0.001372261533941179
7449,0.00010169389699310472,0.0013716982419435322
7450,0.0001016048632545008,0.001371135182113424
7451,0.00010151590529527965,0.0013705723543546745
7452,0.00010142702305593332,0.0013700097585713916
7453,0.0001013382164707366,0.0013694473946673051
7454,0.00010124948547929336,0.0013688852625460442
7455,0.00010116083001676657,0.0013683233621119666
7456,0.00010107225001565467,0.0013677616932690796
7457,0.00010098374541822608,0.0013672002559210888
7458,0.00010089531616230829,0.0013666390499723277
7459,0.00010080696218128793,0.0013660780753273725
7460,0.00010071868341210433,0.001365517331889752
7461,0.00010063047979169681,0.00136495681956399
7462,0.00010054235126055744,0.0013643965382541777
7463,0.00010045429774940828,0.001363836487865016
7464,0.00010036631920229411,0.0013632766683004845
7465,0.00010027841555171335,0.0013627170794648993
7466,0.00010019058673726988,0.0013621577212629375
7467,0.0001001028326932385,0.0013615985935991094
7468,0.00010001515336099942,0.0013610396963774987
7469,9.992754867571563e-5,0.0013604810295033444
7470,9.984001857610281e-5,0.001359922592880796
7471,9.975256299732393e-5,0.001359364386414031
7472,9.966518187720652e-5,0.0013588064100085798
7473,9.957787515535443e-5,0.001358248663568335
7474,9.949064277048336e-5,0.0013576911469987823
7475,9.940348465509175e-5,0.0013571338602042793
7476,9.931640075233616e-5,0.0013565768030899157
7477,9.92293909973796e-5,0.0013560199755600494
7478,9.91424553262732e-5,0.0013554633775202662
7479,9.905559368306172e-5,0.0013549070088744453
7480,9.896880599846725e-5,0.001354350869528842
7481,9.88820922183109e-5,0.0013537949593876233
7482,9.879545227065023e-5,0.0013532392783561671
7483,9.870888610219453e-5,0.0013526838263395319
7484,9.862239364810677e-5,0.0013521286032427311
7485,9.85359748444381e-5,0.0013515736089710073
7486,9.84496296352333e-5,0.001351018843429811
7487,9.83633579521026e-5,0.0013504643065236875
7488,9.827715973909079e-5,0.0013499099981589165
7489,9.81910349286963e-5,0.0013493559182402234
7490,9.810498346318752e-5,0.0013488020666727711
7491,9.80190052839447e-5,0.0013482484433627283
7492,9.793310032435443e-5,0.0013476950482145464
7493,9.784726852224424e-5,0.001347141881134769
7494,9.776150982343523e-5,0.001346588942028045
7495,9.76758241586495e-5,0.001346036230800693
7496,9.759021147281999e-5,0.0013454837473575836
7497,9.750467170110966e-5,0.0013449314916047159
7498,9.74192047822342e-5,0.0013443794634480644
7499,9.733381065757385e-5,0.001343827662792809
7500,9.72484892649561e-5,0.0013432760895447995
7501,9.716324054398484e-5,0.001342724743610392
7502,9.707806443071121e-5,0.0013421736248946277
7503,9.699296086829179e-5,0.001341622733303946
7504,9.690792979633045e-5,0.001341072068744023
7505,9.682297114910199e-5,0.0013405216311211353
7506,9.673808486887481e-5,0.001339971420340716
7507,9.665327089525277e-5,0.0013394214363095236
7508,9.656852916961611e-5,0.0013388716789328077
7509,9.64838596271278e-5,0.001338322148117247
7510,9.639926220916806e-5,0.0013377728437687017
7511,9.631473685534075e-5,0.001337223765793854
7512,9.623028350524976e-5,0.0013366749140985741
7513,9.614590210116347e-5,0.0013361262885886564
7514,9.606159257558033e-5,0.0013355778891713972
7515,9.597735487787418e-5,0.0013350297157523408
7516,9.58931889378789e-5,0.0013344817682384436
7517,9.580909470408017e-5,0.0013339340465353643
7518,9.572507211164094e-5,0.0013333865505505658
7519,9.564112110105327e-5,0.0013328392801896204
7520,9.555724161192103e-5,0.0013322922353600948
7521,9.547343358740079e-5,0.0013317454159675508
7522,9.538969696265553e-5,0.0013311988219190142
7523,9.530603168439455e-5,0.0013306524531211707
7524,9.522243768689265e-5,0.0013301063094805915
7525,9.513891491153004e-5,0.001329560390903893
7526,9.505546330057513e-5,0.0013290146972984897
7527,9.49720827927436e-5,0.0013284692285707549
7528,9.48887733294157e-5,0.0013279239846270968
7529,9.480553485108345e-5,0.0013273789653752976
7530,9.472236729646255e-5,0.0013268341707216164
7531,9.463927060870958e-5,0.0013262896005736824
7532,9.455624472654023e-5,0.001325745254837498
7533,9.44732895922229e-5,0.0013252011334207517
7534,9.439040514536146e-5,0.0013246572362304102
7535,9.430759132467159e-5,0.0013241135631741237
7536,9.422484807419806e-5,0.001323570114158002
7537,9.414217533354474e-5,0.001323026889089897
7538,9.405957304853274e-5,0.0013224838878771704
7539,9.397704114810779e-5,0.0013219411104266644
7540,9.389457958164371e-5,0.0013213985566455123
7541,9.381218829140892e-5,0.0013208562264420236
7542,9.372986721256638e-5,0.0013203141197225543
7543,9.364761629360174e-5,0.0013197722363952717
7544,9.356543546878981e-5,0.0013192305763670802
7545,9.348332468483989e-5,0.0013186891395460497
7546,9.340128387957947e-5,0.0013181479258396155
7547,9.331931299616514e-5,0.0013176069351548067
7548,9.323741197597712e-5,0.0013170661673996102
7549,9.315558075684294e-5,0.0013165256224815028
7550,9.307381928458369e-5,0.0013159853003087592
7551,9.299212749791508e-5,0.001315445200788596
7552,9.291050534177003e-5,0.0013149053238289132
7553,9.282895275397607e-5,0.001314365669337205
7554,9.274746967768976e-5,0.0013138262372220239
7555,9.26660560560677e-5,0.0013132870273904924
7556,9.25847118269374e-5,0.0013127480397511944
7557,9.250343693700813e-5,0.0013122092742114365
7558,9.242223132854832e-5,0.0013116707306798647
7559,9.234109493760911e-5,0.001311132409064237
7560,9.226002771178798e-5,0.0013105943092726613
7561,9.217902958624791e-5,0.0013100564312132391
7562,9.209810051213907e-5,0.0013095187747936173
7563,9.201724042551263e-5,0.001308981339923257
7564,9.19364492677488e-5,0.0013084441265089307
7565,9.185572698733324e-5,0.0013079071344599853
7566,9.177507352031711e-5,0.0013073703636842064
7567,9.169448881163333e-5,0.0013068338140900734
7568,9.161397280177397e-5,0.001306297485585882
7569,9.153352543567195e-5,0.0013057613780799726
7570,9.145314665381932e-5,0.0013052254914814355
7571,9.13728364020372e-5,0.001304689825697914
7572,9.129259462081762e-5,0.0013041543806385468
7573,9.12124212488763e-5,0.0013036191562113796
7574,9.11323162329225e-5,0.0013030841523255753
7575,9.105227951700101e-5,0.0013025493688893115
7576,9.097231103893932e-5,0.0013020148058116715
7577,9.089241074633492e-5,0.0013014804630013255
7578,9.08125785814562e-5,0.001300946340366399
7579,9.073281448301884e-5,0.0013004124378168253
7580,9.065311839862034e-5,0.0012998787552606292
7581,9.057349027052908e-5,0.0012993452926065088
7582,9.049393003834894e-5,0.0012988120497641129
7583,9.04144376487892e-5,0.0012982790266417993
7584,9.03350130432301e-5,0.001297746223148967
7585,9.025565616394005e-5,0.0012972136391943695
7586,9.017636695496378e-5,0.001296681274687024
7587,9.009714536389879e-5,0.0012961491295363954
7588,9.001799132679622e-5,0.0012956172036516223
7589,8.99389047930299e-5,0.0012950854969412326
7590,8.985988570042736e-5,0.0012945540093152012
7591,8.978093399569786e-5,0.0012940227406819521
7592,8.970204962377437e-5,0.0012934916909514219
7593,8.962323252514892e-5,0.0012929608600331793
7594,8.954448264475445e-5,0.001292430247836044
7595,8.946579992663573e-5,0.0012918998542692586
7596,8.938718431306114e-5,0.0012913696792427494
7597,8.930863574718728e-5,0.0012908397226660435
7598,8.923015417661162e-5,0.0012903099844481687
7599,8.915173954360256e-5,0.0012897804644988707
7600,8.907339178865215e-5,0.0012892511627282562
7601,8.899511086113421e-5,0.0012887220790452417
7602,8.891689670154079e-5,0.0012881932133595626
7603,8.883874925302848e-5,0.0012876645655815928
7604,8.876066846141839e-5,0.0012871361356200754
7605,8.868265427253164e-5,0.0012866079233858074
7606,8.860470662597209e-5,0.0012860799287880906
7607,8.852682547022539e-5,0.0012855521517366533
7608,8.84490107457836e-5,0.0012850245921414566
7609,8.837126240024418e-5,0.0012844972499125099
7610,8.829358037587554e-5,0.001283970124959996
7611,8.821596461849879e-5,0.0012834432171939282
7612,8.813841507038234e-5,0.0012829165265237086
7613,8.806093168001183e-5,0.0012823900528598046
7614,8.79835143887675e-5,0.0012818637961127012
7615,8.790616313891775e-5,0.001281337756191648
7616,8.782887788338911e-5,0.0012808119330079935
7617,8.775165855645639e-5,0.001280286326470894
7618,8.767450510926977e-5,0.0012797609364915696
7619,8.759741748498584e-5,0.0012792357629794436
7620,8.752039562942571e-5,0.0012787108058455454
7621,8.744343948663413e-5,0.0012781860649999366
7622,8.73665489997677e-5,0.0012776615403528417
7623,8.728972411731206e-5,0.0012771372318149746
7624,8.721296478064744e-5,0.0012766131392969553
7625,8.713627093825949e-5,0.0012760892627090743
7626,8.705964253064025e-5,0.0012755656019618963
7627,8.698307950893991e-5,0.001275042156965743
7628,8.690658181276234e-5,0.0012745189276319735
7629,8.683014939148137e-5,0.0012739959138706354
7630,8.675378218825358e-5,0.001273473115592838
7631,8.667748014801191e-5,0.0012729505327091287
7632,8.660124321391294e-5,0.0012724281651304188
7633,8.652507133888321e-5,0.0012719060127675576
7634,8.644896446163841e-5,0.0012713840755308667
7635,8.637292252977602e-5,0.001270862353332028
7636,8.629694548822897e-5,0.0012703408460812034
7637,8.622103328548292e-5,0.001269819553690165
7638,8.614518586114173e-5,0.001269298476069266
7639,8.606940316635558e-5,0.0012687776131298824
7640,8.599368514605743e-5,0.001268256964783273
7641,8.591803174251567e-5,0.001267736530939742
7642,8.584244290510412e-5,0.0012672163115112177
7643,8.576691857875574e-5,0.0012666963064089168
7644,8.569145870840345e-5,0.0012661765155437474
7645,8.561606324164472e-5,0.0012656569388269402
7646,8.554073212430069e-5,0.0012651375761700522
7647,8.546546529952792e-5,0.0012646184274836998
7648,8.539026271758843e-5,0.0012640994926804011
7649,8.531512431986243e-5,0.0012635807716709808
7650,8.524005005394741e-5,0.0012630622643669195
7651,8.516503987188173e-5,0.0012625439706794965
7652,8.509009371415743e-5,0.0012620258905205982
7653,8.501521152570746e-5,0.0012615080238014345
7654,8.494039325857017e-5,0.0012609903704339995
7655,8.486563885412579e-5,0.0012604729303294857
7656,8.47909482599718e-5,0.0012599557034000466
7657,8.471632142459384e-5,0.0012594386895567258
7658,8.464175829203668e-5,0.001258921888712062
7659,8.456725881167415e-5,0.0012584053007772718
7660,8.449282292577465e-5,0.0012578889256643112
7661,8.441845058460018e-5,0.0012573727632851361
7662,8.434414173574822e-5,0.0012568568135513866
7663,8.426989632237536e-5,0.0012563410763756604
7664,8.419571429296724e-5,0.0012558255516687926
7665,8.41215955924568e-5,0.0012553102393440263
7666,8.404754017110605e-5,0.0012547951393123008
7667,8.397354797651246e-5,0.0012542802514864428
7668,8.389961895183262e-5,0.0012537655757784115
7669,8.3825753044664e-5,0.001253251112099743
7670,8.375195020615678e-5,0.0012527368603632086
7671,8.367821037680301e-5,0.0012522228204810588
7672,8.360453350864105e-5,0.0012517089923657389
7673,8.353091954838021e-5,0.0012511953759288923
7674,8.345736844272977e-5,0.001250681971083186
7675,8.338388013662268e-5,0.0012501687777409579
7676,8.331045458032094e-5,0.001249655795814597
7677,8.323709172053384e-5,0.0012491430252167084
7678,8.316379150219433e-5,0.00124863046585948
7679,8.309055387822895e-5,0.0012481181176557353
7680,8.301737879268245e-5,0.0012476059805176971
7681,8.294426619137596e-5,0.0012470940543579806
7682,8.287121602457148e-5,0.0012465823390895373
7683,8.279822824075467e-5,0.0012460708346247462
7684,8.27253027830821e-5,0.0012455595408763093
7685,8.265243960270396e-5,0.0012450484577565882
7686,8.257963864632956e-5,0.0012445375851794574
7687,8.250689986155635e-5,0.0012440269230569075
7688,8.243422320308724e-5,0.0012435164713007797
7689,8.236160860608521e-5,0.0012430062298260137
7690,8.228905602614134e-5,0.001242496198543535
7691,8.221656541085309e-5,0.0012419863773683003
7692,8.214413670781795e-5,0.0012414767662124217
7693,8.207176986552156e-5,0.001240967364988528
7694,8.199946482889686e-5,0.0012404581736100671
7695,8.192722154909404e-5,0.0012399491919900252
7696,8.185503997459875e-5,0.0012394404200414474
7697,8.178292005300847e-5,0.0012389318576774867
7698,8.171086172925612e-5,0.0012384235048114173
7699,8.16388649589328e-5,0.0012379153613566556
7700,8.156692968519508e-5,0.0012374074272259103
7701,8.149505585652861e-5,0.0012368997023331184
7702,8.142324342230722e-5,0.0012363921865913112
7703,8.135149233190475e-5,0.001235884879913749
7704,8.127980253025413e-5,0.0012353777822141712
7705,8.120817397117008e-5,0.0012348708934056991
7706,8.11366066013619e-5,0.0012343642134020685
7707,8.106510036753889e-5,0.0012338577421165987
7708,8.099365521996305e-5,0.0012333514794629422
7709,8.092227110445549e-5,0.0012328454253549836
7710,8.08509479766073e-5,0.0012323395797058621
7711,8.077968577868688e-5,0.0012318339424292647
7712,8.070848446362078e-5,0.0012313285134393677
7713,8.063734397900646e-5,0.0012308232926495945
7714,8.05662642724414e-5,0.0012303182799739097
7715,8.049524529329943e-5,0.0012298134753253483
7716,8.042428699006621e-5,0.0012293088786191203
7717,8.03533893183328e-5,0.001228804489767879
7718,8.02825522168149e-5,0.0012283003086858736
7719,8.021177564199178e-5,0.0012277963352875093
7720,8.014105954057271e-5,0.0012272925694862512
7721,8.00704038637079e-5,0.0012267890111964663
7722,7.999980855633027e-5,0.0012262856603322408
7723,7.992927357580726e-5,0.001225782516807137
7724,7.985879885996638e-5,0.0012252795805358999
7725,7.978838436795144e-5,0.001224776851432196
7726,7.971803004647171e-5,0.001224274329410413
7727,7.964773584312468e-5,0.001223772014385078
7728,7.95775017099487e-5,0.0012232699062700476
7729,7.950732759454127e-5,0.001222768004980189
7730,7.943721344716437e-5,0.001222266310429182
7731,7.936715921630366e-5,0.0012217648225317061
7732,7.92971648548857e-5,0.001221263541202354
7733,7.922723031317247e-5,0.0012207624663550867
7734,7.915735553520875e-5,0.0012202615979045872
7735,7.908754047658562e-5,0.0012197609357659546
7736,7.901778508490054e-5,0.0012192604798527754
7737,7.894808930775099e-5,0.001218760230080624
7738,7.887845309983987e-5,0.0012182601863634963
7739,7.880887640787648e-5,0.0012177603486161204
7740,7.8739359183011e-5,0.0012172607167532518
7741,7.866990137461727e-5,0.001216761290689615
7742,7.860050293473364e-5,0.001216262070339938
7743,7.853116380918124e-5,0.0012157630556191568
7744,7.84618839553275e-5,0.0012152642464422596
7745,7.839266331721717e-5,0.0012147656427235927
7746,7.832350184866499e-5,0.0012142672443788104
7747,7.825439949726842e-5,0.0012137690513221062
7748,7.818535621417766e-5,0.0012132710634691034
7749,7.811637195143106e-5,0.0012127732807342972
7750,7.804744665929064e-5,0.0012122757030328772
7751,7.797858028624205e-5,0.0012117783302800986
7752,7.790977278254729e-5,0.0012112811623910327
7753,7.784102410290927e-5,0.0012107841992807962
7754,7.77723341931491e-5,0.0012102874408647345
7755,7.770370300974605e-5,0.0012097908870574783
7756,7.763513049585669e-5,0.001209294537775029
7757,7.756661660973663e-5,0.0012087983929323295
7758,7.749816129720699e-5,0.0012083024524452979
7759,7.742976451030614e-5,0.0012078067162282977
7760,7.736142619929609e-5,0.0012073111841974064
7761,7.729314631710338e-5,0.0012068158562675013
7762,7.722492481310184e-5,0.0012063207323549721
7763,7.715676163844165e-5,0.0012058258123743282
7764,7.708865674516119e-5,0.0012053310962419662
7765,7.702061008529881e-5,0.0012048365838727704
7766,7.695262160556382e-5,0.001204342275182995
7767,7.688469125888275e-5,0.0012038481700878748
7768,7.681681900262305e-5,0.0012033542685031921
7769,7.674900477905311e-5,0.0012028605703447923
7770,7.668124854376401e-5,0.001202367075527979
7771,7.661355024701777e-5,0.0012018737839689583
7772,7.65459098426291e-5,0.0012013806955836377
7773,7.647832727997184e-5,0.0012008878102875847
7774,7.641080251019616e-5,0.0012003951279970365
7775,7.634333548445227e-5,0.0011999026486273004
7776,7.62759261556667e-5,0.001199410372094735
7777,7.620857447498963e-5,0.001198918298287114
7778,7.614128039357126e-5,0.0011984264271773376
7779,7.607404386256178e-5,0.0011979347586526766
7780,7.600686483755226e-5,0.001197443292629427
7781,7.593974326436381e-5,0.0011969520290007855
7782,7.58726790994757e-5,0.001196460967728602
7783,7.580567229137358e-5,0.0011959701087065032
7784,7.57387227965367e-5,0.0011954794518509552
7785,7.567183055900983e-5,0.0011949889970773314
7786,7.560499553882494e-5,0.0011944987443026217
7787,7.553821768357949e-5,0.001194008693443039
7788,7.547149694708821e-5,0.0011935188444149765
7789,7.540483327783676e-5,0.0011930291971348587
7790,7.533822663319256e-5,0.00119253975151936
7791,7.527167696341763e-5,0.001192050507484086
7792,7.52051842178858e-5,0.0011915614649467346
7793,7.51387483539645e-5,0.0011910726238231507
7794,7.507236931836303e-5,0.001190583984030106
7795,7.500604706667247e-5,0.001190095545483976
7796,7.4939781550043e-5,0.001189607308102112
7797,7.487357272228934e-5,0.0011891192718002166
7798,7.480742053544986e-5,0.0011886314364959773
7799,7.47413249388984e-5,0.0011881438021057664
7800,7.467528588911421e-5,0.001187656368546234
7801,7.460930333813565e-5,0.0011871691357342104
7802,7.45433772371129e-5,0.0011866821035867274
7803,7.447750753986071e-5,0.0011861952720202025
7804,7.441169419486471e-5,0.0011857086409526492
7805,7.434593715860416e-5,0.0011852222103000513
7806,7.428023638578196e-5,0.0011847359799802143
7807,7.421459182577195e-5,0.0011842499499097152
7808,7.414900343327702e-5,0.0011837641200056377
7809,7.4083471157671e-5,0.0011832784901850205
7810,7.401799495809769e-5,0.0011827930603652004
7811,7.39525747803782e-5,0.001182307830463327
7812,7.388721058365633e-5,0.0011818228003965259
7813,7.382190231819408e-5,0.0011813379700821303
7814,7.375664993514164e-5,0.0011808533394370123
7815,7.369145339009009e-5,0.0011803689083791508
7816,7.362631263596597e-5,0.001179884676825442
7817,7.356122762747219e-5,0.0011794006446936775
7818,7.349619831220622e-5,0.0011789168119006564
7819,7.343122464842367e-5,0.0011784331783645553
7820,7.33663065881629e-5,0.0011779497440023504
7821,7.330144408523864e-5,0.0011774665087315624
7822,7.323663709257744e-5,0.001176983472470347
7823,7.317188556221765e-5,0.0011765006351351706
7824,7.310718944886219e-5,0.001176017996645004
7825,7.304254870810212e-5,0.0011755355569166882
7826,7.297796328753492e-5,0.0011750533158677162
7827,7.291343314808074e-5,0.0011745712734166948
7828,7.284895823733706e-5,0.001174089429480437
7829,7.278453851355948e-5,0.00117360778397773
7830,7.272017392434549e-5,0.0011731263368251546
7831,7.265586443327976e-5,0.0011726450879384724
7832,7.259160998174252e-5,0.0011721640372415291
7833,7.252741053331846e-5,0.0011716831846491464
7834,7.246326603649322e-5,0.0011712025300790498
7835,7.23991764468579e-5,0.0011707220734496204
7836,7.233514171911537e-5,0.0011702418146788268
7837,7.22711618061922e-5,0.0011697617536848282
7838,7.22072366619031e-5,0.0011692818903851036
7839,7.214336624183915e-5,0.0011688022246982704
7840,7.207955049803871e-5,0.0011683227565423802
7841,7.20157893852047e-5,0.0011678434858359565
7842,7.195208285981636e-5,0.00116736441249711
7843,7.18884308721357e-5,0.0011668855364427057
7844,7.18248333777538e-5,0.001166406857593321
7845,7.176129033314993e-5,0.0011659283758666816
7846,7.169780169036244e-5,0.0011654500911808564
7847,7.163436740320606e-5,0.001164972003453845
7848,7.15709874299364e-5,0.0011644941126050835
7849,7.15076617190391e-5,0.0011640164185518324
7850,7.144439022699345e-5,0.0011635389212133092
7851,7.138117291116686e-5,0.0011630616205083495
7852,7.13180097235977e-5,0.0011625845163544604
7853,7.125490061810069e-5,0.0011621076086712305
7854,7.119184555026692e-5,0.0011616308973768086
7855,7.1128844478352e-5,0.0011611543823899263
7856,7.106589734995339e-5,0.0011606780636299364
7857,7.100300412599125e-5,0.001160201941014554
7858,7.094016475761578e-5,0.0011597260144635448
7859,7.087737920130621e-5,0.0011592502838947
7860,7.081464741087728e-5,0.0011587747492281704
7861,7.075196934192007e-5,0.0011582994103814907
7862,7.068934494736112e-5,0.0011578242672745515
7863,7.062677418367969e-5,0.001157349319825838
7864,7.05642570082432e-5,0.0011568745679545293
7865,7.050179337131368e-5,0.0011564000115796315
7866,7.043938323203491e-5,0.0011559256506198552
7867,7.037702654155709e-5,0.0011554514849946955
7868,7.031472325724764e-5,0.0011549775146232726
7869,7.0252473336474e-5,0.0011545037394245332
7870,7.019027672949818e-5,0.0011540301593178197
7871,7.012813339635215e-5,0.0011535567742219782
7872,7.006604328729793e-5,0.001153083584056979
7873,7.000400636325566e-5,0.0011526105887413943
7874,6.99420225762637e-5,0.0011521377881951456
7875,6.988009188013677e-5,0.0011516651823369022
7876,6.981821423401868e-5,0.0011511927710865372
7877,6.975638959172414e-5,0.0011507205543634935
7878,6.969461790795606e-5,0.001150248532087117
7879,6.963289913919368e-5,0.0011497767041766666
7880,6.957123324013992e-5,0.0011493050705517725
7881,6.95096201681622e-5,0.0011488336311325786
7882,6.944805987707525e-5,0.0011483623858376847
7883,6.938655232424651e-5,0.0011478913345876023
7884,6.932509746171434e-5,0.0011474204773016562
7885,6.926369525128706e-5,0.0011469498138988975
7886,6.920234564233851e-5,0.001146479344300011
7887,6.914104859401249e-5,0.001146009068424672
7888,6.907980406367642e-5,0.0011455389861919803
7889,6.901861200425685e-5,0.0011450690975225268
7890,6.895747237134486e-5,0.0011445994023353001
7891,6.88963851258606e-5,0.0011441299005509609
7892,6.883535021806608e-5,0.0011436605920891116
7893,6.877436760532873e-5,0.001143191476869955
7894,6.871343724679235e-5,0.0011427225548126911
7895,6.86525590944953e-5,0.0011422538258386572
7896,6.859173310580502e-5,0.0011417852898668972
7897,6.85309592398653e-5,0.0011413169468175513
7898,6.847023744960268e-5,0.0011408487966110478
7899,6.840956769327278e-5,0.001140380839167742
7900,6.834894992646667e-5,0.001139913074407535
7901,6.828838410388727e-5,0.0011394455022504107
7902,6.8227870182902e-5,0.0011389781226170577
7903,6.816740812087829e-5,0.001138510935427519
7904,6.81069978751836e-5,0.0011380439406021466
7905,6.804663939963262e-5,0.00113757713806166
7906,6.798633265070464e-5,0.001137110527725714
7907,6.792607758665525e-5,0.0011366441095152224
7908,6.786587416307555e-5,0.0011361778833504955
7909,6.780572233822113e-5,0.0011357118491523363
7910,6.774562206857127e-5,0.0011352460068407566
7911,6.768557330794067e-5,0.0011347803563369167
7912,6.762557601547314e-5,0.0011343148975607488
7913,6.756563014675976e-5,0.0011338496304334165
7914,6.750573566005613e-5,0.0011333845548749562
7915,6.74458925127297e-5,0.001132919670806521
7916,6.7386100657707e-5,0.0011324549781487683
7917,6.732636005413184e-5,0.0011319904768224143
7918,6.726667066381253e-5,0.001131526166748345
7919,6.720703243434656e-5,0.001131062047847381
7920,6.71474453293186e-5,0.0011305981200397594
7921,6.708790930343156e-5,0.0011301343832473623
7922,6.702842431760558e-5,0.0011296708373905555
7923,6.69689903212145e-5,0.0011292074823902112
7924,6.690960727873119e-5,0.0011287443181677431
7925,6.685027514485853e-5,0.0011282813446432602
7926,6.679099387607579e-5,0.0011278185617389462
7927,6.673176343152676e-5,0.0011273559693750525
7928,6.667258376236163e-5,0.0011268935674732042
7929,6.661345483660597e-5,0.0011264313559545165
7930,6.655437660274544e-5,0.0011259693347395738
7931,6.649534902258836e-5,0.0011255075037501783
7932,6.643637204994945e-5,0.0011250458629075318
7933,6.637744564752524e-5,0.001124584412132635
7934,6.631856976735406e-5,0.0011241231513469917
7935,6.625974437124427e-5,0.0011236620804719287
7936,6.620096941389875e-5,0.0011232011994285682
7937,6.614224485357312e-5,0.0011227405081388128
7938,6.608357064941117e-5,0.0011222800065235489
7939,6.602494675966852e-5,0.0011218196945047658
7940,6.59663731381599e-5,0.0011213595720036655
7941,6.590784974580544e-5,0.0011208996389417934
7942,6.584937654086076e-5,0.0011204398952408094
7943,6.579095347802877e-5,0.0011199803408223075
7944,6.573258051734143e-5,0.001119520975608166
7945,6.567425761794254e-5,0.0011190617995192505
7946,6.561598473364683e-5,0.0011186028124781783
7947,6.55577618262626e-5,0.0011181440144064046
7948,6.549958885315732e-5,0.0011176854052251488
7949,6.544146577347476e-5,0.001117226984857049
7950,6.538339254280601e-5,0.0011167687532237514
7951,6.532536911674214e-5,0.0011163107102466381
7952,6.526739546153237e-5,0.0011158528558478237
7953,6.520947152743872e-5,0.0011153951899492039
7954,6.515159727804587e-5,0.0011149377124732088
7955,6.509377266628036e-5,0.0011144804233410473
7956,6.50359976548387e-5,0.0011140233224755866
7957,6.497827220286467e-5,0.0011135664097983028
7958,6.492059626594937e-5,0.0011131096852313657
7959,6.486296980057205e-5,0.0011126531486969418
7960,6.480539277120556e-5,0.0011121968001173883
7961,6.474786513077646e-5,0.0011117406394148266
7962,6.469038683931672e-5,0.0011112846665111455
7963,6.46329578568583e-5,0.001110828881328775
7964,6.457557814165682e-5,0.0011103732837903883
7965,6.451824764930336e-5,0.001109917873817541
7966,6.446096634338261e-5,0.0011094626513334371
7967,6.440373417948564e-5,0.0011090076162599688
7968,6.434655111675625e-5,0.0011085527685197258
7969,6.42894171152264e-5,0.0011080981080349162
7970,6.4232332129599e-5,0.0011076436347280914
7971,6.417529612523509e-5,0.0011071893485219315
7972,6.411830905239668e-5,0.0011067352493387209
7973,6.406137087910935e-5,0.0011062813371015695
7974,6.400448155474692e-5,0.0011058276117325364
7975,6.39476410499995e-5,0.0011053740731543638
7976,6.389084931335276e-5,0.0011049207212895824
7977,6.383410630927955e-5,0.001104467556061299
7978,6.377741199603548e-5,0.0011040145773922143
7979,6.3720766330988e-5,0.0011035617852050948
7980,6.366416927328089e-5,0.0011031091794223222
7981,6.360762078738702e-5,0.0011026567599670065
7982,6.35511208235684e-5,0.0011022045267620774
7983,6.349466934629788e-5,0.0011017524797304439
7984,6.343826631560745e-5,0.0011013006187950876
7985,6.338191168708818e-5,0.0011008489438784456
7986,6.332560542521293e-5,0.001100397454904263
7987,6.32693474846846e-5,0.0010999461517949942
7988,6.321313782997606e-5,0.0010994950344739053
7989,6.315697641312568e-5,0.0010990441028605538
7990,6.310086320127084e-5,0.0010985933568851691
7991,6.304479814822628e-5,0.001098142796467673
7992,6.298878121313578e-5,0.0010976924215305162
7993,6.293281236313675e-5,0.0010972422319976208
7994,6.287689154849119e-5,0.0010967922277918263
7995,6.282101873544832e-5,0.0010963424088363434
7996,6.27651938804874e-5,0.0010958927750551115
7997,6.27094169436404e-5,0.0010954433263706854
7998,6.265368788671566e-5,0.0010949940627068035
7999,6.259800666796878e-5,0.0010945449839870683
8000,6.254237324565537e-5,0.0010940960901345102
8001,6.248678757980741e-5,0.001093647381072961
8002,6.243124963045688e-5,0.0010931988567255864
8003,6.237575936207662e-5,0.0010927505170165927
8004,6.232031672848137e-5,0.0010923023618685662
8005,6.226492169592035e-5,0.0010918543912055712
8006,6.22095742173201e-5,0.001091406604951821
8007,6.215427425715347e-5,0.0010909590030301237
8008,6.209902177456428e-5,0.0010905115853643357
8009,6.204381673047266e-5,0.001090064351878462
8010,6.198865908135787e-5,0.0010896173024960466
8011,6.193354878991641e-5,0.0010891704371412993
8012,6.187848581706845e-5,0.0010887237557376632
8013,6.182347012373413e-5,0.0010882772582087204
8014,6.176850166994541e-5,0.0010878309444790242
8015,6.171358041129338e-5,0.0010873848144718617
8016,6.165870631491543e-5,0.0010869388681115852
8017,6.160387933551448e-5,0.0010864931053219326
8018,6.154909943756337e-5,0.001086047526027454
8019,6.149436657931773e-5,0.0010856021301516305
8020,6.143968072080952e-5,0.0010851569176183531
8021,6.138504182473525e-5,0.0010847118883522099
8022,6.133044984935054e-5,0.001084267042277362
8023,6.127590475557554e-5,0.0010838223793177282
8024,6.12214065078831e-5,0.0010833778993977368
8025,6.116695506097614e-5,0.0010829336024415666
8026,6.11125503793275e-5,0.001082489488372914
8027,6.105819242296917e-5,0.0010820455571169604
8028,6.100388115015676e-5,0.0010816018085975793
8029,6.094961652447495e-5,0.0010811582427392476
8030,6.089539850595571e-5,0.0010807148594660539
8031,6.08412270555192e-5,0.0010802716587031205
8032,6.078710213142102e-5,0.0010798286403740052
8033,6.073302370257494e-5,0.001079385804403945
8034,6.067899172013114e-5,0.0010789431507168823
8035,6.062500615122701e-5,0.0010785006792377663
8036,6.057106695234182e-5,0.0010780583898908937
8037,6.051717408794843e-5,0.0010776162826014735
8038,6.046332751807881e-5,0.0010771743572932438
8039,6.040952720542947e-5,0.0010767326138914554
8040,6.035577310736784e-5,0.0010762910523210018
8041,6.030206519014314e-5,0.0010758496725049235
8042,6.024840340845827e-5,0.0010754084743705636
8043,6.019478772856246e-5,0.0010749674578415178
8044,6.014121810959949e-5,0.0010745266228425893
8045,6.00876945133777e-5,0.0010740859692984286
8046,6.0034216901705406e-5,0.0010736454971344532
8047,5.998078523639094e-5,0.0010732052062754766
8048,5.99273994765781e-5,0.001072765096645882
8049,5.987405958407521e-5,0.001072325168171226
8050,5.9820765522466957e-5,0.0010718854207765575
8051,5.976751725533802e-5,0.0010714458543867426
8052,5.971431473561495e-5,0.0010710064689268828
8053,5.9661157931323316e-5,0.0010705672643217395
8054,5.960804680427145e-5,0.0010701282404970737
8055,5.955498131360315e-5,0.001069689397377352
8056,5.950196142023856e-5,0.0010692507348887027
8057,5.944898708865054e-5,0.0010688122529556691
8058,5.9396058280647424e-5,0.001068373951503887
8059,5.9343174955373e-5,0.0010679358304581457
8060,5.92903370746356e-5,0.0010674978897440499
8061,5.9237544604684444e-5,0.001067060129287395
8062,5.9184797502886966e-5,0.001066622549012946
8063,5.913209573105149e-5,0.0010661851488461375
8064,5.907943925276271e-5,0.0010657479287128728
8065,5.902682802894077e-5,0.0010653108885387771
8066,5.8974262023170354e-5,0.00106487402824847
8067,5.8921741195483435e-5,0.001064437347768253
8068,5.8869265509464697e-5,0.0010640008470237036
8069,5.881683492603429e-5,0.0010635645259400098
8070,5.876444940788872e-5,0.0010631283844429774
8071,5.8712108916836314e-5,0.0010626924224583986
8072,5.8659813413797224e-5,0.001062256639911767
8073,5.860756286502067e-5,0.0010618210367289646
8074,5.8555357226985905e-5,0.0010613856128358495
8075,5.850319646860669e-5,0.0010609503681580264
8076,5.845108054369774e-5,0.0010605153026213635
8077,5.8399009422061e-5,0.0010600804161514897
8078,5.834698306461661e-5,0.0010596457086750992
8079,5.8295001430508364e-5,0.001059211180117238
8080,5.824306448420913e-5,0.001058776830404038
8081,5.819117218663905e-5,0.001058342659461694
8082,5.813932450049464e-5,0.0010579086672164659
8083,5.808752139291329e-5,0.001057474853593799
8084,5.803576282037426e-5,0.001057041218520037
8085,5.7984048747350414e-5,0.0010566077619212806
8086,5.7932379139202794e-5,0.0010561744837236063
8087,5.7880753953298836e-5,0.0010557413838534063
8088,5.782917315677594e-5,0.001055308462236445
8089,5.777763670966607e-5,0.0010548757187993293
8090,5.772614457555392e-5,0.0010544431534683374
8091,5.767469671980052e-5,0.001054010766169483
8092,5.762329310154968e-5,0.0010535785568290372
8093,5.757193368349789e-5,0.0010531465253737285
8094,5.75206184310062e-5,0.001052714671729748
8095,5.746934730410658e-5,0.0010522829958231963
8096,5.741812026816007e-5,0.0010518514975809343
8097,5.7366937284974995e-5,0.0010514201769295725
8098,5.731579831724787e-5,0.0010509890337950037
8099,5.7264703331227906e-5,0.0010505580681043972
8100,5.721365228250619e-5,0.0010501272797836837
8101,5.716264513910829e-5,0.0010496966687600674
8102,5.711168186728344e-5,0.0010492662349598017
8103,5.706076242528724e-5,0.0010488359783094904
8104,5.700988677403984e-5,0.0010484058987361052
8105,5.6959054884231364e-5,0.0010479759961659271
8106,5.6908266715893774e-5,0.0010475462705264935
8107,5.685752222461815e-5,0.0010471167217437523
8108,5.6806821388200035e-5,0.001046687349744807
8109,5.675616415778961e-5,0.0010462581544563275
8110,5.670555050052428e-5,0.0010458291358057467
8111,5.6654980382653264e-5,0.0010454002937195367
8112,5.660445376243217e-5,0.0010449716281245164
8113,5.655397060877476e-5,0.0010445431389482056
8114,5.650353088260118e-5,0.0010441148261167467
8115,5.645313454660794e-5,0.0010436866895577532
8116,5.640278156171519e-5,0.0010432587291980162
8117,5.6352471897724854e-5,0.0010428309449648995
8118,5.6302205512892556e-5,0.0010424033367853816
8119,5.625198237613205e-5,0.0010419759045863439
8120,5.6201802445698945e-5,0.0010415486482952298
8121,5.615166568606611e-5,0.0010411215678393405
8122,5.610157206437094e-5,0.0010406946631455784
8123,5.605152154153359e-5,0.0010402679341414214
8124,5.6001514082026915e-5,0.0010398413807541952
8125,5.595154964854743e-5,0.0010394150029111454
8126,5.590162820823252e-5,0.0010389888005394345
8127,5.5851749720225996e-5,0.0010385627735671546
8128,5.58019141534416e-5,0.0010381369219209027
8129,5.575212146791131e-5,0.00103771124552832
8130,5.5702371626331626e-5,0.0010372857443172318
8131,5.5652664599392665e-5,0.001036860418214481
8132,5.5603000342685505e-5,0.0010364352671484653
8133,5.555337882601208e-5,0.0010360102910462257
8134,5.550380001384525e-5,0.0010355854898349663
8135,5.545426386621699e-5,0.0010351608634431228
8136,5.540477034937652e-5,0.0010347364117982288
8137,5.535531942690852e-5,0.0010343121348273879
8138,5.5305911061509505e-5,0.0010338880324590842
8139,5.52565452229814e-5,0.0010334641046201055
8140,5.520722186691529e-5,0.0010330403512393144
8141,5.5157940968442176e-5,0.0010326167722434082
8142,5.5108702484041316e-5,0.0010321933675614056
8143,5.505950637552104e-5,0.0010317701371201186
8144,5.501035261623599e-5,0.0010313470808481148
8145,5.496124116266543e-5,0.0010309241986729625
8146,5.491217198461129e-5,0.0010305014905224452
8147,5.4863145041217365e-5,0.0010300789563251478
8148,5.481416030495012e-5,0.0010296565960090653
8149,5.476521773051246e-5,0.0010292344095014054
8150,5.4716317288594496e-5,0.0010288123967312525
8151,5.466745894366909e-5,0.0010283905576259633
8152,5.4618642659320926e-5,0.0010279688921143032
8153,5.456986839824651e-5,0.0010275474001238717
8154,5.452113612758325e-5,0.001027126081582886
8155,5.447244580913946e-5,0.001026704936420226
8156,5.44237974118289e-5,0.0010262839645633313
8157,5.437519089923626e-5,0.0010258631659410024
8158,5.432662623228168e-5,0.0010254425404814527
8159,5.427810337987893e-5,0.0010250220881126947
8160,5.42296223047245e-5,0.001024601808763799
8161,5.418118297306762e-5,0.0010241817023624138
8162,5.413278535026933e-5,0.0010237617688373842
8163,5.408442939991431e-5,0.001023342008117309
8164,5.40361150838109e-5,0.00102292242013019
8165,5.3987842373537376e-5,0.0010225030048048901
8166,5.393961123179025e-5,0.0010220837620698413
8167,5.38914216186015e-5,0.001021664691854201
8168,5.3843273504661227e-5,0.0010212457940854784
8169,5.379516685621866e-5,0.0010208270686932822
8170,5.374710163241758e-5,0.0010204085156057703
8171,5.369907780128358e-5,0.0010199901347516215
8172,5.365109532906587e-5,0.0010195719260598021
8173,5.360315417934913e-5,0.0010191538894590464
8174,5.355525431927077e-5,0.001018736024878248
8175,5.350739571330365e-5,0.0010183183322459086
8176,5.345957832680881e-5,0.0010179008114912166
8177,5.341180212337093e-5,0.0010174834625427918
8178,5.336406706923924e-5,0.001017066285329337
8179,5.331637313332749e-5,0.0010166492797804884
8180,5.326872027300311e-5,0.0010162324458245775
8181,5.3221108463397115e-5,0.0010158157833910567
8182,5.3173537661876935e-5,0.0010153992924082991
8183,5.312600783913268e-5,0.0010149829728061145
8184,5.307851895519633e-5,0.0010145668245133271
8185,5.303107098164617e-5,0.001014150847458907
8186,5.298366388206688e-5,0.0010137350415723619
8187,5.2936297621819506e-5,0.0010133194067823113
8188,5.288897216626509e-5,0.0010129039430183222
8189,5.28416874798765e-5,0.0010124886502092048
8190,5.2794443529791124e-5,0.0010120735282849042
8191,5.2747240279593655e-5,0.0010116585771743035
8192,5.270007770086238e-5,0.0010112437968069453
8193,5.2652955751852915e-5,0.0010108291871118828
8194,5.260587440325537e-5,0.0010104147480182353
8195,5.255883362043079e-5,0.0010100004794564056
8196,5.2511833367852034e-5,0.0010095863813550862
8197,5.2464873611768326e-5,0.0010091724536437537
8198,5.241795431842888e-5,0.0010087586962523182
8199,5.237107545408293e-5,0.0010083451090102148
8200,5.232423698231514e-5,0.0010079316920466146
8201,5.2277438872039284e-5,0.0010075184451910114
8202,5.223068108861639e-5,0.0010071053683734787
8203,5.218396359829569e-5,0.001006692461523781
8204,5.213728636555004e-5,0.0010062797245712213
8205,5.209064935662866e-5,0.0010058671574454843
8206,5.204405254044531e-5,0.0010054547600764699
8207,5.1997495881472844e-5,0.0010050425323940952
8208,5.195097934507231e-5,0.0010046304743277362
8209,5.190450289838111e-5,0.0010042185858074523
8210,5.185806650676028e-5,0.0010038068667632093
8211,5.181167013734722e-5,0.0010033953171244801
8212,5.176531375816751e-5,0.0010029839368216192
8213,5.171899733191765e-5,0.001002572725676016
8214,5.167272082573504e-5,0.0010021616838351843
8215,5.162648420853344e-5,0.0010017508111189871
8216,5.158028744478571e-5,0.00100134010745875
8217,5.153413050074107e-5,0.0010009295727839394
8218,5.14880133444251e-5,0.001000519207024729
8219,5.144193593942248e-5,0.001000109010111789
8220,5.139589825819968e-5,0.0009996989819747483
8221,5.1349900259012315e-5,0.0009992891225437638
8222,5.1303941915215034e-5,0.0009988794317491723
8223,5.125802319039252e-5,0.0009984699095210055
8224,5.121214405257035e-5,0.000998060555789871
8225,5.116630446799775e-5,0.0009976513704861717
8226,5.112050440025939e-5,0.0009972423535392835
8227,5.107474382093358e-5,0.0009968335048805912
8228,5.1029022694493165e-5,0.0009964248244402583
8229,5.0983340988075554e-5,0.0009960163121489202
8230,5.0937698667041786e-5,0.000995607967935866
8231,5.089209570030562e-5,0.0009951997917325463
8232,5.0846532055892624e-5,0.000994791783468757
8233,5.080100769649931e-5,0.0009943839430759105
8234,5.0755522592815794e-5,0.000993976270483754
8235,5.0710076707538576e-5,0.0009935687656232699
8236,5.0664670014022306e-5,0.0009931614284251107
8237,5.061930247496349e-5,0.0009927542588198009
8238,5.0573974058387705e-5,0.0009923472567379757
8239,5.0528684727879636e-5,0.0009919404221100797
8240,5.048343445679393e-5,0.000991533754867071
8241,5.043822320516256e-5,0.0009911272549401502
8242,5.0393050948116525e-5,0.0009907209222592486
8243,5.0347917649240514e-5,0.000990314756756025
8244,5.030282327300739e-5,0.0009899087583608128
8245,5.0257767790107266e-5,0.0009895029270044486
8246,5.021275116590118e-5,0.0009890972626178732
8247,5.0167773368414714e-5,0.0009886917651319854
8248,5.01228343674498e-5,0.000988286434478073
8249,5.007793412481476e-5,0.000987881270586563
8250,5.003307261208789e-5,0.000987476273389229
8251,4.998824979374206e-5,0.0009870714428162897
8252,4.994346564224372e-5,0.0009866667787989877
8253,4.989872011851304e-5,0.0009862622812688883
8254,4.98540131941283e-5,0.000985857950156821
8255,4.98093448362269e-5,0.00098545378539373
8256,4.976471501194624e-5,0.0009850497869109825
8257,4.972012369020007e-5,0.0009846459546398803
8258,4.967557083457308e-5,0.0009842422885117871
8259,4.963105641753174e-5,0.000983838788457779
8260,4.958658040177255e-5,0.0009834354544088174
8261,4.954214275976199e-5,0.0009830322862964327
8262,4.949774345419655e-5,0.0009826292840525476
8263,4.9453382457542716e-5,0.000982226447607728
8264,4.94090597360497e-5,0.0009818237768938406
8265,4.936477525419036e-5,0.0009814212718420902
8266,4.932052898709571e-5,0.000981018932384222
8267,4.92763208956859e-5,0.0009806167584517043
8268,4.9232150948874676e-5,0.0009802147499760015
8269,4.91880191155758e-5,0.0009798129068883839
8270,4.914392536470302e-5,0.0009794112291203992
8271,4.909986966250557e-5,0.0009790097166041158
8272,4.905585197967355e-5,0.000978608369271463
8273,4.9011872281568e-5,0.0009782071870531595
8274,4.896793053621451e-5,0.0009778061698810965
8275,4.892402671519136e-5,0.00097740531768779
8276,4.888016078208324e-5,0.000977004630403757
8277,4.8836332706692076e-5,0.0009766041079582212
8278,4.879254245704345e-5,0.0009762037502874764
8279,4.874878999849841e-5,0.0009758035573247843
8280,4.870507530796431e-5,0.0009754035289991289
8281,4.866139834369676e-5,0.0009750036652426686
8282,4.8617759079050415e-5,0.0009746039659868158
8283,4.8574157479386315e-5,0.0009742044311646589
8284,4.8530593518059106e-5,0.0009738050607070031
8285,4.8487067158653474e-5,0.0009734058545466315
8286,4.8443578369194995e-5,0.0009730068126151785
8287,4.8400127123926495e-5,0.00097260793484499
8288,4.8356713383768124e-5,0.0009722092211678253
8289,4.831333712207453e-5,0.0009718106715161066
8290,4.826999830331857e-5,0.0009714122858215171
8291,4.8226696899966726e-5,0.0009710140640168501
8292,4.818343288004456e-5,0.0009706160060339621
8293,4.8140206209801306e-5,0.0009702181118049595
8294,4.809701685903889e-5,0.0009698203812627884
8295,4.805386479400653e-5,0.0009694228143387711
8296,4.8010749988058876e-5,0.0009690254109656245
8297,4.796767240744515e-5,0.0009686281710763432
8298,4.792463201663821e-5,0.0009682310946019998
8299,4.788162879076907e-5,0.0009678341814759774
8300,4.783866269697512e-5,0.0009674374316305905
8301,4.7795733700617404e-5,0.0009670408449981537
8302,4.775284177505057e-5,0.0009666444215112209
8303,4.770998688474748e-5,0.000966248161101909
8304,4.76671690021746e-5,0.0009658520637030286
8305,4.762438809446934e-5,0.0009654561292477028
8306,4.758164413054544e-5,0.0009650603576678053
8307,4.7538937080204846e-5,0.0009646647488960602
8308,4.7496266907032236e-5,0.0009642693028651325
8309,4.7453633587934974e-5,0.0009638740195080271
8310,4.74110370882741e-5,0.0009634788987573917
8311,4.736847737607519e-5,0.0009630839405456101
8312,4.732595442291654e-5,0.0009626891448055938
8313,4.728346819238283e-5,0.0009622945114705385
8314,4.7241018662269596e-5,0.0009619000404726859
8315,4.7198605793496995e-5,0.0009615057317450548
8316,4.715622955853149e-5,0.0009611115852207856
8317,4.71138899280632e-5,0.00096071760083246
8318,4.70715868701177e-5,0.0009603237785133015
8319,4.702932035183238e-5,0.0009599301181962942
8320,4.6987090343897364e-5,0.0009595366198137771
8321,4.694489681433822e-5,0.0009591432832995982
8322,4.690273973739778e-5,0.0009587501085862593
8323,4.6860619076660726e-5,0.0009583570956073657
8324,4.681853480281717e-5,0.0009579642442954193
8325,4.6776486884780866e-5,0.0009575715545836264
8326,4.6734475295906464e-5,0.0009571790264059285
8327,4.6692500000666826e-5,0.0009567866596944669
8328,4.665056097152842e-5,0.0009563944543829923
8329,4.6608658177405005e-5,0.0009560024104042046
8330,4.6566791586322154e-5,0.0009556105276924201
8331,4.652496116896998e-5,0.0009552188061801511
8332,4.648316689337406e-5,0.0009548272458008884
8333,4.644140873111269e-5,0.0009544358464880602
8334,4.639968665198779e-5,0.0009540446081749837
8335,4.635800062136042e-5,0.0009536535307950178
8336,4.6316350615249746e-5,0.0009532626142817156
8337,4.627473659901682e-5,0.0009528718585685644
8338,4.623315854335175e-5,0.0009524812635890445
8339,4.6191616419832826e-5,0.0009520908292763169
8340,4.6150110192932914e-5,0.0009517005555641882
8341,4.6108639838671195e-5,0.0009513104423864473
8342,4.606720532329689e-5,0.0009509204896763455
8343,4.602580661572375e-5,0.0009505306973676894
8344,4.598444368930643e-5,0.000950141065394261
8345,4.5943116511182325e-5,0.0009497515936894331
8346,4.5901825051153367e-5,0.0009493622821870502
8347,4.5860569281686026e-5,0.0009489731308210785
8348,4.581934916902952e-5,0.000948584139524946
8349,4.577816468742668e-5,0.0009481953082323656
8350,4.5737015803126724e-5,0.0009478066368777023
8351,4.569590248593158e-5,0.000947418125394648
8352,4.5654824710972264e-5,0.0009470297737167281
8353,4.561378244094527e-5,0.0009466415817778531
8354,4.557277565098161e-5,0.0009462535495120515
8355,4.553180431088322e-5,0.0009458656768539138
8356,4.549086838956384e-5,0.0009454779637363651
8357,4.54499678577136e-5,0.000945090410094121
8358,4.540910268335807e-5,0.0009447030158609843
8359,4.536827283896372e-5,0.0009443157809711014
8360,4.5327478296108836e-5,0.0009439287053585842
8361,4.528671902370718e-5,0.0009435417889577906
8362,4.52459949906725e-5,0.0009431550317022183
8363,4.520530616947127e-5,0.0009427684335265099
8364,4.516465252635271e-5,0.0009423819943647632
8365,4.512403403467147e-5,0.0009419957141513086
8366,4.508345066778219e-5,0.0009416095928202646
8367,4.5042902391045914e-5,0.0009412236303060241
8368,4.5002389176929114e-5,0.0009408378265431498
8369,4.496191099523372e-5,0.0009404521814651984
8370,4.492146781664985e-5,0.000940066695007357
8371,4.488105961275579e-5,0.0009396813671039457
8372,4.4840686354241654e-5,0.000939296197688691
8373,4.480034800913302e-5,0.000938911186696624
8374,4.476004454989635e-5,0.0009385263340625748
8375,4.4719775945445406e-5,0.00093814163971985
8376,4.467954217091119e-5,0.0009377571036044315
8377,4.463934319076657e-5,0.0009373727256498897
8378,4.459917898014254e-5,0.0009369885057911552
8379,4.455904950884104e-5,0.0009366044439625618
8380,4.451895474488765e-5,0.0009362205400990573
8381,4.447889466430155e-5,0.0009358367941351628
8382,4.44388692315556e-5,0.0009354532060059789
8383,4.439887842000445e-5,0.0009350697756458255
8384,4.435892220389093e-5,0.0009346865029894666
8385,4.431900055035243e-5,0.0009343033879717216
8386,4.4279113430079065e-5,0.0009339204305273234
8387,4.4239260816425485e-5,0.000933537630591421
8388,4.4199442678305445e-5,0.0009331549880984245
8389,4.4159658987297234e-5,0.0009327725029836774
8390,4.4119909714090966e-5,0.0009323901751817215
8391,4.4080194826712216e-5,0.0009320080046276158
8392,4.404051430473288e-5,0.0009316259912563948
8393,4.4000868111737645e-5,0.0009312441350032459
8394,4.39612562193048e-5,0.0009308624358027248
8395,4.3921678600788994e-5,0.0009304808935902478
8396,4.3882135227768515e-5,0.0009300995083007246
8397,4.384262607093348e-5,0.0009297182798692939
8398,4.38031510965331e-5,0.0009293372082311499
8399,4.376371028413928e-5,0.0009289562933213445
8400,4.37243035973367e-5,0.0009285755350751483
8401,4.3684931013032724e-5,0.00092819493342787
8402,4.364559249925293e-5,0.0009278144883145441
8403,4.36062880275756e-5,0.0009274341996703718
8404,4.3567017569579036e-5,0.0009270540674307728
8405,4.352778109684152e-5,0.0009266740915314063
8406,4.348857858271771e-5,0.0009262942719069564
8407,4.344940999345681e-5,0.0009259146084934083
8408,4.3410275305966195e-5,0.0009255351012258314
8409,4.3371174488271436e-5,0.0009251557500397946
8410,4.333210751372718e-5,0.0009247765548703116
8411,4.329307435391172e-5,0.0009243975156537805
8412,4.325407497685063e-5,0.0009240186323249723
8413,4.32151093585631e-5,0.0009236399048194038
8414,4.317617746529834e-5,0.0009232613330730707
8415,4.3137279273963713e-5,0.0009228829170213337
8416,4.309841475347298e-5,0.0009225046565994703
8417,4.3059583877180785e-5,0.0009221265517437224
8418,4.302078661400088e-5,0.000921748602389378
8419,4.298202293906428e-5,0.000921370808472436
8420,4.294329282039655e-5,0.0009209931699283337
8421,4.29045962331287e-5,0.0009206156866930042
8422,4.2865933146174484e-5,0.0009202383587020406
8423,4.282730353200037e-5,0.0009198611858915809
8424,4.278870736218465e-5,0.0009194841681968366
8425,4.275014460741744e-5,0.0009191073055544938
8426,4.271161524549427e-5,0.0009187305978994829
8427,4.267311924177619e-5,0.0009183540451688614
8428,4.2634656569617846e-5,0.0009179776472974417
8429,4.259622720415024e-5,0.0009176014042215179
8430,4.255783111339895e-5,0.0009172253158776615
8431,4.251946826894226e-5,0.0009168493822016219
8432,4.248113864591119e-5,0.0009164736031289367
8433,4.2442842214995835e-5,0.0009160979785961011
8434,4.240457894688632e-5,0.0009157225085391942
8435,4.2366348818489996e-5,0.0009153471928943467
8436,4.2328151793391555e-5,0.0009149720315954207
8437,4.2289987849386534e-5,0.0009145970245832032
8438,4.22518569589414e-5,0.000914222171791202
8439,4.2213759090969916e-5,0.0009138474731559855
8440,4.2175694221491256e-5,0.0009134729286138961
8441,4.213766231941918e-5,0.0009130985381009676
8442,4.209966335899651e-5,0.0009127243015538029
8443,4.206169731002518e-5,0.000912350218908186
8444,4.202376414852438e-5,0.0009119762901011672
8445,4.1985863844296034e-5,0.0009116025150688462
8446,4.1947996370694796e-5,0.000911228893747635
8447,4.191016169485806e-5,0.0009108554260739317
8448,4.1872359798134084e-5,0.0009104821119813207
8449,4.183459064588391e-5,0.0009101089514120912
8450,4.179685421323853e-5,0.0009097359443000531
8451,4.175915047266443e-5,0.0009093630905815248
8452,4.172147939573989e-5,0.000908990390189976
8453,4.1683840954931384e-5,0.000908617843068716
8454,4.164623512536991e-5,0.0009082454491503196
8455,4.1608661874192876e-5,0.0009078732083721806
8456,4.1571121178307635e-5,0.0009075011206705029
8457,4.15336130084043e-5,0.0009071291859821945
8458,4.1496137337837524e-5,0.0009067574042443301
8459,4.145869413907377e-5,0.0009063857753933008
8460,4.142128338457951e-5,0.0009060142993660945
8461,4.138390504682121e-5,0.0009056429760989915
8462,4.13465591000417e-5,0.0009052718055296144
8463,4.130924551493109e-5,0.0009049007875941255
8464,4.127196426306767e-5,0.0009045299222266087
8465,4.1234715321358806e-5,0.0009041592093703421
8466,4.119749865694189e-5,0.0009037886489590835
8467,4.116031424850064e-5,0.0009034182409296508
8468,4.1123162064060637e-5,0.0009030479852192401
8469,4.108604207964106e-5,0.0009026778817649607
8470,4.1048954265043847e-5,0.0009023079305032593
8471,4.1011898596288177e-5,0.0009019381313717482
8472,4.097487504584052e-5,0.0009015684843075196
8473,4.093788358261463e-5,0.0009011989892476792
8474,4.0900924187070586e-5,0.0009008296461293537
8475,4.0863996824569426e-5,0.0009004604548891251
8476,4.082710147201851e-5,0.000900091415465043
8477,4.0790238100996135e-5,0.0008997225277940467
8478,4.075340668485694e-5,0.0008993537918133322
8479,4.071660719695558e-5,0.0008989852074601859
8480,4.0679839611534874e-5,0.0008986167746717656
8481,4.0643103901061295e-5,0.0008982484933855832
8482,4.0606400035336776e-5,0.00089788036353914
8483,4.056972799126868e-5,0.0008975123850683518
8484,4.0533087738658935e-5,0.0008971445579133777
8485,4.049647925796762e-5,0.0008967768820100953
8486,4.045990251455578e-5,0.0008964093572960095
8487,4.042335748444259e-5,0.0008960419837088437
8488,4.03868441409827e-5,0.0008956747611849961
8489,4.035036245486623e-5,0.0008953076896639489
8490,4.031391240655324e-5,0.0008949407690823467
8491,4.027749396140479e-5,0.0008945739993779407
8492,4.024110709544004e-5,0.0008942073804879686
8493,4.0204751784678194e-5,0.0008938409123502265
8494,4.0168427998032996e-5,0.0008934745949028058
8495,4.013213571596452e-5,0.0008931084280828124
8496,4.009587490205746e-5,0.0008927424118283442
8497,4.005964553677188e-5,0.0008923765460771491
8498,4.002344759168608e-5,0.0008920108307664404
8499,3.998728104104288e-5,0.0008916452658347396
8500,3.995114585553239e-5,0.0008912798512194474
8501,3.9915042011173796e-5,0.0008909145868555499
8502,3.9878969483098103e-5,0.0008905494726870293
8503,3.984292823844271e-5,0.0008901845086487885
8504,3.9806918260332225e-5,0.0008898196946786688
8505,3.977093951501587e-5,0.0008894550307143
8506,3.9734991978512824e-5,0.000889090516693912
8507,3.969907562417774e-5,0.0008887261525563316
8508,3.966319042536526e-5,0.0008883619382381858
8509,3.962733635631821e-5,0.0008879978736786205
8510,3.95915133921676e-5,0.0008876339588150504
8511,3.955572150182718e-5,0.0008872701935859102
8512,3.951996066486885e-5,0.0008869065779292563
8513,3.9484230851982716e-5,0.0008865431117832633
8514,3.944853203918797e-5,0.0008861797950863726
8515,3.941286419895107e-5,0.000885816627776391
8516,3.9377227302850315e-5,0.0008854536097917705
8517,3.934162132868124e-5,0.0008850907410710672
8518,3.930604624802214e-5,0.0008847280215513835
8519,3.927050203422766e-5,0.0008843654511727986
8520,3.923498866331698e-5,0.0008840030298720714
8521,3.91995061068684e-5,0.0008836407575886045
8522,3.916405434178927e-5,0.000883278634260621
8523,3.9128633342322416e-5,0.0008829166598260559
8524,3.909324307826978e-5,0.0008825548342235867
8525,3.9057883527426895e-5,0.0008821931573921617
8526,3.9022554661372055e-5,0.0008818316292696256
8527,3.898725645701262e-5,0.0008814702497950931
8528,3.895198888681506e-5,0.0008811090189062114
8529,3.891675192324584e-5,0.0008807479365427022
8530,3.8881545543212326e-5,0.0008803870026422682
8531,3.884636972006916e-5,0.0008800262171426501
8532,3.8811224428947355e-5,0.0008796655799852109
8533,3.8776109640537015e-5,0.0008793050911068863
8534,3.874102533441004e-5,0.0008789447504467182
8535,3.870597148036836e-5,0.0008785845579431899
8536,3.867094805531934e-5,0.0008782245135353639
8537,3.863595503261763e-5,0.0008778646171616784
8538,3.8600992383841515e-5,0.0008775048687613488
8539,3.856606009122743e-5,0.0008771452682727679
8540,3.8531158118360054e-5,0.000876785815635165
8541,3.8496286447475825e-5,0.0008764265107868915
8542,3.8461445053705745e-5,0.0008760673536677942
8543,3.842663390507539e-5,0.0008757083442157976
8544,3.83918529793803e-5,0.0008753494823707519
8545,3.835710225441602e-5,0.0008749907680698846
8546,3.832238169820812e-5,0.0008746322012545167
8547,3.828769128944032e-5,0.000874273781862854
8548,3.82530310041318e-5,0.0008739155098334839
8549,3.8218400812972675e-5,0.0008735573851058123
8550,3.818380069109395e-5,0.0008731994076186834
8551,3.814923061629116e-5,0.000872841577312107
8552,3.811469055925443e-5,0.0008724838941238829
8553,3.808018049777928e-5,0.0008721263579943225
8554,3.8045700403444016e-5,0.0008717689688624054
8555,3.8011250256708706e-5,0.0008714117266667258
8556,3.797683002471075e-5,0.0008710546313473837
8557,3.794243968435751e-5,0.0008706976828429004
8558,3.790807921699724e-5,0.0008703408810936258
8559,3.787374858887915e-5,0.0008699842260377968
8560,3.7839447778686974e-5,0.0008696277176152151
8561,3.780517676066353e-5,0.0008692713557652346
8562,3.777093550816346e-5,0.0008689151404272163
8563,3.7736724003423205e-5,0.0008685590715409273
8564,3.7702542210027445e-5,0.0008682031490458014
8565,3.7668390109324434e-5,0.000867847372880981
8566,3.7634267675557e-5,0.0008674917429859694
8567,3.760017488474432e-5,0.0008671362593003912
8568,3.756611170935287e-5,0.0008667809217641591
8569,3.7532078125401824e-5,0.000866425730316412
8570,3.749807411157491e-5,0.0008660706848969552
8571,3.746409963500952e-5,0.0008657157854457496
8572,3.743015467527755e-5,0.0008653610319020594
8573,3.7396239208398185e-5,0.0008650064242050996
8574,3.736235320950243e-5,0.0008646519622955845
8575,3.732849664839222e-5,0.0008642976461126321
8576,3.7294669509968514e-5,0.0008639434755961829
8577,3.7260871758704184e-5,0.0008635894506858581
8578,3.722710337950019e-5,0.0008632355713221289
8579,3.719336433949394e-5,0.0008628818374439157
8580,3.715965462003368e-5,0.0008625282489918111
8581,3.7125974193585876e-5,0.0008621748059050444
8582,3.7092323032617e-5,0.0008618215081239271
8583,3.705870111847531e-5,0.0008614683555885211
8584,3.7025108422739095e-5,0.0008611153482390548
8585,3.6991544918763e-5,0.000860762486014556
8586,3.6958010587895274e-5,0.0008604097688554718
8587,3.692450539727332e-5,0.0008600571967022248
8588,3.689102933179811e-5,0.0008597047694947832
8589,3.685758236038339e-5,0.0008593524871729104
8590,3.6824164460824704e-5,0.0008590003496766231
8591,3.679077560736488e-5,0.0008586483569463337
8592,3.6757415776023095e-5,0.0008582965089224438
8593,3.6724084940154e-5,0.0008579448055446894
8594,3.669078308021767e-5,0.0008575932467538468
8595,3.6657510168680574e-5,0.000857241832489336
8596,3.6624266180673715e-5,0.0008568905626923605
8597,3.65910510913281e-5,0.0008565394373023158
8598,3.655786487843926e-5,0.0008561884562597807
8599,3.652470751625003e-5,0.0008558376195060037
8600,3.649157898166777e-5,0.0008554869269784653
8601,3.6458479248935305e-5,0.0008551363786215814
8602,3.6425408294071815e-5,0.0008547859743735196
8603,3.6392366093096484e-5,0.0008544357141753584
8604,3.635935261847578e-5,0.0008540855979668159
8605,3.632636785244614e-5,0.0008537356256890123
8606,3.629341176569767e-5,0.0008533857972824813
8607,3.6260484334249554e-5,0.0008530361126876385
8608,3.622758553856187e-5,0.00085268657184491
8609,3.619471534754837e-5,0.000852337174694625
8610,3.616187374522184e-5,0.0008519879211777784
8611,3.612906069960786e-5,0.0008516388112351121
8612,3.609627618939015e-5,0.0008512898448071599
8613,3.606352019147607e-5,0.0008509410218346496
8614,3.603079267922027e-5,0.0008505923422579241
8615,3.599809363308282e-5,0.0008502438060178814
8616,3.5965423026418364e-5,0.0008498954130557977
8617,3.593278083258156e-5,0.0008495471633117105
8618,3.590016703114429e-5,0.00084919905672717
8619,3.586758159901393e-5,0.0008488510932423525
8620,3.583502450954512e-5,0.0008485032727984822
8621,3.5802495738757045e-5,0.0008481555953361516
8622,3.5769995263557064e-5,0.0008478080607964046
8623,3.573752306085254e-5,0.0008474606691207046
8624,3.5705079103998116e-5,0.000847113420249089
8625,3.5672663372565694e-5,0.000846766314123424
8626,3.5640275841686275e-5,0.0008464193506838164
8627,3.5607916485602686e-5,0.0008460725298720974
8628,3.5575585283886824e-5,0.000845725851628832
8629,3.5543282209005156e-5,0.00084537931589539
8630,3.55110072396414e-5,0.0008450329226126936
8631,3.5478760350038385e-5,0.0008446866717217866
8632,3.5446541519768004e-5,0.0008443405631641705
8633,3.5414350722184906e-5,0.0008439945968804485
8634,3.538218793508463e-5,0.0008436487728125837
8635,3.5350053136262716e-5,0.0008433030909011305
8636,3.5317946296409275e-5,0.0008429575510874136
8637,3.528586739776074e-5,0.0008426121533135246
8638,3.525381641367176e-5,0.0008422668975195668
8639,3.522179332371422e-5,0.0008419217836477914
8640,3.518979809946643e-5,0.000841576811639072
8641,3.515783072050027e-5,0.0008412319814351914
8642,3.512589116372311e-5,0.000840887292976801
8643,3.5093979402489595e-5,0.0008405427462061486
8644,3.50620954172598e-5,0.0008401983410643021
8645,3.50302391840529e-5,0.000839854077492326
8646,3.499841067533538e-5,0.0008395099554324575
8647,3.496660987245548e-5,0.0008391659748261115
8648,3.493483674699149e-5,0.0008388221356145607
8649,3.490309128206803e-5,0.0008384784377389806
8650,3.487137344926339e-5,0.0008381348811417333
8651,3.4839683228149454e-5,0.0008377914657639665
8652,3.48080205911927e-5,0.0008374481915477162
8653,3.477638552151774e-5,0.0008371050584342829
8654,3.474477798981468e-5,0.0008367620663655533
8655,3.47131979765436e-5,0.000836419215283081
8656,3.468164545505914e-5,0.000836076505128628
8657,3.465012040670956e-5,0.0008357339358444488
8658,3.461862280307315e-5,0.0008353915073712331
8659,3.458715262549816e-5,0.0008350492196520058
8660,3.4555709847339244e-5,0.0008347070726278001
8661,3.452429444816829e-5,0.0008343650662407005
8662,3.449290640311631e-5,0.0008340232004329304
8663,3.446154569086701e-5,0.0008336814751459913
8664,3.443021228743959e-5,0.0008333398903219193
8665,3.439890616796504e-5,0.0008329984459022159
8666,3.436762731290344e-5,0.0008326571418299372
8667,3.433637569383308e-5,0.0008323159780462518
8668,3.430515129299039e-5,0.0008319749544933065
8669,3.4273954085506375e-5,0.0008316340711133352
8670,3.424278404917658e-5,0.0008312933278483668
8671,3.4211641159132e-5,0.0008309527246404408
8672,3.418052539316818e-5,0.0008306122614317804
8673,3.414943672908066e-5,0.0008302719381642586
8674,3.411837514111227e-5,0.0008299317547804767
8675,3.4087340612387607e-5,0.0008295917112222592
8676,3.405633311448497e-5,0.0008292518074319681
8677,3.4025352628752614e-5,0.0008289120433519655
8678,3.399439912854518e-5,0.0008285724189244052
8679,3.396347259165822e-5,0.0008282329340913962
8680,3.3932572996775434e-5,0.0008278935887958382
8681,3.390170032258055e-5,0.000827554382979323
8682,3.387085454154004e-5,0.0008272153165848513
8683,3.3840035633225796e-5,0.000826876389554445
8684,3.380924357898607e-5,0.0008265376018305251
8685,3.37784783486228e-5,0.0008261989533556308
8686,3.3747739927036946e-5,0.0008258604440721309
8687,3.3717028284918626e-5,0.0008255220739227034
8688,3.368634340450427e-5,0.0008251838428496722
8689,3.3655685260036705e-5,0.0008248457507959682
8690,3.3625053831976004e-5,0.0008245077977038044
8691,3.3594449093676815e-5,0.0008241699835154284
8692,3.356387102648739e-5,0.0008238323081739413
8693,3.3533319606426915e-5,0.0008234947716220138
8694,3.350279480862639e-5,0.000823157373801793
8695,3.347229661532225e-5,0.0008228201146564598
8696,3.344182499898096e-5,0.000822482994128744
8697,3.34113799400626e-5,0.0008221460121608688
8698,3.338096141547453e-5,0.0008218091686957342
8699,3.335056940301229e-5,0.0008214724636763718
8700,3.332020388047141e-5,0.0008211358970456398
8701,3.328986482564744e-5,0.0008207994687462264
8702,3.325955221455956e-5,0.0008204631787206637
8703,3.322926602766785e-5,0.0008201270269124102
8704,3.319900623655059e-5,0.0008197910132637515
8705,3.316877282788511e-5,0.0008194551377182641
8706,3.313856577502605e-5,0.0008191194002177757
8707,3.310838505043989e-5,0.0008187838007066434
8708,3.307823063991577e-5,0.0008184483391267504
8709,3.304810251947288e-5,0.0008181130154218709
8710,3.3018000660689495e-5,0.0008177778295346827
8711,3.298792505113113e-5,0.0008174427814081134
8712,3.295787566059971e-5,0.0008171078709853057
8713,3.29278524704435e-5,0.0008167730982099261
8714,3.2897855458458025e-5,0.0008164384630241703
8715,3.286788460332701e-5,0.0008161039653718956
8716,3.283793987929329e-5,0.0008157696051958388
8717,3.28080212677051e-5,0.0008154353824394479
8718,3.2778128745469814e-5,0.0008151012970459143
8719,3.274826228860661e-5,0.0008147673489586407
8720,3.2718421878463744e-5,0.0008144335381204716
8721,3.2688607491060395e-5,0.0008140998644752123
8722,3.265881910596846e-5,0.000813766327966127
8723,3.262905669831895e-5,0.000813432928536053
8724,3.259932024857193e-5,0.0008130996661284765
8725,3.256960973452294e-5,0.0008127665406869981
8726,3.253992513219117e-5,0.0008124335521551701
8727,3.2510266421148515e-5,0.0008121007004762287
8728,3.2480633581855045e-5,0.0008117679855937886
8729,3.245102658677723e-5,0.0008114354074511033
8730,3.2421445419927863e-5,0.0008111029659918223
8731,3.239189005732612e-5,0.0008107706611592061
8732,3.236236047499119e-5,0.0008104384928972787
8733,3.2332856653383146e-5,0.0008101064611492105
8734,3.2303378571185704e-5,0.000809774565858578
8735,3.227392620352987e-5,0.000809442806969575
8736,3.2244499530875714e-5,0.0008091111844255768
8737,3.221509853368332e-5,0.0008087796981696774
8738,3.21857231861955e-5,0.0008084483481461124
8739,3.215637346798417e-5,0.0008081171342988434
8740,3.2127049359509385e-5,0.0008077860565710963
8741,3.209775083590216e-5,0.0008074551149070512
8742,3.206847787673439e-5,0.0008071243092497467
8743,3.203923046424251e-5,0.0008067936395437618
8744,3.201000856911662e-5,0.0008064631057330025
8745,3.1980812174481343e-5,0.0008061327077605387
8746,3.1951641261684927e-5,0.0008058024455709287
8747,3.192249580230566e-5,0.0008054723191078632
8748,3.189337577857998e-5,0.0008051423283152899
8749,3.186428117007978e-5,0.0008048124731370385
8750,3.18352119501597e-5,0.0008044827535174416
8751,3.180616810638526e-5,0.0008041531694000549
8752,3.1777149608558375e-5,0.0008038237207292492
8753,3.1748156439803665e-5,0.0008034944074487155
8754,3.171918857702849e-5,0.0008031652295028176
8755,3.1690245998916566e-5,0.0008028361868356454
8756,3.166132868415161e-5,0.0008025072793908031
8757,3.163243661141735e-5,0.0008021785071133276
8758,3.160356976206202e-5,0.0008018498699465804
8759,3.1574728109440287e-5,0.0008015213678351993
8760,3.154591163490039e-5,0.0008011930007233714
8761,3.151712032067877e-5,0.0008008647685549541
8762,3.148835413924189e-5,0.0008005366712746272
8763,3.145961307282619e-5,0.0008002087088261611
8764,3.1430897100115374e-5,0.0007998808811547353
8765,3.1402206197128635e-5,0.0007995531882038567
8766,3.137354034699058e-5,0.0007992256299180385
8767,3.134489952660857e-5,0.0007988982062419291
8768,3.131628371288997e-5,0.0007985709171194032
8769,3.1287692888959384e-5,0.0007982437624953174
8770,3.1259127027283284e-5,0.0007979167423141989
8771,3.123058611098628e-5,0.0007975898565201721
8772,3.120207011875209e-5,0.0007972631050582567
8773,3.1173579031928966e-5,0.0007969364878720984
8774,3.1145112825647914e-5,0.0007966100049068697
8775,3.111667147681629e-5,0.0007962836561069726
8776,3.1088254969446893e-5,0.0007959574414170105
8777,3.105986328311161e-5,0.0007956313607816526
8778,3.1031496390276914e-5,0.0007953054141452073
8779,3.100315427495559e-5,0.0007949796014523995
8780,3.097483691760772e-5,0.0007946539226481586
8781,3.0946544294252476e-5,0.0007943283776770012
8782,3.0918276382685406e-5,0.0007940029664839018
8783,3.089003316425476e-5,0.0007936776890133876
8784,3.086181461675608e-5,0.0007933525452098952
8785,3.0833620721537613e-5,0.0007930275350186491
8786,3.080545145550673e-5,0.0007927026583846412
8787,3.077730680178803e-5,0.0007923779152519198
8788,3.074918673195981e-5,0.0007920533055660074
8789,3.0721091231811215e-5,0.0007917288292717921
8790,3.0693020279137784e-5,0.0007914044863137522
8791,3.066497385084688e-5,0.0007910802766372613
8792,3.0636951930063105e-5,0.0007907562001869851
8793,3.060895449280565e-5,0.0007904322569075931
8794,3.058098151864641e-5,0.0007901084467447222
8795,3.055303298715728e-5,0.0007897847696429275
8796,3.052510887702198e-5,0.000789461225547735
8797,3.049720917402965e-5,0.0007891378144036509
8798,3.046933384709405e-5,0.0007888145361558754
8799,3.0441482882004323e-5,0.0007884913907494837
8800,3.0413656254779653e-5,0.0007881683781299186
8801,3.0385853950321007e-5,0.0007878454982427688
8802,3.0358075944647567e-5,0.0007875227510318224
8803,3.0330322214666694e-5,0.000787200136443171
8804,3.030259274172664e-5,0.0007868776544220461
8805,3.0274887507175663e-5,0.0007865553049135193
8806,3.024720648792112e-5,0.0007862330878627005
8807,3.0219549665311263e-5,0.0007859110032153623
8808,3.019191701980617e-5,0.0007855890509166942
8809,3.016430852742502e-5,0.0007852672309113726
8810,3.013672417129243e-5,0.0007849455431455724
8811,3.0109163927427574e-5,0.0007846239875643618
8812,3.008162777629053e-5,0.0007843025641127502
8813,3.0054115700117734e-5,0.0007839812727369506
8814,3.0026627675816542e-5,0.0007836601133818198
8815,2.9999163686511565e-5,0.0007833390859928492
8816,2.9971723708221987e-5,0.0007830181905158079
8817,2.994430772140788e-5,0.0007826974268961701
8818,2.9916915706529323e-5,0.0007823767950790768
8819,2.9889547640493674e-5,0.0007820562950105643
8820,2.9862203509978258e-5,0.0007817359266361658
8821,2.9834883287449543e-5,0.000781415689901338
8822,2.9807586954255783e-5,0.0007810955847515379
8823,2.9780314494409765e-5,0.0007807756111326662
8824,2.975306588126614e-5,0.0007804557689905407
8825,2.9725841100614048e-5,0.0007801360582705766
8826,2.9698640129360854e-5,0.0007798164789187163
8827,2.9671462947078453e-5,0.0007794970308805001
8828,2.964430953422692e-5,0.0007791777141016101
8829,2.9617179869489973e-5,0.0007788585285280827
8830,2.9590073935104044e-5,0.0007785394741056349
8831,2.956299171064103e-5,0.0007782205507797998
8832,2.953593317300829e-5,0.0007779017584972903
8833,2.9508898304442255e-5,0.0007775830972031016
8834,2.948188708717936e-5,0.0007772645668436343
8835,2.9454899497238785e-5,0.0007769461673643452
8836,2.942793551863332e-5,0.0007766278987114787
8837,2.9400995123829432e-5,0.0007763097608310607
8838,2.9374078300392625e-5,0.0007759917536691481
8839,2.9347185027894795e-5,0.0007756738771714095
8840,2.932031527969059e-5,0.0007753561312843979
8841,2.9293469045121867e-5,0.0007750385159533864
8842,2.9266646296655097e-5,0.0007747210311251258
8843,2.9239847018303067e-5,0.0007744036767454512
8844,2.9213071190525852e-5,0.0007740864527605203
8845,2.9186318790230814e-5,0.0007737693591156197
8846,2.9159589799654384e-5,0.0007734523957590063
8847,2.9132884201921172e-5,0.0007731355626354672
8848,2.9106201971274004e-5,0.0007728188596912711
8849,2.9079543092613847e-5,0.0007725022868725583
8850,2.9052907544624418e-5,0.000772185844126326
8851,2.9026295305101257e-5,0.0007718695313978959
8852,2.8999706357168975e-5,0.0007715533486344281
8853,2.8973140681287646e-5,0.0007712372957815981
8854,2.8946598256140987e-5,0.0007709213727858447
8855,2.892007906485361e-5,0.0007706055795938804
8856,2.8893583083444696e-5,0.0007702899161521962
8857,2.8867110294150677e-5,0.0007699743824063701
8858,2.8840660678319807e-5,0.0007696589783038714
8859,2.881423421730034e-5,0.0007693437037904136
8860,2.8787830887999633e-5,0.0007690285588131222
8861,2.87614506735423e-5,0.0007687135433175167
8862,2.8735093552612057e-5,0.0007683986572511112
8863,2.8708759508333515e-5,0.0007680839005602576
8864,2.8682448515837677e-5,0.0007677692731909193
8865,2.8656160563578226e-5,0.0007674547750903711
8866,2.8629895625797985e-5,0.0007671404062048609
8867,2.8603653685621566e-5,0.0007668261664813235
8868,2.8577434718179973e-5,0.0007665120558659685
8869,2.8551238713703242e-5,0.0007661980743056095
8870,2.8525065644657843e-5,0.0007658842217472712
8871,2.84989154977211e-5,0.0007655704981374932
8872,2.8472788248912195e-5,0.0007652569034230054
8873,2.8446683877803025e-5,0.0007649434375502917
8874,2.8420602370182735e-5,0.0007646301004665193
8875,2.8394543702070507e-5,0.0007643168921187757
8876,2.836850785836731e-5,0.000764003812453222
8877,2.8342494814204144e-5,0.0007636908614173897
8878,2.831650455537016e-5,0.0007633780389577002
8879,2.829053706054907e-5,0.0007630653450212688
8880,2.8264592309312775e-5,0.0007627527795545062
8881,2.8238670284785883e-5,0.0007624403425049928
8882,2.821277096742847e-5,0.0007621280338196493
8883,2.8186894335036072e-5,0.0007618158534450359
8884,2.8161040371621482e-5,0.0007615038013288403
8885,2.8135209055868415e-5,0.0007611918774172374
8886,2.8109400370013304e-5,0.0007608800816581926
8887,2.8083614295404402e-5,0.0007605684139979085
8888,2.8057850809837248e-5,0.000760256874384007
8889,2.803210989732463e-5,0.0007599454627633499
8890,2.8006391537438446e-5,0.0007596341790835417
8891,2.7980695712415127e-5,0.0007593230232913716
8892,2.7955022399162033e-5,0.0007590119953338088
8893,2.792937158258013e-5,0.000758701095158628
8894,2.7903743244905854e-5,0.0007583903227126286
8895,2.7878137361270205e-5,0.000758079677943533
8896,2.785255391835051e-5,0.0007577691607981163
8897,2.7826992893942304e-5,0.0007574587712238026
8898,2.7801454267617487e-5,0.0007571485091591446
8899,2.7775938024277025e-5,0.0007568383745693887
8900,2.775044414526917e-5,0.000756528367392581
8901,2.7724972608389464e-5,0.0007562184875765376
8902,2.769952339498616e-5,0.0007559087350683634
8903,2.7674096489072042e-5,0.0007555991098159194
8904,2.7648691868442654e-5,0.0007552896117658595
8905,2.7623309516222605e-5,0.0007549802408663778
8906,2.7597949411095613e-5,0.000754670997064933
8907,2.7572611538850822e-5,0.0007543618803089319
8908,2.7547295874619238e-5,0.0007540528905454445
8909,2.752200240596636e-5,0.0007537440277228212
8910,2.749673111157591e-5,0.0007534352917880072
8911,2.7471481969243428e-5,0.0007531266826889885
8912,2.7446254963869876e-5,0.0007528182003732863
8913,2.7421050075027154e-5,0.0007525098447880747
8914,2.7395867284063513e-5,0.0007522016158820997
8915,2.7370706574103565e-5,0.0007518935136021643
8916,2.7345567926495562e-5,0.0007515855378961919
8917,2.7320451319923222e-5,0.0007512776887119363
8918,2.72953567357348e-5,0.0007509699659974493
8919,2.7270284159719438e-5,0.0007506623697000163
8920,2.7245233567008142e-5,0.0007503548997675434
8921,2.7220204944278237e-5,0.0007500475561392599
8922,2.719519826932526e-5,0.0007497403387805961
8923,2.7170213526162e-5,0.0007494332476216878
8924,2.7145250693472178e-5,0.0007491262826280348
8925,2.71203097543804e-5,0.0007488194437389288
8926,2.70953906911231e-5,0.0007485127309026889
8927,2.7070493482383995e-5,0.0007482061440659687
8928,2.7045618111287695e-5,0.0007478996831778856
8929,2.702076456095881e-5,0.0007475933481860368
8930,2.6995932810081058e-5,0.0007472871390385126
8931,2.6971122842667228e-5,0.000746981055683188
8932,2.6946334638289215e-5,0.0007466750980685
8933,2.6921568179183453e-5,0.0007463692661420947
8934,2.689682344758637e-5,0.0007460635598523016
8935,2.6872100423069867e-5,0.0007457579791473254
8936,2.684739908964673e-5,0.00074545252397476
8937,2.682271942777703e-5,0.000745147194283563
8938,2.6798061419697206e-5,0.0007448419900220708
8939,2.6773425045867327e-5,0.0007445369111374715
8940,2.674881028763565e-5,0.00074423195757823
8941,2.6724217126350425e-5,0.0007439271292933695
8942,2.6699645549577156e-5,0.0007436224262307167
8943,2.667509553067049e-5,0.000743317848338091
8944,2.6650567055419572e-5,0.0007430133955648593
8945,2.6626060106949012e-5,0.0007427090678586087
8946,2.6601574664830707e-5,0.000742404865167464
8947,2.6577110712189267e-5,0.0007421007874406672
8948,2.6552668225932052e-5,0.0007417968346262183
8949,2.65282471962891e-5,0.0007414930066723877
8950,2.6503847600167774e-5,0.0007411893035275986
8951,2.6479469419804502e-5,0.0007408857251404027
8952,2.6455112632106648e-5,0.0007405822714594626
8953,2.6430777229968783e-5,0.0007402789424331875
8954,2.6406463185857376e-5,0.0007399757380099972
8955,2.638217048733793e-5,0.0007396726581385266
8956,2.6357899110429628e-5,0.00073936970276774
8957,2.633364904269797e-5,0.0007390668718457415
8958,2.630942026637939e-5,0.0007387641653207842
8959,2.6285212756604892e-5,0.0007384615831425231
8960,2.6261026502716334e-5,0.0007381591252588054
8961,2.6236861481621077e-5,0.0007378567916188211
8962,2.6212717678220088e-5,0.0007375545821713021
8963,2.6188595072973442e-5,0.0007372524968643941
8964,2.6164493651670284e-5,0.000736950535647294
8965,2.6140413390329797e-5,0.0007366486984686504
8966,2.6116354275629305e-5,0.0007363469852770775
8967,2.6092316287140704e-5,0.0007360453960217894
8968,2.6068299407100426e-5,0.0007357439306514175
8969,2.6044303620409437e-5,0.0007354425891148118
8970,2.6020328904863277e-5,0.0007351413713605724
8971,2.5996375244474734e-5,0.0007348402773382987
8972,2.5972442623256597e-5,0.0007345393069963548
8973,2.5948531023445298e-5,0.0007342384602836878
8974,2.592464042106002e-5,0.0007339377371494982
8975,2.5900770806330797e-5,0.0007336371375424207
8976,2.5876922156164994e-5,0.0007333366614116453
8977,2.585309445279904e-5,0.0007330363087066118
8978,2.582928768379844e-5,0.0007327360793760417
8979,2.580550182784691e-5,0.0007324359733685074
8980,2.5781736865404525e-5,0.00073213599063357
8981,2.5757992781372252e-5,0.0007318361311205168
8982,2.5734269555321987e-5,0.0007315363947785099
8983,2.5710567173931054e-5,0.0007312367815560904
8984,2.5686885614106814e-5,0.0007309372914026842
8985,2.566322486341477e-5,0.000730637924267856
8986,2.5639584900538637e-5,0.0007303386801006569
8987,2.5615965711267563e-5,0.0007300395588498952
8988,2.5592367273397088e-5,0.0007297405604655867
8989,2.5568789571828177e-5,0.000729441684896092
8990,2.554523259057362e-5,0.00072914293209159
8991,2.5521696307428954e-5,0.0007288443020008854
8992,2.549818071173604e-5,0.0007285457945735568
8993,2.5474685781290418e-5,0.0007282474097589087
8994,2.5451211496552162e-5,0.0007279491475060476
8995,2.5427757845086774e-5,0.0007276510077645591
8996,2.540432480557797e-5,0.0007273529904838691
8997,2.5380912365591257e-5,0.0007270550956139203
8998,2.53575204975931e-5,0.0007267573231034864
8999,2.5334149194478073e-5,0.0007264596729022223
9000,2.5310798434929893e-5,0.0007261621449597862
9001,2.5287468200296814e-5,0.0007258647392255589
9002,2.526415847725616e-5,0.0007255674556491676
9003,2.524086924360347e-5,0.0007252702941803711
9004,2.5217600482463354e-5,0.0007249732547684948
9005,2.5194352181401314e-5,0.0007246763373632385
9006,2.5171124315548354e-5,0.0007243795419143127
9007,2.5147916873358156e-5,0.0007240828683712057
9008,2.5124729836178972e-5,0.0007237863166839678
9009,2.5101563185359055e-5,0.0007234898868013241
9010,2.507841690757573e-5,0.0007231935786741056
9011,2.505529097796e-5,0.0007228973922518665
9012,2.5032185384965544e-5,0.0007226013274837448
9013,2.500910010905244e-5,0.0007223053843202314
9014,2.4986035136009832e-5,0.0007220095627106758
9015,2.4962990445409616e-5,0.0007217138626052881
9016,2.493996602215276e-5,0.0007214182839532027
9017,2.4916961847587515e-5,0.0007211228267051048
9018,2.4893977904838493e-5,0.0007208274908104412
9019,2.487101417880666e-5,0.0007205322762189638
9020,2.48480706455112e-5,0.0007202371828813302
9021,2.4825147296958505e-5,0.0007199422107465533
9022,2.4802244110944116e-5,0.0007196473597654851
9023,2.4779361072369e-5,0.0007193526298874195
9024,2.475649816169323e-5,0.0007190580210624381
9025,2.4733655362929596e-5,0.000718763533240685
9026,2.471083265742635e-5,0.0007184691663728524
9027,2.4688030033637176e-5,0.0007181749204080747
9028,2.466524746846943e-5,0.0007178807952969435
9029,2.464248494860044e-5,0.0007175867909893045
9030,2.46197424536021e-5,0.0007172929074356245
9031,2.459701997192809e-5,0.0007169991445856727
9032,2.457431747782124e-5,0.0007167055023899714
9033,2.4551634964176117e-5,0.0007164119807986716
9034,2.4528972407900085e-5,0.0007161185797616813
9035,2.4506329795670467e-5,0.0007158252992295958
9036,2.4483707106170982e-5,0.000715532139152885
9037,2.4461104326078953e-5,0.0007152390994808883
9038,2.4438521435854454e-5,0.0007149461801645163
9039,2.4415958420398454e-5,0.0007146533811544682
9040,2.439341526283556e-5,0.0007143607024003643
9041,2.4370891946290385e-5,0.0007140681438532054
9042,2.4348388454775716e-5,0.0007137757054629552
9043,2.432590476786345e-5,0.0007134833871802193
9044,2.4303440873119087e-5,0.0007131911889551729
9045,2.4280996751002704e-5,0.0007128991107384561
9046,2.425857238463891e-5,0.0007126071524806189
9047,2.4236167757152316e-5,0.000712315314131691
9048,2.4213782854332067e-5,0.0007120235956431034
9049,2.4191417659302772e-5,0.0007117319969645042
9050,2.4169072152524507e-5,0.0007114405180467624
9051,2.4146746318898238e-5,0.000711149158840213
9052,2.412444013977222e-5,0.000710857919295517
9053,2.4102153600047416e-5,0.0007105667993638522
9054,2.4079886685512975e-5,0.0007102757989955154
9055,2.405763937574079e-5,0.0007099849181408345
9056,2.403541165652001e-5,0.0007096941567508903
9057,2.4013203509198888e-5,0.0007094035147760282
9058,2.3991014921342924e-5,0.0007091129921672247
9059,2.3968845868083122e-5,0.0007088225888750056
9060,2.39466963405377e-5,0.0007085323048501881
9061,2.392456631827855e-5,0.000708242140043943
9062,2.3902455786206644e-5,0.0007079520944067857
9063,2.388036472833477e-5,0.000707662167888784
9064,2.3858293125122998e-5,0.000707372360442448
9065,2.383624096591319e-5,0.000707082672016815
9066,2.381420822672453e-5,0.0007067931025640066
9067,2.3792194897787056e-5,0.0007065036520343369
9068,2.3770200957784482e-5,0.0007062143203789943
9069,2.3748226392505956e-5,0.0007059251075486016
9070,2.3726271185076087e-5,0.0007056360134944338
9071,2.3704335319507663e-5,0.0007053470381675371
9072,2.3682418779813474e-5,0.0007050581815187251
9073,2.366052154822995e-5,0.0007047694434989885
9074,2.3638643606105347e-5,0.0007044808240596577
9075,2.3616784941005164e-5,0.000704192323150974
9076,2.3594945538718548e-5,0.0007039039407250487
9077,2.3573125377041038e-5,0.0007036156767323137
9078,2.3551324442649957e-5,0.0007033275311241795
9079,2.3529542717781737e-5,0.0007030395038520286
9080,2.3507780187337346e-5,0.0007027515948665429
9081,2.3486036833553214e-5,0.0007024638041184493
9082,2.34643126457712e-5,0.0007021761315601643
9083,2.344260759912231e-5,0.0007018885771423317
9084,2.3420921681172047e-5,0.0007016011408161084
9085,2.3399254876821374e-5,0.0007013138225328459
9086,2.3377607169194903e-5,0.0007010266222438125
9087,2.3355978542305422e-5,0.0007007395399002032
9088,2.3334368978389364e-5,0.000700452575453335
9089,2.331277846501223e-5,0.0007001657288549651
9090,2.3291206980857737e-5,0.0006998790000563825
9091,2.326965451349139e-5,0.0006995923890083938
9092,2.324812104337326e-5,0.0006993058956627808
9093,2.3226606558068852e-5,0.0006990195199708983
9094,2.3205111039814597e-5,0.0006987332618843996
9095,2.3183634470846926e-5,0.0006984471213544521
9096,2.3162176840507698e-5,0.0006981610983326711
9097,2.3140738126592453e-5,0.0006978751927708728
9098,2.3119318314890336e-5,0.0006975894046200408
9099,2.3097917391190492e-5,0.0006973037338321754
9100,2.3076535338617532e-5,0.0006970181803584857
9101,2.305517213851971e-5,0.0006967327441505279
9102,2.3033827776686167e-5,0.0006964474251632685
9103,2.3012502238017873e-5,0.0006961622233454569
9104,2.2991195507415796e-5,0.0006958771386452942
9105,2.2969907566228187e-5,0.000695592171017563
9106,2.2948638400244192e-5,0.0006953073204139237
9107,2.292738799258842e-5,0.0006950225867858005
9108,2.2906156328161842e-5,0.0006947379700859117
9109,2.2884943389200885e-5,0.0006944534702685544
9110,2.2863749163271052e-5,0.0006941690872786128
9111,2.2842573629056062e-5,0.0006938848210717441
9112,2.2821416776785952e-5,0.0006936006715995459
9113,2.2800278586920797e-5,0.0006933166388139421
9114,2.277915904524974e-5,0.0006930327226667005
9115,2.2758058134009218e-5,0.0006927489231094187
9116,2.2736975838100193e-5,0.0006924652400945759
9117,2.271591214419999e-5,0.0006921816735736899
9118,2.2694867033656863e-5,0.0006918982234988096
9119,2.2673840487819064e-5,0.000691614889782588
9120,2.265283249780481e-5,0.0006913316724556293
9121,2.2631843044962352e-5,0.0006910485714302188
9122,2.2610872111528124e-5,0.0006907655866588147
9123,2.258991968329127e-5,0.0006904827180933201
9124,2.256898574515276e-5,0.000690199965689333
9125,2.2548070282901733e-5,0.0006899173293918558
9126,2.252717327699827e-5,0.0006896348091564898
9127,2.2506294711455155e-5,0.0006893524049352666
9128,2.248543457561425e-5,0.000689070116680443
9129,2.246459284904745e-5,0.0006887879443439535
9130,2.2443769518432077e-5,0.0006885058878782248
9131,2.24229645686691e-5,0.0006882239472425673
9132,2.240217798288313e-5,0.0006879421223747739
9133,2.238140974242242e-5,0.0006876604132341445
9134,2.2360659839293362e-5,0.0006873788197730053
9135,2.2339928251291497e-5,0.0006870973419437175
9136,2.2319214965982326e-5,0.0006868159796984928
9137,2.2298519962937746e-5,0.0006865347329897756
9138,2.227784323594051e-5,0.0006862536017696354
9139,2.2257184761897975e-5,0.0006859725859908634
9140,2.2236544529263824e-5,0.0006856916856050575
9141,2.2215922517609954e-5,0.000685410900565054
9142,2.219531871805458e-5,0.0006851302308238175
9143,2.217473310928142e-5,0.0006848496763326335
9144,2.2154165677967796e-5,0.0006845692370445813
9145,2.2133616410791035e-5,0.0006842889129124903
9146,2.2113085290875745e-5,0.0006840087038881212
9147,2.2092572298682e-5,0.0006837286099244978
9148,2.207207742532802e-5,0.0006834486309735162
9149,2.205160065216205e-5,0.0006831687669885851
9150,2.2031141964973244e-5,0.0006828890179215487
9151,2.2010701346886208e-5,0.0006826093837254826
9152,2.199027878280191e-5,0.0006823298643526196
9153,2.1969874256733135e-5,0.0006820504597556849
9154,2.194948775624539e-5,0.0006817711698875774
9155,2.1929119263575103e-5,0.0006814919947005192
9156,2.190876876451142e-5,0.0006812129341475341
9157,2.188843624395531e-5,0.0006809339881811011
9158,2.1868121682366848e-5,0.0006806551567541883
9159,2.1847825070864246e-5,0.0006803764398193128
9160,2.182754639168394e-5,0.0006800978373294256
9161,2.1807285631503248e-5,0.0006798193492370055
9162,2.1787042768117715e-5,0.0006795409754952221
9163,2.176681779442191e-5,0.000679262716056464
9164,2.1746610688211376e-5,0.00067898457087422
9165,2.1726421441492505e-5,0.0006787065399007225
9166,2.1706250032949015e-5,0.000678428623089096
9167,2.1686096451034587e-5,0.0006781508203923363
9168,2.166596067887383e-5,0.000677873131763259
9169,2.1645842705808604e-5,0.0006775955571539823
9170,2.1625742507858092e-5,0.0006773180965190494
9171,2.1605660077028688e-5,0.0006770407498105854
9172,2.1585595394668644e-5,0.0006767635169817356
9173,2.1565548449231642e-5,0.0006764863979853569
9174,2.154551922384229e-5,0.0006762093927742199
9175,2.1525507699848845e-5,0.0006759325013019693
9176,2.1505513866593162e-5,0.0006756557235216669
9177,2.1485537710752567e-5,0.0006753790593860207
9178,2.14655792101226e-5,0.0006751025088481931
9179,2.1445638355821472e-5,0.0006748260718613987
9180,2.1425715132750156e-5,0.0006745497483788172
9181,2.1405809522256902e-5,0.0006742735383538229
9182,2.1385921511019035e-5,0.0006739974417391929
9183,2.13660510848257e-5,0.0006737214584882738
9184,2.1346198227689683e-5,0.0006734455885542869
9185,2.132636292717649e-5,0.000673169831890804
9186,2.1306545163746193e-5,0.0006728941884505714
9187,2.1286744929405188e-5,0.0006726186581874523
9188,2.1266962200172657e-5,0.0006723432410542379
9189,2.124719696894317e-5,0.000672067937004181
9190,2.1227449213512273e-5,0.0006717927459913495
9191,2.1207718925886354e-5,0.0006715176679685832
9192,2.1188006090078204e-5,0.0006712427028893499
9193,2.1168310689212433e-5,0.000670967850706819
9194,2.1148632709078186e-5,0.0006706931113747913
9195,2.1128972132800072e-5,0.0006704184848466653
9196,2.1109328947943595e-5,0.0006701439710757734
9197,2.1089703142962435e-5,0.0006698695700154307
9198,2.107009469565213e-5,0.0006695952816193722
9199,2.1050503594466363e-5,0.0006693211058408886
9200,2.103092982963517e-5,0.0006690470426339197
9201,2.101137337895409e-5,0.0006687730919520962
9202,2.0991834229988626e-5,0.0006684992537484488
9203,2.0972312372080637e-5,0.0006682255279768651
9204,2.0952807785690197e-5,0.0006679519145908926
9205,2.093332045749463e-5,0.0006676784135441691
9206,2.0913850370618547e-5,0.000667405024790426
9207,2.0894397516180163e-5,0.0006671317482832388
9208,2.0874961873751374e-5,0.0006668585839766025
9209,2.0855543430897683e-5,0.0006665855318239225
9210,2.0836142172520056e-5,0.0006663125917789545
9211,2.0816758087960352e-5,0.0006660397637953432
9212,2.0797391157678646e-5,0.0006657670478269033
9213,2.0778041366575906e-5,0.000665494443827689
9214,2.0758708705770346e-5,0.0006652219517515288
9215,2.0739393154833863e-5,0.0006649495715518629
9216,2.072009470133196e-5,0.0006646773031827452
9217,2.070081333105378e-5,0.0006644051465982161
9218,2.068154903067665e-5,0.0006641331017517189
9219,2.0662301783325177e-5,0.0006638611685974571
9220,2.0643071572123972e-5,0.0006635893470894848
9221,2.0623858390855787e-5,0.0006633176371814813
9222,2.0604662215539804e-5,0.0006630460388277783
9223,2.0585483038182417e-5,0.0006627745519815591
9224,2.0566320841908237e-5,0.0006625031765976515
9225,2.0547175613394586e-5,0.0006622319126300021
9226,2.0528047335766075e-5,0.000661960760032252
9227,2.0508935999252742e-5,0.0006616897187584174
9228,2.0489841583426482e-5,0.0006614187887629755
9229,2.0470764076740977e-5,0.000661147969999866
9230,2.0451703467649907e-5,0.0006608772624233719
9231,2.0432659737501524e-5,0.0006606066659871866
9232,2.041363287563769e-5,0.0006603361806458465
9233,2.0394622863406653e-5,0.0006600658063530378
9234,2.0375629689262098e-5,0.0006597955430634773
9235,2.0356653336328634e-5,0.0006595253907311187
9236,2.0337693795724476e-5,0.0006592553493106681
9237,2.0318751046133343e-5,0.0006589854187553715
9238,2.029982507867345e-5,0.0006587155990206775
9239,2.0280915877357586e-5,0.0006584458900600575
9240,2.026202342531036e-5,0.0006581762918281379
9241,2.024314771364999e-5,0.0006579068042790216
9242,2.0224288724612904e-5,0.0006576374273673177
9243,2.020544644398825e-5,0.0006573681610469381
9244,2.0186620856676996e-5,0.0006570990052728633
9245,2.0167811952909176e-5,0.0006568299599994075
9246,2.014901971225669e-5,0.0006565610251803022
9247,2.0130244126725927e-5,0.0006562922007707778
9248,2.0111485175888788e-5,0.0006560234867248153
9249,2.009274284908713e-5,0.0006557548829974891
9250,2.00740171321101e-5,0.0006554863895427976
9251,2.0055308014299555e-5,0.0006552180063148193
9252,2.0036615474339214e-5,0.000654949733269003
9253,2.0017939502459114e-5,0.0006546815703593403
9254,1.9999280083560222e-5,0.0006544135175405447
9255,1.998063720520804e-5,0.0006541455747674126
9256,1.9962010849639e-5,0.0006538777419941438
9257,1.9943401003530425e-5,0.0006536100191758959
9258,1.9924807657112353e-5,0.0006533424062669449
9259,1.9906230791733037e-5,0.0006530749032216329
9260,1.9887670396734336e-5,0.0006528075099954296
9261,1.986912645524086e-5,0.0006525402265423925
9262,1.9850598953929932e-5,0.0006522730528174744
9263,1.9832087880367055e-5,0.000652005988775791
9264,1.981359321767684e-5,0.000651739034371001
9265,1.97951149569775e-5,0.0006514721895591775
9266,1.9776653078729112e-5,0.0006512054542944581
9267,1.9758207570497177e-5,0.0006509388285316914
9268,1.9739778422511733e-5,0.0006506723122256843
9269,1.9721365614344677e-5,0.0006504059053315629
9270,1.9702969136226045e-5,0.0006501396078041552
9271,1.9684588973056805e-5,0.0006498734195978968
9272,1.96662251106261e-5,0.000649607340668136
9273,1.9647877536499436e-5,0.0006493413709697249
9274,1.96295462346896e-5,0.0006490755104571616
9275,1.961123119276209e-5,0.0006488097590861691
9276,1.9592932396506058e-5,0.0006485441168112283
9277,1.957464983437518e-5,0.0006482785835876144
9278,1.955638348771771e-5,0.0006480131593702594
9279,1.9538133345875508e-5,0.0006477478441139287
9280,1.951989939463772e-5,0.0006474826377742965
9281,1.9501681620681666e-5,0.0006472175403057154
9282,1.9483480008020138e-5,0.0006469525516637487
9283,1.9465294546883172e-5,0.000646687671803297
9284,1.944712521861902e-5,0.0006464229006796843
9285,1.9428972013457724e-5,0.0006461582382479153
9286,1.9410834916300246e-5,0.000645893684463137
9287,1.9392713912935733e-5,0.0006456292392808746
9288,1.937460899004151e-5,0.0006453649026561814
9289,1.9356520134294897e-5,0.0006451006745436527
9290,1.9338447328820507e-5,0.0006448365548993654
9291,1.9320390565624734e-5,0.0006445725436781645
9292,1.9302349829608545e-5,0.000644308640835544
9293,1.9284325102120192e-5,0.0006440448463266718
9294,1.9266316374277892e-5,0.0006437811601068093
9295,1.924832363187079e-5,0.0006435175821314539
9296,1.9230346862464387e-5,0.000643254112355808
9297,1.9212386047406937e-5,0.0006429907507353727
9298,1.919444117692848e-5,0.0006427274972257285
9299,1.917651224037087e-5,0.0006424643517815784
9300,1.915859921464147e-5,0.0006422013143591622
9301,1.9140702097075746e-5,0.000641938384913731
9302,1.9122820865469237e-5,0.0006416755634002201
9303,1.9104955513604693e-5,0.0006414128497747827
9304,1.9087106021054012e-5,0.0006411502439926595
9305,1.9069272380711766e-5,0.0006408877460093755
9306,1.9051454575702564e-5,0.0006406253557802097
9307,1.9033652591815553e-5,0.0006403630732611867
9308,1.9015866416616234e-5,0.0006401008984077798
9309,1.8998096035893752e-5,0.0006398388311752053
9310,1.8980341436325432e-5,0.0006395768715198209
9311,1.896260260902949e-5,0.0006393150193962187
9312,1.894487953268964e-5,0.0006390532747608778
9313,1.892717220020046e-5,0.0006387916375693928
9314,1.8909480593798378e-5,0.0006385301077771952
9315,1.8891804701937076e-5,0.0006382686853400529
9316,1.8874144511293878e-5,0.0006380073702136335
9317,1.8856500011210642e-5,0.000637746162353521
9318,1.883887118303562e-5,0.000637485061716337
9319,1.8821258016110676e-5,0.0006372240682570342
9320,1.8803660498001307e-5,0.000636963181931495
9321,1.8786078615384838e-5,0.0006367024026956852
9322,1.8768512349609523e-5,0.0006364417305053487
9323,1.875096169623447e-5,0.0006361811653165482
9324,1.8733426633943395e-5,0.0006359207070847986
9325,1.8715907153854516e-5,0.0006356603557665097
9326,1.86984032408688e-5,0.0006354001113174391
9327,1.868091488610446e-5,0.0006351399736927651
9328,1.8663442069133396e-5,0.0006348799428497823
9329,1.8645984781962e-5,0.0006346200187434606
9330,1.8628543007714882e-5,0.0006343602013297554
9331,1.8611116737510258e-5,0.0006341004905650871
9332,1.8593705955360917e-5,0.0006338408864053902
9333,1.857631064883236e-5,0.0006335813888068281
9334,1.855893080193738e-5,0.0006333219977247839
9335,1.8541566407570542e-5,0.0006330627131161601
9336,1.8524217447080105e-5,0.0006328035349369848
9337,1.850688390714339e-5,0.0006325444631426064
9338,1.8489565779766792e-5,0.0006322854976899064
9339,1.8472263047186743e-5,0.0006320266385346461
9340,1.8454975696968745e-5,0.0006317678856333463
9341,1.8437703717566478e-5,0.0006315092389418998
9342,1.8420447097433623e-5,0.0006312506984164148
9343,1.8403205817030255e-5,0.0006309922640134157
9344,1.8385979870139124e-5,0.0006307339356891005
9345,1.836876923988484e-5,0.0006304757133994456
9346,1.8351573914721087e-5,0.0006302175971007636
9347,1.8334393881325184e-5,0.0006299595867497836
9348,1.8317229126374457e-5,0.0006297016823023603
9349,1.8300079633881694e-5,0.0006294438837147823
9350,1.8282945397629646e-5,0.0006291861909439311
9351,1.8265826399854745e-5,0.0006289286039458906
9352,1.824872262989885e-5,0.0006286711226765711
9353,1.8231634073551106e-5,0.000628413747093267
9354,1.8214560713936123e-5,0.0006281564771515799
9355,1.8197502544836652e-5,0.0006278993128084331
9356,1.8180459548489125e-5,0.0006276422540200735
9357,1.8163431716011758e-5,0.0006273853007430115
9358,1.8146419032305516e-5,0.000627128452934056
9359,1.812942148227137e-5,0.000626871710548961
9360,1.811243905702753e-5,0.0006266150735451427
9361,1.809547173969861e-5,0.0006263585418785772
9362,1.8078519523179182e-5,0.0006261021155059138
9363,1.80615823888175e-5,0.0006258457943838815
9364,1.8044660324179063e-5,0.000625589578468682
9365,1.802775331949391e-5,0.0006253334677175336
9366,1.8010861361439368e-5,0.0006250774620868392
9367,1.7993984436692756e-5,0.0006248215615333487
9368,1.7977122529266865e-5,0.0006245657660133921
9369,1.7960275632944445e-5,0.000624310075483768
9370,1.7943443727297392e-5,0.0006240544899013302
9371,1.7926626804332102e-5,0.0006237990092229015
9372,1.7909824851614076e-5,0.0006235436334049022
9373,1.789303785493246e-5,0.0006232883624046025
9374,1.7876265800076396e-5,0.0006230331961776629
9375,1.7859508677275926e-5,0.0006227781346824467
9376,1.7842766471432014e-5,0.0006225231778748917
9377,1.7826039170998342e-5,0.0006222683257115121
9378,1.7809326763540412e-5,0.0006220135781498243
9379,1.7792629234847368e-5,0.0006217589351463076
9380,1.777594657426107e-5,0.0006215043966582637
9381,1.7759278767570663e-5,0.0006212499626420745
9382,1.774262580234165e-5,0.0006209956330554128
9383,1.772598766702771e-5,0.0006207414078541369
9384,1.770936434741799e-5,0.0006204872869960201
9385,1.7692755832854345e-5,0.0006202332704376944
9386,1.7676162105573212e-5,0.000619979358136586
9387,1.7659583160245518e-5,0.0006197255500492785
9388,1.764301898088405e-5,0.0006194718461327679
9389,1.762646955238978e-5,0.000619218246344401
9390,1.7609934865880916e-5,0.0006189647506407957
9391,1.7593414908034788e-5,0.0006187113589796976
9392,1.7576909666416896e-5,0.0006184580713176763
9393,1.7560419126816385e-5,0.000618204887612276
9394,1.7543943276798757e-5,0.000617951807820101
9395,1.752748210570587e-5,0.0006176988318986748
9396,1.7511035599326874e-5,0.0006174459598052642
9397,1.74946037478918e-5,0.0006171931914967302
9398,1.7478186532748907e-5,0.0006169405269304019
9399,1.74617839494573e-5,0.0006166879660635394
9400,1.7445395981141587e-5,0.0006164355088532393
9401,1.7429022613590917e-5,0.0006161831552571571
9402,1.7412663837923503e-5,0.0006159309052324452
9403,1.7396319639040314e-5,0.0006156787587359228
9404,1.7379990007171386e-5,0.0006154267157256026
9405,1.7363674928994044e-5,0.0006151747761581443
9406,1.7347374388521075e-5,0.0006149229399915225
9407,1.733108838042341e-5,0.0006146712071830387
9408,1.731481688693748e-5,0.0006144195776892764
9409,1.7298559894740606e-5,0.0006141680514687685
9410,1.7282317394951008e-5,0.0006139166284779909
9411,1.7266089374246008e-5,0.0006136653086749322
9412,1.7249875820191107e-5,0.0006134140920168486
9413,1.723367672035181e-5,0.0006131629784611181
9414,1.7217492062293616e-5,0.0006129119679659616
9415,1.720132183269385e-5,0.0006126610604879935
9416,1.718516602089437e-5,0.0006124102559848972
9417,1.7169024612684325e-5,0.0006121595544144876
9418,1.7152897600958283e-5,0.0006119089557342187
9419,1.713678496617632e-5,0.000611658459901767
9420,1.7120686698568477e-5,0.0006114080668745345
9421,1.710460278658843e-5,0.0006111577766102251
9422,1.7088533220466218e-5,0.0006109075890665359
9423,1.7072477985990986e-5,0.0006106575042009142
9424,1.7056437067175523e-5,0.0006104075219714906
9425,1.70404104569144e-5,0.0006101576423356327
9426,1.7024398141884944e-5,0.0006099078652508326
9427,1.7008400107876298e-5,0.0006096581906751171
9428,1.6992416346006678e-5,0.0006094086185660479
9429,1.6976446839400694e-5,0.0006091591488818771
9430,1.696049158006474e-5,0.000608909781579587
9431,1.6944550553787963e-5,0.0006086605166175721
9432,1.6928623750800398e-5,0.0006084113539531789
9433,1.6912711154226656e-5,0.0006081622935447083
9434,1.6896812756073132e-5,0.0006079133353497357
9435,1.6880928543905327e-5,0.0006076644793260519
9436,1.686505850173603e-5,0.0006074157254318258
9437,1.6849202621571635e-5,0.0006071670736247231
9438,1.6833360892754e-5,0.0006069185238626283
9439,1.6817533299295917e-5,0.0006066700761036756
9440,1.680171983142742e-5,0.0006064217303059262
9441,1.6785920474049476e-5,0.0006061734864269037
9442,1.6770135216503945e-5,0.000605925344424673
9443,1.675436405079722e-5,0.0006056773042574272
9444,1.6738606958277558e-5,0.0006054293658830437
9445,1.6722863932727705e-5,0.0006051815292600488
9446,1.6707134958160452e-5,0.0006049337943458896
9447,1.6691420025694015e-5,0.0006046861610988462
9448,1.6675719118453003e-5,0.0006044386294767057
9449,1.666003222933199e-5,0.000604191199438258
9450,1.664435934412012e-5,0.0006039438709410441
9451,1.662870045304743e-5,0.0006036966439433959
9452,1.661305554012671e-5,0.0006034495184038396
9453,1.6597424600028887e-5,0.0006032024942797115
9454,1.658180761232586e-5,0.0006029555715298361
9455,1.656620457080038e-5,0.0006027087501121395
9456,1.655061546212977e-5,0.0006024620299854046
9457,1.653504027387953e-5,0.0006022154111068982
9458,1.6519478994503345e-5,0.0006019688934358787
9459,1.650393161423125e-5,0.0006017224769299737
9460,1.648839811796421e-5,0.0006014761615476122
9461,1.6472878495044085e-5,0.0006012299472477126
9462,1.645737273303638e-5,0.0006009838339876179
9463,1.6441880823059307e-5,0.0006007378217261182
9464,1.6426402750013835e-5,0.0006004919104217257
9465,1.6410938501465466e-5,0.000600246100032592
9466,1.6395488070308772e-5,0.0006000003905173058
9467,1.6380051439668364e-5,0.000599754781834376
9468,1.63646285988861e-5,0.0005995092739415689
9469,1.634921953730384e-5,0.0005992638667982261
9470,1.6333824245151618e-5,0.0005990185603625027
9471,1.6318442707330405e-5,0.0005987733545926507
9472,1.6303074910517523e-5,0.00059852824944703
9473,1.6287720849383902e-5,0.0005982832448851796
9474,1.6272380505277795e-5,0.0005980383408644117
9475,1.6257053871093774e-5,0.0005977935373268906
9476,1.6241740934397342e-5,0.0005975488342648688
9477,1.6226441682754e-5,0.0005973042316203998
9478,1.6211156103729252e-5,0.0005970597293518502
9479,1.6195884185776777e-5,0.0005968153274176664
9480,1.6180625918238434e-5,0.0005965710257770651
9481,1.6165381290456082e-5,0.0005963268243879168
9482,1.6150150288218867e-5,0.0005960827232095976
9483,1.613493289909229e-5,0.0005958387222004188
9484,1.6119729116859105e-5,0.0005955948213190801
9485,1.6104538921979383e-5,0.0005953510205243262
9486,1.6089362313564948e-5,0.0005951073197752454
9487,1.6074199269411338e-5,0.0005948637190300934
9488,1.6059049783301305e-5,0.0005946202182481389
9489,1.6043913841912172e-5,0.0005943768173877102
9490,1.60287914345858e-5,0.0005941335164077535
9491,1.6013682548887687e-5,0.0005938903152673397
9492,1.599858717682423e-5,0.0005936472139253177
9493,1.598350530152004e-5,0.0005934042123401338
9494,1.596843691409333e-5,0.0005931613104709736
9495,1.5953382002109606e-5,0.0005929185082763876
9496,1.5938340554910724e-5,0.000592675805716144
9497,1.5923312560950365e-5,0.0005924332027481757
9498,1.590829800868221e-5,0.0005921906993319181
9499,1.5893296887448116e-5,0.0005919482954269209
9500,1.587830918392541e-5,0.0005917059909909955
9501,1.5863334885679592e-5,0.0005914637859838409
9502,1.5848373985605235e-5,0.0005912216803641568
9503,1.583342647215602e-5,0.0005909796740914998
9504,1.581849232756838e-5,0.0005907377671204202
9505,1.5803571542960526e-5,0.0005904959594180414
9506,1.5788664112115214e-5,0.0005902542509394551
9507,1.5773770016380695e-5,0.0005900126416441623
9508,1.575888924953972e-5,0.0005897711314908696
9509,1.574402180004597e-5,0.0005895297204387001
9510,1.5729167652800413e-5,0.0005892884084470057
9511,1.571432680069762e-5,0.0005890471954746734
9512,1.5699499229526737e-5,0.0005888060814813641
9513,1.568468492418873e-5,0.0005885650664258918
9514,1.5669883882019064e-5,0.0005883241502677473
9515,1.565509608703053e-5,0.0005880833329659219
9516,1.5640321527676804e-5,0.0005878426144799859
9517,1.562556019241157e-5,0.0005876019947684344
9518,1.5610812070576685e-5,0.0005873614737916498
9519,1.5596077153290366e-5,0.0005871210515082277
9520,1.558135542634176e-5,0.0005868807278779399
9521,1.556664687907272e-5,0.0005866405028594236
9522,1.5551951499048755e-5,0.0005864003764129502
9523,1.5537269280052612e-5,0.00058616034849698
9524,1.552260020165619e-5,0.0005859204190716213
9525,1.5507944260306772e-5,0.0005856805880956467
9526,1.549330144445804e-5,0.0005854408555292581
9527,1.5478671737234606e-5,0.0005852012213313877
9528,1.5464055134195576e-5,0.0005849616854613979
9529,1.5449451620241916e-5,0.0005847222478789042
9530,1.543486118382731e-5,0.0005844829085437098
9531,1.542028381518179e-5,0.000584243667415104
9532,1.540571950275904e-5,0.0005840045244524979
9533,1.53911682367891e-5,0.0005837654796152884
9534,1.5376630003949288e-5,0.0005835265328634001
9535,1.5362104793581466e-5,0.0005832876841563445
9536,1.5347592594139314e-5,0.0005830489334533139
9537,1.5333093398517406e-5,0.0005828102807144964
9538,1.531860718984035e-5,0.0005825717258990289
9539,1.530413396011454e-5,0.0005823332689669711
9540,1.528967369779366e-5,0.0005820949098777027
9541,1.527522639044321e-5,0.0005818566485911968
9542,1.526079203006958e-5,0.000581618485066708
9543,1.5246370603350101e-5,0.0005813804192643171
9544,1.5231962099626628e-5,0.0005811424511437298
9545,1.521756650824102e-5,0.0005809045806641176
9546,1.5203183815870602e-5,0.000580666807785974
9547,1.5188814011857232e-5,0.0005804291324687794
9548,1.5174457089983662e-5,0.0005801915546722949
9549,1.5160113035150857e-5,0.0005799540743564452
9550,1.5145781839365213e-5,0.0005797166914807521
9551,1.5131463483974983e-5,0.0005794794060056188
9552,1.5117157965427452e-5,0.0005792422178902863
9553,1.5102865270399946e-5,0.0005790051270950225
9554,1.5088585392675213e-5,0.0005787681335798628
9555,1.507431831271333e-5,0.0005785312373041765
9556,1.506006402340887e-5,0.0005782944382283113
9557,1.5045822517656404e-5,0.0005780577363121847
9558,1.503159377502783e-5,0.0005778211315157072
9559,1.5017377794634967e-5,0.0005775846237987409
9560,1.5003174562266963e-5,0.0005773482131210886
9561,1.4988984063712962e-5,0.0005771118994434381
9562,1.4974806290979359e-5,0.0005768756827250615
9563,1.4960641233408012e-5,0.0005766395629265911
9564,1.4946488881228959e-5,0.0005764035400076181
9565,1.4932349219343166e-5,0.0005761676139284105
9566,1.491822223886885e-5,0.0005759317846495242
9567,1.4904107930036048e-5,0.0005756960521298773
9568,1.4890006282186619e-5,0.0005754604163310875
9569,1.48759172855506e-5,0.0005752248772120834
9570,1.4861840925028957e-5,0.0005749894347338719
9571,1.4847777192628087e-5,0.0005747540888558812
9572,1.483372607591349e-5,0.0005745188395387645
9573,1.4819687568667916e-5,0.0005742836867430393
9574,1.4805661654015978e-5,0.0005740486304279674
9575,1.4791648323964068e-5,0.0005738136705547327
9576,1.4777647568742225e-5,0.0005735788070833428
9577,1.476365937591595e-5,0.0005733440399733336
9578,1.4749683737491637e-5,0.0005731093691862602
9579,1.4735720636593896e-5,0.0005728747946814709
9580,1.4721770068781836e-5,0.0005726403164193587
9581,1.4707832021620959e-5,0.000572405934361031
9582,1.4693906483564945e-5,0.0005721716484660931
9583,1.467999344484383e-5,0.0005719374586953575
9584,1.466609289302312e-5,0.0005717033650087279
9585,1.465220481744467e-5,0.0005714693673668225
9586,1.4638329210114875e-5,0.0005712354657303256
9587,1.4624466059487418e-5,0.0005710016600593837
9588,1.461061535223962e-5,0.0005707679503145248
9589,1.4596777081266055e-5,0.0005705343364561799
9590,1.4582951231467689e-5,0.0005703008184449708
9591,1.456913779929181e-5,0.0005700673962416095
9592,1.4555336766086668e-5,0.0005698340698059474
9593,1.4541548127411374e-5,0.0005696008390989847
9594,1.4527771869055073e-5,0.0005693677040810065
9595,1.4514007982135979e-5,0.0005691346647133493
9596,1.4500256455107774e-5,0.0005689017209557674
9597,1.4486517278200495e-5,0.0005686688727689904
9598,1.4472790439867822e-5,0.0005684361201138965
9599,1.4459075929451615e-5,0.0005682034629510141
9600,1.4445373738958267e-5,0.0005679709012409197
9601,1.4431683854176924e-5,0.0005677384349443287
9602,1.4418006266225802e-5,0.0005675060640221406
9603,1.4404340966223117e-5,0.0005672737884347759
9604,1.4390687940846192e-5,0.0005670416081424642
9605,1.4377047183877778e-5,0.0005668095231070557
9606,1.4363418678442486e-5,0.0005665775332888041
9607,1.4349802418323065e-5,0.0005663456386485535
9608,1.4336198392861377e-5,0.0005661138391468042
9609,1.4322606587846565e-5,0.0005658821347444172
9610,1.4309026998837737e-5,0.0005656505254021497
9611,1.4295459610735861e-5,0.0005654190110811128
9612,1.4281904416435509e-5,0.0005651875917420356
9613,1.4268361403502183e-5,0.0005649562673456267
9614,1.4254830559501386e-5,0.0005647250378532399
9615,1.4241311880880403e-5,0.0005644939032252126
9616,1.422780534809931e-5,0.0005642628634226453
9617,1.4214310957605392e-5,0.0005640319184066836
9618,1.4200828694299616e-5,0.0005638010681376822
9619,1.4187358551076557e-5,0.0005635703125775049
9620,1.4173900519054428e-5,0.0005633396516867492
9621,1.4160454583134197e-5,0.0005631090854259502
9622,1.4147020736210436e-5,0.0005628786137565345
9623,1.4133598966736827e-5,0.000562648236639509
9624,1.4120189264943406e-5,0.0005624179540357523
9625,1.4106791618395675e-5,0.0005621877659062573
9626,1.4093406022652744e-5,0.0005619576722126277
9627,1.4080032459062863e-5,0.0005617276729153291
9628,1.4066670921408786e-5,0.0005614977679758888
9629,1.4053321400808727e-5,0.0005612679573553658
9630,1.4039983887492724e-5,0.0005610382410151313
9631,1.4026658367249922e-5,0.0005608086189154288
9632,1.4013344833863073e-5,0.0005605790910183858
9633,1.4000043273121321e-5,0.0005603496572844299
9634,1.398675367703106e-5,0.0005601203176755394
9635,1.397347603582233e-5,0.0005598910721522701
9636,1.3960210339725165e-5,0.0005596619206767184
9637,1.3946956574528713e-5,0.0005594328632089751
9638,1.3933714733127545e-5,0.0005592038997113691
9639,1.3920484807528055e-5,0.0005589750301443555
9640,1.3907266780854854e-5,0.0005587462544696421
9641,1.3894060652219764e-5,0.0005585175726483017
9642,1.3880866402971037e-5,0.0005582889846423959
9643,1.3867684026003246e-5,0.0005580604904123002
9644,1.385451351065825e-5,0.000557832089919847
9645,1.3841354849830623e-5,0.0005576037831266645
9646,1.3828208030197686e-5,0.0005573755699938183
9647,1.3815073041989478e-5,0.0005571474504826
9648,1.3801949875436037e-5,0.0005569194245547554
9649,1.3788838520767399e-5,0.0005566914921712011
9650,1.3775738966437245e-5,0.0005564636532941654
9651,1.3762651205340148e-5,0.0005562359078847175
9652,1.3749575224153432e-5,0.0005560082559043916
9653,1.373651101488349e-5,0.0005557806973146215
9654,1.3723458565095825e-5,0.0005555532320767782
9655,1.3710417866796831e-5,0.0005553258601529928
9656,1.3697388910216546e-5,0.0005550985815040675
9657,1.368437168380865e-5,0.0005548713960921263
9658,1.3671366178691358e-5,0.000554644303878641
9659,1.365837238420653e-5,0.0005544173048250105
9660,1.3645390290584203e-5,0.0005541903988930813
9661,1.363241988538988e-5,0.0005539635860444259
9662,1.3619461163294488e-5,0.0005537368662404014
9663,1.3606514110087176e-5,0.0005535102394432535
9664,1.3593578722215227e-5,0.0005532837056143949
9665,1.3580654978362361e-5,0.0005530572647153426
9666,1.3567742878528577e-5,0.0005528309167080921
9667,1.3554842409391199e-5,0.0005526046615539175
9668,1.3541953560292086e-5,0.0005523784992151233
9669,1.3529076322349454e-5,0.000552152429653386
9670,1.351621068579334e-5,0.0005519264528302363
9671,1.3503356638189246e-5,0.0005517005687072675
9672,1.3490514174208101e-5,0.0005514747772470095
9673,1.3477683279639052e-5,0.0005512490784106878
9674,1.3464863944712135e-5,0.0005510234721602982
9675,1.3452056161433745e-5,0.00055079795845751
9676,1.3439259920922098e-5,0.0005505725372650511
9677,1.3426475210742694e-5,0.0005503472085435362
9678,1.3413702022013752e-5,0.0005501219722558598
9679,1.3400940345853485e-5,0.0005498968283633478
9680,1.3388190168939218e-5,0.0005496717768286447
9681,1.3375451487718237e-5,0.0005494468176126498
9682,1.3362724286203331e-5,0.0005492219506783025
9683,1.3350008558177251e-5,0.0005489971759870399
9684,1.3337304288540963e-5,0.0005487724935009826
9685,1.332461147640629e-5,0.0005485479031823552
9686,1.3311930103121483e-5,0.0005483234049929522
9687,1.329926016513383e-5,0.0005480989988951232
9688,1.3286601649120655e-5,0.0005478746848501942
9689,1.327395454797653e-5,0.0005476504628212919
9690,1.3261318849266956e-5,0.0005474263327700547
9691,1.3248694542333794e-5,0.0005472022946581626
9692,1.3236081621847973e-5,0.0005469783484479615
9693,1.3223480072710458e-5,0.0005467544941017179
9694,1.3210889891368538e-5,0.0005465307315819581
9695,1.3198311061835e-5,0.0005463070608502998
9696,1.3185743579668951e-5,0.0005460834818692625
9697,1.3173187432435896e-5,0.0005458599946006268
9698,1.3160642608589512e-5,0.0005456365990073112
9699,1.3148109101912553e-5,0.0005454132950508152
9700,1.3135586900858698e-5,0.0005451900826938146
9701,1.3123075997434341e-5,0.0005449669618986103
9702,1.3110576379204986e-5,0.000544743932626917
9703,1.3098088039065203e-5,0.00054452099484174
9704,1.3085610963692318e-5,0.0005442981484997909
9705,1.307314514686908e-5,0.0005440753935739839
9706,1.3060690579713707e-5,0.0005438527300216031
9707,1.3048247253344414e-5,0.0005436301578048107
9708,1.3035815151773988e-5,0.0005434076768856579
9709,1.302339426967336e-5,0.0005431852872272887
9710,1.301098459638439e-5,0.0005429629887914247
9711,1.2998586124801648e-5,0.0005427407815408458
9712,1.2986198842490637e-5,0.0005425186654381894
9713,1.2973822739681395e-5,0.0005422966404454062
9714,1.2961457811044852e-5,0.0005420747065249358
9715,1.2949104040593795e-5,0.0005418528636396448
9716,1.2936761422999155e-5,0.0005416311117523269
9717,1.2924429950267324e-5,0.0005414094508245024
9718,1.2912109605522915e-5,0.000541187880819357
9719,1.2899800388765925e-5,0.0005409664016998716
9720,1.2887502282232788e-5,0.0005407450134275495
9721,1.287521528148261e-5,0.00054052371596559
9722,1.2862939374969073e-5,0.0005403025092766064
9723,1.2850674552922214e-5,0.0005400813933230976
9724,1.2838420806460249e-5,0.0005398603680679681
9725,1.282617812847775e-5,0.0005396394334731304
9726,1.2813946503875684e-5,0.0005394185895019818
9727,1.280172592732498e-5,0.000539197836117021
9728,1.278951638727932e-5,0.0005389771732806428
9729,1.2777317877521455e-5,0.0005387566009557934
9730,1.2765130385616885e-5,0.0005385361191054643
9731,1.2752953904460185e-5,0.0005383157276916614
9732,1.2740788420728677e-5,0.0005380954266774943
9733,1.2728633927316935e-5,0.0005378752160257183
9734,1.2716490415343173e-5,0.0005376550956995262
9735,1.2704357875037431e-5,0.0005374350656612743
9736,1.2692236296629744e-5,0.0005372151258738016
9737,1.2680125672126508e-5,0.000536995276300134
9738,1.2668025988205045e-5,0.0005367755169029438
9739,1.2655937239536286e-5,0.0005365558476445285
9740,1.2643859416350267e-5,0.0005363362684891182
9741,1.263179250710067e-5,0.0005361167793985176
9742,1.261973650290571e-5,0.0005358973803359264
9743,1.2607691394883602e-5,0.0005356780712643117
9744,1.2595657175040742e-5,0.000535458852146585
9745,1.2583633832718988e-5,0.0005352397229455609
9746,1.2571621359036556e-5,0.0005350206836244528
9747,1.2559619744223482e-5,0.0005348017341462591
9748,1.2547628981174341e-5,0.0005345828744734993
9749,1.2535649053013742e-5,0.0005343641045698205
9750,1.2523679959741685e-5,0.0005341454243978846
9751,1.2511721688035493e-5,0.0005339268339206206
9752,1.2499774227237026e-5,0.0005337083331015992
9753,1.2487837571129035e-5,0.0005334899219034198
9754,1.2475911707277021e-5,0.0005332716002892542
9755,1.246399663301645e-5,0.0005330533682220834
9756,1.2452092327031039e-5,0.0005328352256652978
9757,1.2440198790208967e-5,0.0005326171725821491
9758,1.2428316011003915e-5,0.0005323992089356668
9759,1.241644397875774e-5,0.0005321813346888214
9760,1.2404582684588661e-5,0.0005319635498047676
9761,1.2392732121391248e-5,0.000531745854246906
9762,1.2380892275842825e-5,0.0005315282479780269
9763,1.2369063143502501e-5,0.0005313107309622318
9764,1.235724471015942e-5,0.0005310933031619537
9765,1.2345436970484513e-5,0.0005308759645409056
9766,1.2333639913819638e-5,0.0005306587150620545
9767,1.2321853530394833e-5,0.0005304415546886106
9768,1.2310077814881026e-5,0.0005302244833844533
9769,1.2298312752179186e-5,0.0005300075011122757
9770,1.2286558335183884e-5,0.0005297906078356764
9771,1.2274814556789693e-5,0.0005295738035178618
9772,1.2263081409003007e-5,0.0005293570881227186
9773,1.2251358877612972e-5,0.0005291404616125234
9774,1.2239646957290518e-5,0.000528923923951926
9775,1.222794563826568e-5,0.0005287074751038137
9776,1.2216254908992141e-5,0.0005284911150314625
9777,1.220457476414083e-5,0.0005282748436984119
9778,1.2192905192165426e-5,0.0005280586610679865
9779,1.2181246186848682e-5,0.0005278425671037569
9780,1.216959773486792e-5,0.0005276265617694849
9781,1.2157959828229536e-5,0.000527410645028259
9782,1.2146332461604459e-5,0.0005271948168437332
9783,1.213471562255819e-5,0.000526979077179527
9784,1.2123109302208945e-5,0.0005267634259993569
9785,1.211151349256312e-5,0.0005265478632660997
9786,1.2099928181186215e-5,0.0005263323889441417
9787,1.2088353366301874e-5,0.0005261170029963527
9788,1.2076789033699242e-5,0.000525901705387067
9789,1.2065235172720179e-5,0.0005256864960793209
9790,1.2053691778923792e-5,0.0005254713750367686
9791,1.2042158842540118e-5,0.000525256342223706
9792,1.2030636350246482e-5,0.0005250413976030724
9793,1.201912429760199e-5,0.0005248265411389522
9794,1.2007622674836682e-5,0.0005246117727892956
9795,1.1996131472180593e-5,0.0005243970925288416
9796,1.1984650679863762e-5,0.000524182500316217
9797,1.1973180288116225e-5,0.000523967996114514
9798,1.196172029338527e-5,0.0005237535798878756
9799,1.1950270680571862e-5,0.0005235392516001261
9800,1.1938831443458753e-5,0.000523325011215086
9801,1.1927402574052337e-5,0.0005231108586961318
9802,1.191598406347083e-5,0.0005228967940076011
9803,1.1904575898391556e-5,0.0005226828171129017
9804,1.1893178078814515e-5,0.0005224689279761628
9805,1.1881790586087959e-5,0.0005222551265608964
9806,1.1870413415770997e-5,0.0005220414128313464
9807,1.1859046558093667e-5,0.0005218277867513159
9808,1.1847690006838718e-5,0.0005216142482845562
9809,1.183634375223619e-5,0.0005214007973952904
9810,1.1825007780963404e-5,0.0005211874340474848
9811,1.1813682089467648e-5,0.0005209741582047067
9812,1.1802366667978959e-5,0.0005207609698309155
9813,1.1791061504951017e-5,0.0005205478688902788
9814,1.1779766592390217e-5,0.0005203348553468844
9815,1.1768481926743846e-5,0.0005201219291643827
9816,1.1757207491136512e-5,0.0005199090903072294
9817,1.1745943281127325e-5,0.0005196963387396614
9818,1.1734689287834499e-5,0.0005194836744250551
9819,1.1723445504152608e-5,0.0005192710973273701
9820,1.1712211915870796e-5,0.0005190586074116342
9821,1.1700988518548172e-5,0.0005188462046414807
9822,1.1689775303302952e-5,0.0005186338889806401
9823,1.1678572258588815e-5,0.0005184216603937412
9824,1.1667379379076692e-5,0.0005182095188446846
9825,1.1656196653220263e-5,0.000517997464297499
9826,1.1645024075690458e-5,0.0005177854967166363
9827,1.1633861634052778e-5,0.0005175736160667396
9828,1.1622709321201796e-5,0.0005173618223109668
9829,1.1611567126479372e-5,0.0005171501154139085
9830,1.160043504722097e-5,0.0005169384953406277
9831,1.1589313067439377e-5,0.0005167269620540253
9832,1.1578201182693704e-5,0.0005165155155193446
9833,1.1567099381437629e-5,0.0005163041557004235
9834,1.1556007661894796e-5,0.0005160928825616133
9835,1.1544926006301637e-5,0.0005158816960675293
9836,1.153385440932908e-5,0.0005156705961818081
9837,1.1522792864759879e-5,0.000515459582869502
9838,1.1511741361047712e-5,0.0005152486560946537
9839,1.1500699892863508e-5,0.0005150378158218054
9840,1.1489668445996415e-5,0.0005148270620149754
9841,1.1478647016005539e-5,0.0005146163946388171
9842,1.1467635596673631e-5,0.0005144058136580185
9843,1.1456634173789837e-5,0.0005141953190361953
9844,1.1445642742913265e-5,0.0005139849107386081
9845,1.1434661290721237e-5,0.0005137745887290948
9846,1.1423689811884685e-5,0.0005135643529728673
9847,1.1412728300186359e-5,0.0005133542034335345
9848,1.140177674319176e-5,0.0005131441400760134
9849,1.1390835131130927e-5,0.0005129341628652834
9850,1.1379903461339325e-5,0.0005127242717650679
9851,1.1368981721382454e-5,0.000512514466740159
9852,1.1358069902378531e-5,0.0005123047477554495
9853,1.134716799722213e-5,0.0005120951147751761
9854,1.1336275995255107e-5,0.0005118855677640373
9855,1.1325393892036573e-5,0.0005116761066866413
9856,1.1314521675132028e-5,0.0005114667315074817
9857,1.1303659336547867e-5,0.0005112574421914547
9858,1.1292806870955019e-5,0.0005110482387031996
9859,1.1281964265918987e-5,0.0005108391210070298
9860,1.1271131513446164e-5,0.000510630089067432
9861,1.1260308606431124e-5,0.0005104211428500934
9862,1.1249495535992082e-5,0.0005102122823187581
9863,1.123869229591179e-5,0.0005100035074387839
9864,1.122789887286757e-5,0.0005097948181744527
9865,1.1217115264194888e-5,0.0005095862144906399
9866,1.1206341456571067e-5,0.0005093776963520542
9867,1.1195577445555216e-5,0.0005091692637237792
9868,1.11848232160483e-5,0.0005089609165701559
9869,1.11740787689385e-5,0.0005087526548563648
9870,1.1163344088238603e-5,0.0005085444785471356
9871,1.1152619170395894e-5,0.0005083363876074651
9872,1.1141904002975878e-5,0.0005081283820015277
9873,1.1131198582425839e-5,0.0005079204616950071
9874,1.1120502895423101e-5,0.0005077126266521716
9875,1.1109816934862238e-5,0.0005075048768385174
9876,1.1099140693637821e-5,0.0005072972122183578
9877,1.1088474161979889e-5,0.0005070896327570226
9878,1.1077817335447548e-5,0.0005068821384193803
9879,1.1067170200718124e-5,0.0005066747291698308
9880,1.1056532753350723e-5,0.0005064674049744533
9881,1.1045904981799026e-5,0.0005062601657970824
9882,1.103528687718125e-5,0.0005060530116032802
9883,1.10246784350565e-5,0.0005058459423583524
9884,1.1014079642990282e-5,0.0005056389580269799
9885,1.1003490500094415e-5,0.0005054320585738889
9886,1.0992910986828974e-5,0.000505225243964496
9887,1.0982341104970317e-5,0.000505018514163829
9888,1.0971780838531231e-5,0.0005048118691372387
9889,1.096123018573536e-5,0.0005046053088492708
9890,1.095068913237185e-5,0.000504398833265203
9891,1.0940157676664342e-5,0.0005041924423505734
9892,1.0929635807066518e-5,0.0005039861360403471
9893,1.0919123510255702e-5,0.0005037799143595353
9894,1.0908620787120071e-5,0.0005035737772431
9895,1.089812762433695e-5,0.0005033677246562077
9896,1.0887644013912734e-5,0.0005031617564593104
9897,1.0877169948741994e-5,0.0005029558728279065
9898,1.0866705419942946e-5,0.0005027500736220179
9899,1.0856250418633806e-5,0.0005025443588063498
9900,1.0845804938597325e-5,0.0005023387283468704
9901,1.0835368968287185e-5,0.000502133182209076
9902,1.082494250415067e-5,0.0005019277203572106
9903,1.081452553552964e-5,0.0005017223427573533
9904,1.0804118053542311e-5,0.0005015170493743795
9905,1.0793720049306899e-5,0.0005013118401737057
9906,1.0783331515717975e-5,0.0005011067151211648
9907,1.0772952447446471e-5,0.0005009016741817814
9908,1.0762582834722423e-5,0.0005006967173207602
9909,1.0752222665999511e-5,0.0005004918445036151
9910,1.0741871935060487e-5,0.0005002870556956307
9911,1.073153063746446e-5,0.0005000823508624144
9912,1.072119875988875e-5,0.0004998777299696534
9913,1.071087629700429e-5,0.0004996731929817963
9914,1.0700563239929295e-5,0.0004994687398653941
9915,1.0690259582446515e-5,0.0004992643705857454
9916,1.0679965311233275e-5,0.0004990600851076978
9917,1.066968042273686e-5,0.0004988558833971396
9918,1.0659404908963666e-5,0.0004986517654199801
9919,1.0649138760143728e-5,0.0004984477311406992
9920,1.063888196917162e-5,0.0004982437805258651
9921,1.062863452627738e-5,0.0004980399135404885
9922,1.0618396427020116e-5,0.0004978361301506765
9923,1.0608167660741685e-5,0.000497632430321554
9924,1.0597948216783948e-5,0.0004974288140184475
9925,1.0587738090706011e-5,0.0004972252812079185
9926,1.0577537275402449e-5,0.00049702183185453
9927,1.0567345761991476e-5,0.0004968184659243924
9928,1.0557163539814951e-5,0.0004966151833837064
9929,1.0546990603543804e-5,0.0004964119841974375
9930,1.0536826944296251e-5,0.000496208868331259
9931,1.0526672554966865e-5,0.0004960058357510282
9932,1.051652742667386e-5,0.000495802886422779
9933,1.0506391551423633e-5,0.0004956000203119662
9934,1.0496264920334397e-5,0.0004953972373840862
9935,1.0486147528077083e-5,0.0004951945376053639
9936,1.047603936399355e-5,0.000494991920940855
9937,1.0465940422754727e-5,0.0004947893873576172
9938,1.0455850692814295e-5,0.0004945869368200365
9939,1.0445770168843183e-5,0.0004943845692952573
9940,1.0435698843735963e-5,0.0004941822847479502
9941,1.0425636706834496e-5,0.0004939800831444824
9942,1.0415583751033353e-5,0.0004937779644505272
9943,1.0405539971003464e-5,0.000493575928631973
9944,1.039550535431033e-5,0.0004933739756551592
9945,1.0385479898289418e-5,0.0004931721054855266
9946,1.037546358961805e-5,0.0004929703180892205
9947,1.036545642651987e-5,0.0004927686134317232
9948,1.035545839656038e-5,0.0004925669914794678
9949,1.0345469490857795e-5,0.0004923654521983359
9950,1.0335489705859402e-5,0.0004921639955537821
9951,1.0325519029130703e-5,0.0004919626215126038
9952,1.0315557458895341e-5,0.0004917613300403217
9953,1.0305604980054284e-5,0.0004915601211031781
9954,1.0295661589054816e-5,0.0004913589946666658
9955,1.028572727967969e-5,0.0004911579506975093
9956,1.0275802042158944e-5,0.0004909569891613196
9957,1.0265885866722613e-5,0.0004907561100244567
9958,1.0255978748041628e-5,0.0004905553132525942
9959,1.0246080674569669e-5,0.0004903545988124633
9960,1.0236191642754022e-5,0.0004901539666694044
9961,1.0226311642824726e-5,0.0004899534167900413
9962,1.021644066856453e-5,0.0004897529491406094
9963,1.0206578714644365e-5,0.0004895525636869104
9964,1.019672576507702e-5,0.0004893522603952732
9965,1.0186881818974314e-5,0.0004891520392317078
9966,1.0177046867454465e-5,0.0004889519001627547
9967,1.0167220898082974e-5,0.00048875184315441
9968,1.0157403909971663e-5,0.0004885518681727319
9969,1.0147595891574213e-5,0.000488351975184223
9970,1.0137796834008839e-5,0.00048815216415524706
9971,1.0128006733722827e-5,0.00048795243505149813
9972,1.011822557916986e-5,0.00048775278784009973
9973,1.0108453365909043e-5,0.00048755322248652394
9974,1.0098690082394057e-5,0.00048735373895778325
9975,1.0088935723295833e-5,0.0004871543372195822
9976,1.0079190281508943e-5,0.0004869550172384336
9977,1.0069453747263424e-5,0.0004867557789808956
9978,1.0059726115230205e-5,0.0004865566224132138
9979,1.0050007374751146e-5,0.000486357547501582
9980,1.0040297521385355e-5,0.0004861585542126484
9981,1.0030596545362869e-5,0.00048595964251262405
9982,1.002090443957826e-5,0.0004857608123682994
9983,1.0011221196037923e-5,0.0004855620637458022
9984,1.0001546810300965e-5,0.00048536339661146496
9985,9.991881269044711e-6,0.0004851648109319151
9986,9.982224568716447e-6,0.0004849663066735302
9987,9.972576700434388e-6,0.00048476788380300007
9988,9.962937654428572e-6,0.0004845695422866468
9989,9.953307428034464e-6,0.0004843712820909521
9990,9.943686008817565e-6,0.000484173103182578
9991,9.93407339500152e-6,0.00048397500552803743
9992,9.924469571487293e-6,0.00048377698909384675
9993,9.914874535610352e-6,0.00048357905384682764
9994,9.905288281153446e-6,0.00048338119975305585
9995,9.8957107947939e-6,0.0004831834267793253
9996,9.88614207209082e-6,0.0004829857348924785
9997,9.876582107715137e-6,0.0004827881240591844
9998,9.867030892785067e-6,0.0004825905942456299
9999,9.85748841575429e-6,0.00048239314541917433
10000,9.84795467395827e-6,0.00048219577754537307
10001,9.838429658515224e-6,0.00048199849059199495
10002,9.828913360543368e-6,0.00048180128452541757
10003,9.819405773825451e-6,0.0004816041593119942
10004,9.809906891256048e-6,0.00048140711491864024
10005,9.800416705729731e-6,0.0004812101513120316
10006,9.790935206588358e-6,0.0004810132684592884
10007,9.781462389391038e-6,0.00048081646632696165
10008,9.771998245255986e-6,0.00048061974488177936
10009,9.762542767077775e-6,0.0004804231040907922
10010,9.7530959468628e-6,0.0004802265439201245
10011,9.743657780170167e-6,0.00048003006433695525
10012,9.734228255453559e-6,0.00047983366530832475
10013,9.724807366495725e-6,0.00047963734680123854
10014,9.715395107079416e-6,0.0004794411087819042
10015,9.705991467434671e-6,0.00047924495121774713
10016,9.696596442232419e-6,0.0004790488740754849
10017,9.687210023479054e-6,0.0004788528773221265
10018,9.677832204069148e-6,0.0004786569609240704
10019,9.668462975120917e-6,0.0004784611248489258
10020,9.659102333081648e-6,0.0004782653690633687
10021,9.649750265516843e-6,0.0004780696935343595
10022,9.640406765321075e-6,0.00047787409822864363
10023,9.631071830717985e-6,0.00047767858311327516
10024,9.6217454483849e-6,0.00047748314815547824
10025,9.612427613880925e-6,0.00047728779332233823
10026,9.603118318324277e-6,0.00047709251858051027
10027,9.59381755460953e-6,0.00047689732389727055
10028,9.58452531740761e-6,0.0004767022092398189
10029,9.575241596948558e-6,0.0004765071745748209
10030,9.56596638879148e-6,0.0004763122198697019
10031,9.556699681390057e-6,0.00047611734509142925
10032,9.54744146852704e-6,0.0004759225502067588
10033,9.538191746649716e-6,0.00047572783518331704
10034,9.528950503323586e-6,0.0004755331999882033
10035,9.519717734107758e-6,0.00047533864458864164
10036,9.510493435449519e-6,0.0004751441689510548
10037,9.501277590473478e-6,0.0004749497730434614
10038,9.492070198291458e-6,0.00047475545683246453
10039,9.482871250021674e-6,0.00047456122028581224
10040,9.473680738558699e-6,0.00047436706337038517
10041,9.464498658573461e-6,0.00047417298605345604
10042,9.455325002072357e-6,0.000473978988302242
10043,9.446159758397243e-6,0.0004737850700838632
10044,9.437002923995408e-6,0.00047359123136625145
10045,9.427854490873244e-6,0.0004733974721157219
10046,9.418714448372612e-6,0.0004732037923000955
10047,9.409582793828974e-6,0.0004730101918867975
10048,9.400459519248727e-6,0.0004728166708429793
10049,9.391344613973729e-6,0.00047262322913611127
10050,9.382238074451266e-6,0.0004724298667333378
10051,9.373139891799553e-6,0.00047223658360202175
10052,9.364050058913165e-6,0.00047204337970953997
10053,9.354968571351208e-6,0.0004718502550234184
10054,9.345895417567363e-6,0.0004716572095109714
10055,9.33683059134438e-6,0.00047146424313981514
10056,9.327774089129548e-6,0.0004712713558770419
10057,9.31872589671201e-6,0.0004710785476906426
10058,9.309686014091767e-6,0.0004708858185473834
10059,9.300654431498856e-6,0.00047069316841505393
10060,9.291631139163314e-6,0.00047050059726137447
10061,9.282616134420607e-6,0.0004703081050536871
10062,9.273609407500771e-6,0.00047011569175908763
10063,9.26461095129838e-6,0.00046992335734563975
10064,9.255620756931648e-6,0.00046973110178080354
10065,9.246638821736042e-6,0.000469538925031706
10066,9.237665135053419e-6,0.0004693468270663345
10067,9.22869969155471e-6,0.00046915480785278754
10068,9.219742483246307e-6,0.00046896286735748777
10069,9.210793502134607e-6,0.0004687710055482526
10070,9.201852742890537e-6,0.00046857922239349967
10071,9.192920198408672e-6,0.00046838751786040106
10072,9.183995860695404e-6,0.00046819589191653826
10073,9.175079723533486e-6,0.000468004344529635
10074,9.166171777152954e-6,0.00046781287566755383
10075,9.157272017112916e-6,0.0004676214852976125
10076,9.148380436307946e-6,0.0004674301733878332
10077,9.139497024079901e-6,0.0004672389399053567
10078,9.130621781316961e-6,0.00046704778481879844
10079,9.12175469380827e-6,0.00046685670809549704
10080,9.11289575622476e-6,0.0004666657097029299
10081,9.104044960572821e-6,0.00046647478960957015
10082,9.095202303299743e-6,0.00046628394778214927
10083,9.086367773747384e-6,0.0004660931841893659
10084,9.077541366586672e-6,0.00046590249879849277
10085,9.068723078264895e-6,0.000465711891577493
10086,9.05991289368302e-6,0.00046552136249445805
10087,9.051110813729224e-6,0.0004653309115171464
10088,9.042316823304475e-6,0.0004651405386131291
10089,9.03353092329695e-6,0.00046495024375035193
10090,9.024753103936689e-6,0.0004647600268972603
10091,9.015983356341906e-6,0.0004645698880210193
10092,9.00722167518353e-6,0.00046437982708969275
10093,8.998468054244313e-6,0.000464189844071438
10094,8.989722483754292e-6,0.0004639999389341315
10095,8.980984960160754e-6,0.0004638101116458994
10096,8.972255474581914e-6,0.0004636203621741983
10097,8.963534018135988e-6,0.00046343069048746313
10098,8.95482058904662e-6,0.00046324109655372647
10099,8.946115177543845e-6,0.0004630515803407606
10100,8.937417773857703e-6,0.00046286214181625804
10101,8.928728377100015e-6,0.0004626727809488376
10102,8.920046974836282e-6,0.0004624834977065631
10103,8.911373562625613e-6,0.000462294292057127
10104,8.902708136027115e-6,0.00046210516396876303
10105,8.894050682606292e-6,0.00046191611340959046
10106,8.885401197922249e-6,0.00046172714034757936
10107,8.876759676645918e-6,0.00046153824475103633
10108,8.868126109895513e-6,0.0004613494265877753
10109,8.859500493230144e-6,0.0004611606858260786
10110,8.850882816879846e-6,0.00046097202243434304
10111,8.84227307551555e-6,0.000460783436380674
10112,8.833671262031828e-6,0.0004605949276332219
10113,8.825077370211432e-6,0.00046040649615960993
10114,8.816491392060755e-6,0.00046021814192912305
10115,8.807913319586191e-6,0.00046002986490870437
10116,8.799343149235028e-6,0.00045984166506762847
10117,8.790780872125481e-6,0.0004596535423736954
10118,8.7822264820403e-6,0.0004594654967954061
10119,8.773679972762238e-6,0.0004592775283008589
10120,8.765141336297688e-6,0.00045908963685801357
10121,8.756610564653045e-6,0.0004589018224356277
10122,8.748087652499237e-6,0.0004587140850019489
10123,8.739572595395373e-6,0.0004585264245250305
10124,8.731065381795133e-6,0.0004583388409738591
10125,8.722566007257626e-6,0.00045815133431584276
10126,8.714074467341959e-6,0.000457963904520093
10127,8.705590751389991e-6,0.00045777655155459715
10128,8.697114856737187e-6,0.0004575892753879533
10129,8.688646770949049e-6,0.0004574020759885132
10130,8.68018649224922e-6,0.00045721495332463197
10131,8.671734011755916e-6,0.0004570279073648903
10132,8.663289321475531e-6,0.00045684093807731724
10133,8.654852417855352e-6,0.0004566540454307329
10134,8.646423292901773e-6,0.00045646722939348544
10135,8.638001937733009e-6,0.0004562804899343985
10136,8.629588348796347e-6,0.00045609382702138657
10137,8.621182518986359e-6,0.0004559072406234675
10138,8.612784438533083e-6,0.0004557207307083755
10139,8.604394102995627e-6,0.00045553429724574934
10140,8.596011506156742e-6,0.00045534794020345853
10141,8.587636640022822e-6,0.00045516165954991375
10142,8.579269501041153e-6,0.0004549754552540704
10143,8.570910077665417e-6,0.0004547893272847832
10144,8.56255836545472e-6,0.00045460327560986613
10145,8.554214359079992e-6,0.0004544173001984203
10146,8.545878048771272e-6,0.0004542314010192068
10147,8.537549431864022e-6,0.0004540455780402651
10148,8.529228496811925e-6,0.00045385983123111956
10149,8.52091524361498e-6,0.000453674160559487
10150,8.512609659838688e-6,0.00045348856599471826
10151,8.504311738377623e-6,0.0004533030475049882
10152,8.496021477455429e-6,0.0004531176050597309
10153,8.487738866413963e-6,0.0004529322386267638
10154,8.479463902588691e-6,0.00045274694817552114
10155,8.471196574433293e-6,0.0004525617336744829
10156,8.462936878395055e-6,0.0004523765950922472
10157,8.454684807368551e-6,0.0004521915323977173
10158,8.44644035602471e-6,0.0004520065455596578
10159,8.438203514593567e-6,0.00045182163454726004
10160,8.429974279522412e-6,0.00045163679932866754
10161,8.421752642817637e-6,0.00045145203987304733
10162,8.413538596485637e-6,0.0004512673561491952
10163,8.405332136973698e-6,0.0004510827481257543
10164,8.397133257176392e-6,0.00045089821577198874
10165,8.388941947323758e-6,0.00045071375905642724
10166,8.380758203863081e-6,0.00045052937794830966
10167,8.372582021465291e-6,0.00045034507241601546
10168,8.364413390360426e-6,0.00045016084242871165
10169,8.356252304331235e-6,0.00044997668795533977
10170,8.348098759825007e-6,0.00044979260896506335
10171,8.339952747071777e-6,0.0004496086054266296
10172,8.331814259854298e-6,0.00044942467730892804
10173,8.323683295508033e-6,0.00044924082458062953
10174,8.315559841598485e-6,0.00044905704721096007
10175,8.307443896349298e-6,0.00044887334516947874
10176,8.299335450878687e-6,0.0004486897184248356
10177,8.291234498969402e-6,0.0004485061669454414
10178,8.283141036180552e-6,0.0004483226907011431
10179,8.275055051853997e-6,0.0004481392896604451
10180,8.2669765433252e-6,0.00044795596379297586
10181,8.258905502600555e-6,0.00044777271306737157
10182,8.250841922574637e-6,0.00044758953745265354
10183,8.242785797030194e-6,0.0004474064369185439
10184,8.234737124190872e-6,0.00044722341143333885
10185,8.226695888957636e-6,0.00044704046096671196
10186,8.218662091330486e-6,0.00044685758548738963
10187,8.210635725092175e-6,0.0004466747849652744
10188,8.202616780472738e-6,0.00044649205936846126
10189,8.194605250366749e-6,0.0004463094086669603
10190,8.186601131221494e-6,0.000446126832829713
10191,8.178604415043367e-6,0.00044594433182593846
10192,8.170615097391476e-6,0.0004457619056246233
10193,8.16263316760768e-6,0.00044557955419532655
10194,8.15465862569198e-6,0.00044539727750723956
10195,8.146691461874411e-6,0.00044521507552946343
10196,8.138731666385013e-6,0.00044503294823150866
10197,8.130779236559249e-6,0.00044485089558210164
10198,8.122834168844406e-6,0.0004446689175512629
10199,8.11489644902963e-6,0.00044448701410777433
10200,8.106966078003097e-6,0.0004443051852210493
10201,8.099043046883025e-6,0.00044412343086054976
10202,8.09112734678763e-6,0.00044394175099576536
10203,8.083218974164197e-6,0.00044376014559549537
10204,8.075317923683656e-6,0.00044357861462955214
10205,8.067424184687866e-6,0.0004433971580675121
10206,8.059537756288648e-6,0.00044321577587815714
10207,8.051658627827862e-6,0.0004430344680316431
10208,8.043786794864616e-6,0.0004428532344967137
10209,8.035922252069838e-6,0.000442672075242654
10210,8.028064992338102e-6,0.00044249099024294344
10211,8.020215006787623e-6,0.00044230997946046596
10212,8.01237229097751e-6,0.0004421290428672439
10213,8.004536841355048e-6,0.00044194818043305495
10214,7.996708646373918e-6,0.00044176739212770794
10215,7.988887703369585e-6,0.00044158667792031786
10216,7.981074004348443e-6,0.0004414060377808428
10217,7.973267546645957e-6,0.00044122547167826237
10218,7.965468318715807e-6,0.0004410449795825104
10219,7.95767631700528e-6,0.0004408645614630939
10220,7.949891536185305e-6,0.00044068421728944013
10221,7.942113968262277e-6,0.00044050394703122955
10222,7.934343606130767e-6,0.00044032375065810106
10223,7.926580445349884e-6,0.00044014362813967617
10224,7.91882447970238e-6,0.0004399635794457256
10225,7.911075702971004e-6,0.00043978360454532267
10226,7.903334106273974e-6,0.00043960370340826935
10227,7.89559968872311e-6,0.0004394238760048498
10228,7.88787243966027e-6,0.0004392441223040368
10229,7.880152353756387e-6,0.00043906444227597916
10230,7.872439424794209e-6,0.00043888483589024294
10231,7.864733649221023e-6,0.0004387053031159327
10232,7.857035014602332e-6,0.0004385258439237767
10233,7.849343519161778e-6,0.0004383464582832647
10234,7.841659159346648e-6,0.00043816714616362953
10235,7.8339819244988e-6,0.0004379879075346628
10236,7.826311807512809e-6,0.00043780874236668335
10237,7.818648808388673e-6,0.00043762965062903517
10238,7.810992912915538e-6,0.0004374506322917318
10239,7.803344124646117e-6,0.0004372716873244989
10240,7.795702428481377e-6,0.00043709281569711406
10241,7.788067820868605e-6,0.00043691401737966373
10242,7.780440297366908e-6,0.0004367352923415127
10243,7.772819849094503e-6,0.0004365566405532609
10244,7.765206472498676e-6,0.0004363780619838463
10245,7.757600161362177e-6,0.0004361995566038654
10246,7.750000909467758e-6,0.00043602112438303336
10247,7.742408711486348e-6,0.00043584276529133603
10248,7.734823555871628e-6,0.0004356644792981382
10249,7.727245444399955e-6,0.00043548626637410215
10250,7.719674365525009e-6,0.0004353081264886656
10251,7.712110314805898e-6,0.0004351300596121231
10252,7.704553284249016e-6,0.0004349520657144293
10253,7.69700327030165e-6,0.00043477414476538953
10254,7.68946026674655e-6,0.0004345962967348578
10255,7.681924265590112e-6,0.00043441852159320504
10256,7.6743952641678e-6,0.0004342408193104448
10257,7.66687325270965e-6,0.00043406318985616046
10258,7.659358229439306e-6,0.00043388563320109763
10259,7.65185018192227e-6,0.00043370814931449966
10260,7.644349107494008e-6,0.00043353073816717463
10261,7.636855003489984e-6,0.00043335339972863304
10262,7.629367861028413e-6,0.0004331761339693499
10263,7.6218876703393335e-6,0.00043299894085937693
10264,7.614414429646388e-6,0.0004328218203687867
10265,7.606948132732327e-6,0.00043264477246232613
10266,7.599488774268082e-6,0.0004324677971209098
10267,7.59203634359551e-6,0.0004322908943087331
10268,7.58459084160279e-6,0.0004321140639970897
10269,7.577152256743602e-6,0.00043193730615552484
10270,7.569720585465234e-6,0.00043176062075443375
10271,7.5622958215504354e-6,0.00043158400776340325
10272,7.554877957005601e-6,0.00043140746715329
10273,7.547466988278018e-6,0.00043123099889432956
10274,7.540062907374079e-6,0.00043105460295654596
10275,7.532665712517428e-6,0.0004308782793105495
10276,7.525275394826281e-6,0.0004307020279260311
10277,7.517891945418853e-6,0.0004305258487733339
10278,7.510515362518788e-6,0.0004303497418232799
10279,7.503145636356123e-6,0.00043017370704594507
10280,7.49578276604268e-6,0.0004299977444113673
10281,7.488426743584853e-6,0.00042982185389008054
10282,7.481077561877214e-6,0.0004296460354525286
10283,7.473735215590693e-6,0.00042947028906870424
10284,7.466399697619863e-6,0.0004292946147096757
10285,7.459071003523832e-6,0.0004291190123450368
10286,7.451749127973528e-6,0.0004289434819455401
10287,7.444434063863525e-6,0.00042876802348179935
10288,7.437125804976574e-6,0.0004285926369238559
10289,7.429824345095426e-6,0.00042841732224228185
10290,7.422529681555545e-6,0.00042824207940738226
10291,7.415241802810613e-6,0.0004280669083899305
10292,7.4079607097488065e-6,0.0004278918091599124
10293,7.400686391711986e-6,0.0004277167816884621
10294,7.39341884337108e-6,0.00042754182594554463
10295,7.386158061173376e-6,0.0004273669419019195
10296,7.37890403534891e-6,0.00042719212952794725
10297,7.371656762344969e-6,0.0004270173887940369
10298,7.364416236832483e-6,0.0004268427196708509
10299,7.357182451706024e-6,0.00042666812212909314
10300,7.349955404301056e-6,0.0004264935961395336
10301,7.34273508395944e-6,0.00042631914167215457
10302,7.335521488016639e-6,0.00042614475869746926
10303,7.328314608479047e-6,0.00042597044718669513
10304,7.321114442682131e-6,0.0004257962071102864
10305,7.313920980855926e-6,0.0004256220384386625
10306,7.306734218559541e-6,0.0004254479411425864
10307,7.29955415312844e-6,0.00042527391519257135
10308,7.292380774792662e-6,0.00042509996055947394
10309,7.285214079111313e-6,0.00042492607721375183
10310,7.278054059867145e-6,0.0004247522651263276
10311,7.270900712619266e-6,0.0004245785242673501
10312,7.263754030262248e-6,0.00042440485460829014
10313,7.256614006578843e-6,0.0004242312561196365
10314,7.249480638016337e-6,0.0004240577287719406
10315,7.2423539165811235e-6,0.0004238842725358613
10316,7.235233836944133e-6,0.0004237108873820228
10317,7.228120395552651e-6,0.0004235375732821525
10318,7.221013582636715e-6,0.0004233643302060004
10319,7.213913394643612e-6,0.00042319115812446476
10320,7.206819826244271e-6,0.0004230180570091169
10321,7.1997328712214426e-6,0.0004228450268297934
10322,7.192652524246057e-6,0.00042267206755818715
10323,7.185578778212687e-6,0.00042249917916435675
10324,7.178511627792261e-6,0.0004223263616198597
10325,7.171451066767531e-6,0.00042215361489482406
10326,7.16439709336214e-6,0.0004219809389607865
10327,7.157349696917947e-6,0.000421808333788333
10328,7.150308874770417e-6,0.00042163579934850065
10329,7.143274618037765e-6,0.00042146333561215304
10330,7.1362469249436344e-6,0.0004212909425499317
10331,7.129225786606241e-6,0.00042111862013340107
10332,7.122211199472872e-6,0.0004209463683326753
10333,7.115203158214456e-6,0.000420774187119409
10334,7.10820165306103e-6,0.0004206020764644519
10335,7.101206684012595e-6,0.00042043003633866066
10336,7.09421824041101e-6,0.0004202580667128017
10337,7.087236319591739e-6,0.0004200861675583735
10338,7.080260912672998e-6,0.00041991433884623966
10339,7.073292019654787e-6,0.00041974258054700356
10340,7.066329629878965e-6,0.00041957089263229205
10341,7.059373739792818e-6,0.00041939927507272587
10342,7.052424341402741e-6,0.0004192277278397896
10343,7.0454814347087336e-6,0.000419056250904281
10344,7.038545009940833e-6,0.0004188848442376082
10345,7.031615058217255e-6,0.00041871350781032615
10346,7.024691578649822e-6,0.0004185422415937806
10347,7.017774565909463e-6,0.00041837104555905377
10348,7.010864011114393e-6,0.00041819991967788003
10349,7.003959911600077e-6,0.0004180288639203493
10350,6.997062262037446e-6,0.0004178578782587962
10351,6.990171053544714e-6,0.00041768696266361247
10352,6.983286281680989e-6,0.0004175161171063174
10353,6.976407944669916e-6,0.00041734534155762545
10354,6.969536030076995e-6,0.00041717463598953466
10355,6.962670538790405e-6,0.00041700400037272475
10356,6.955811460152006e-6,0.00041683343467846176
10357,6.94895879238544e-6,0.000416662938877866
10358,6.942112529273459e-6,0.00041649251294254355
10359,6.9352726619342775e-6,0.000416322156843868
10360,6.9284391903678966e-6,0.00041615187055290756
10361,6.92161210125164e-6,0.00041598165404078957
10362,6.914791397250042e-6,0.0004158115072788564
10363,6.907977069481319e-6,0.00041564143023865505
10364,6.901169108175509e-6,0.00041547142289190264
10365,6.894367516885325e-6,0.0004153014852087203
10366,6.88757228228809e-6,0.0004151316171615675
10367,6.880783402607449e-6,0.00041496181872142934
10368,6.874000870737973e-6,0.0004147920898594816
10369,6.867224679574235e-6,0.00041462243054744136
10370,6.860454827339879e-6,0.0004144528407565573
10371,6.8536913060412985e-6,0.00041428332045823427
10372,6.846934113013958e-6,0.00041411386962412686
10373,6.840183236711539e-6,0.00041394448822540397
10374,6.833438680686754e-6,0.00041377517623360574
10375,6.826700431616928e-6,0.0004136059336202133
10376,6.819968486837524e-6,0.00041343676035698884
10377,6.813242841019473e-6,0.0004132676564147682
10378,6.8065234888337045e-6,0.0004130986217653308
10379,6.79981042317479e-6,0.0004129296563801371
10380,6.793103641378195e-6,0.0004127607602310915
10381,6.786403135450314e-6,0.00041259193328915464
10382,6.779708900062076e-6,0.0004124231755263663
10383,6.7730209325489454e-6,0.0004122544869142944
10384,6.76633922314096e-6,0.00041208586742386144
10385,6.759663770949942e-6,0.00041191731702732923
10386,6.752994566205928e-6,0.0004117488356959187
10387,6.746331605356204e-6,0.0004115804234016106
10388,6.739674884848057e-6,0.0004114120801152442
10389,6.733024398464238e-6,0.0004112438058094872
10390,6.726380138211141e-6,0.0004110756004553663
10391,6.719742101424231e-6,0.0004109074640243765
10392,6.713110276557188e-6,0.0004107393964886061
10393,6.706484671603619e-6,0.0004105713978194529
10394,6.6998652661354186e-6,0.0004104034679887347
10395,6.693252063705302e-6,0.0004102356069679812
10396,6.6866450589841975e-6,0.00041006781472913145
10397,6.6800442404257865e-6,0.0004099000912437985
10398,6.67344960714189e-6,0.00040973243648393526
10399,6.666861153803438e-6,0.0004095648504208148
10400,6.660278874193182e-6,0.0004093973330262131
10401,6.653702764758407e-6,0.00040922988427254114
10402,6.6471328148409725e-6,0.0004090625041311864
10403,6.640569022664522e-6,0.00040889519257343923
10404,6.6340113846763415e-6,0.00040872794957214076
10405,6.6274598928828254e-6,0.00040856077509838704
10406,6.6209145428430816e-6,0.0004083936691240686
10407,6.614375329228039e-6,0.00040822663162094763
10408,6.607842247596807e-6,0.00040805966256126855
10409,6.601315289955778e-6,0.00040789276191672066
10410,6.594794451864061e-6,0.00040772592965881635
10411,6.588279730657121e-6,0.0004075591657600533
10412,6.581771116564994e-6,0.00040739247019164204
10413,6.575268609587681e-6,0.0004072258429265209
10414,6.568772198178863e-6,0.0004070592839354459
10415,6.56228188145036e-6,0.00040689279319069613
10416,6.555797653184925e-6,0.0004067263706647138
10417,6.549319508053486e-6,0.0004065600163289211
10418,6.542847440726973e-6,0.00040639373015557284
10419,6.536381447652673e-6,0.0004062275121165526
10420,6.5299215199488e-6,0.0004060613621837163
10421,6.523467650509929e-6,0.0004058952803294297
10422,6.517019841112415e-6,0.0004057292665250317
10423,6.510578082874474e-6,0.0004055633207433462
10424,6.504142369578858e-6,0.0004053974429557433
10425,6.49771269944921e-6,0.0004052316331346652
10426,6.491289061827388e-6,0.0004050658912520544
10427,6.484871454048857e-6,0.00040490021728034967
10428,6.478459873449083e-6,0.000404734611190484
10429,6.47205431114628e-6,0.00040456907295587444
10430,6.4656547626995575e-6,0.000404403602548363
10431,6.459261225444379e-6,0.00040423819993914284
10432,6.452873690498961e-6,0.0004040728651013223
10433,6.446492153422412e-6,0.0004039075980065837
10434,6.440116613326552e-6,0.0004037423986275532
10435,6.4337470586650625e-6,0.0004035772669355904
10436,6.427383486773408e-6,0.00040341220290356083
10437,6.421025892322518e-6,0.0004032472065029456
10438,6.414674272647858e-6,0.00040308227770706473
10439,6.408328617979464e-6,0.0004029174164869413
10440,6.401988928317337e-6,0.0004027526228156768
10441,6.395655193003336e-6,0.0004025878966647384
10442,6.389327409372925e-6,0.0004024232380072344
10443,6.3830055720970336e-6,0.0004022586468146322
10444,6.376689678511127e-6,0.0004020941230595508
10445,6.370379717957064e-6,0.0004019296667142694
10446,6.364075689546667e-6,0.0004017652777509352
10447,6.357777588839042e-6,0.00040160095614195576
10448,6.351485407840585e-6,0.00040143670185994323
10449,6.345199142110403e-6,0.00040127251487624
10450,6.338918785431247e-6,0.0004011083951645823
10451,6.332644335138582e-6,0.0004009443426960489
10452,6.326375785015159e-6,0.00040078035744376544
10453,6.320113129731908e-6,0.0004006164393799208
10454,6.3138563675124715e-6,0.0004004525884765027
10455,6.307605482369638e-6,0.000400288804706609
10456,6.301360482297014e-6,0.0004001250880423801
10457,6.295121357524636e-6,0.0003999614384555747
10458,6.288888097394363e-6,0.000399797855919648
10459,6.282660705458909e-6,0.00039963434040624773
10460,6.276439168395598e-6,0.00039947089188798954
10461,6.270223487980786e-6,0.00039930751033763826
10462,6.264013656220868e-6,0.0003991441957276083
10463,6.257809667786773e-6,0.0003989809480301684
10464,6.251611517349431e-6,0.00039881776721809384
10465,6.245419202244307e-6,0.0003986546532635006
10466,6.239232714477794e-6,0.0003984916061392403
10467,6.233052048720822e-6,0.00039832862581730064
10468,6.226877202308856e-6,0.00039816571227129643
10469,6.220708169912825e-6,0.0003980028654725666
10470,6.214544944427303e-6,0.00039784008539442764
10471,6.2083875205232175e-6,0.0003976773720092801
10472,6.2022358973123914e-6,0.00039751472528950366
10473,6.196090066801219e-6,0.0003973521452078771
10474,6.189950020996093e-6,0.00039718963173717564
10475,6.183815759897016e-6,0.0003970271848493731
10476,6.177687277286736e-6,0.00039686480451804965
10477,6.171564566948007e-6,0.00039670249071541847
10478,6.165447624439935e-6,0.00039654024341376215
10479,6.1593364417689145e-6,0.0003963780625861925
10480,6.153231018934946e-6,0.0003962159482048984
10481,6.147131351497137e-6,0.0003960539002431651
10482,6.1410374261328116e-6,0.0003958919186734487
10483,6.13494924817104e-6,0.0003957300034685522
10484,6.128866804289146e-6,0.00039556815460098024
10485,6.122790094487129e-6,0.00039540637204346987
10486,6.116719109883206e-6,0.00039524465576902534
10487,6.110653849589198e-6,0.000395083005749957
10488,6.1045943082760346e-6,0.00039492142195926214
10489,6.098540478838288e-6,0.0003947599043701809
10490,6.092492355946888e-6,0.0003945984529550063
10491,6.086449932496407e-6,0.00039443706768626727
10492,6.080413212039559e-6,0.0003942757485373462
10493,6.07438218036549e-6,0.00039411449548077196
10494,6.068356840138733e-6,0.00039395330848931986
10495,6.062337179812971e-6,0.00039379218753627515
10496,6.056323195835489e-6,0.0003936311325942708
10497,6.0503148864299305e-6,0.0003934701436356623
10498,6.04431224360269e-6,0.0003933092206339431
10499,6.038315266465588e-6,0.00039314836356170793
10500,6.032323942584128e-6,0.00039298757239204785
10501,6.026338273734666e-6,0.00039282684709767215
10502,6.020358254588132e-6,0.0003926661876517794
10503,6.0143838771509195e-6,0.00039250559402686375
10504,6.0084151378703154e-6,0.00039234506619638745
10505,6.002452031417249e-6,0.00039218460413281003
10506,5.9964945533508285e-6,0.0003920242078095208
10507,5.990542699230161e-6,0.0003918638771991008
10508,5.984596462837999e-6,0.0003917036122751648
10509,5.978655839733449e-6,0.0003915434130100197
10510,5.972720824587441e-6,0.0003913832793771589
10511,5.9667914147354395e-6,0.0003912232113491218
10512,5.960867603960196e-6,0.00039106320889931503
10513,5.954949386044461e-6,0.00039090327200110367
10514,5.949036759211879e-6,0.00039074340062656907
10515,5.943129711916129e-6,0.00039058359474967996
10516,5.937228248598103e-6,0.00039042385434297916
10517,5.931332357711483e-6,0.00039026417937969293
10518,5.925442036591733e-6,0.0003901045698334049
10519,5.919557276357068e-6,0.00038994502567652606
10520,5.913678081448381e-6,0.0003897855468827198
10521,5.907804438542996e-6,0.0003896261334245289
10522,5.9019363476409126e-6,0.00038946678527547116
10523,5.896073800748525e-6,0.0003893075024087103
10524,5.890216794313119e-6,0.000389148284797549
10525,5.884365323893803e-6,0.0003889891324146584
10526,5.878519386826042e-6,0.00038883004523395173
10527,5.872678972451695e-6,0.0003886710232280238
10528,5.866844078106226e-6,0.0003885120663703265
10529,5.861014702901457e-6,0.00038835317463397495
10530,5.855190833514712e-6,0.0003881943479925043
10531,5.849372477051418e-6,0.00038803558641885283
10532,5.8435596184125416e-6,0.00038787688988598315
10533,5.83775225937444e-6,0.00038771825836780155
10534,5.831950391055329e-6,0.00038755969183741634
10535,5.826154012567031e-6,0.000387401190268033
10536,5.820363112363225e-6,0.00038724275363266614
10537,5.814577690443912e-6,0.0003870843819052429
10538,5.808797744144556e-6,0.0003869260750587987
10539,5.803023265471552e-6,0.00038676783306652515
10540,5.797254249984007e-6,0.000386609655901711
10541,5.791490692352852e-6,0.00038645154353792247
10542,5.7857325881371935e-6,0.0003862934959483928
10543,5.779979933784318e-6,0.000386135513106952
10544,5.7742327230769774e-6,0.0003859775949861012
10545,5.768490953350636e-6,0.0003858197415598473
10546,5.762754618388044e-6,0.00038566195280169413
10547,5.757023711971954e-6,0.0003855042286849131
10548,5.751298233214186e-6,0.00038534656918272694
10549,5.745578173232957e-6,0.0003851889742686222
10550,5.739863527587374e-6,0.00038503144391642194
10551,5.7341542945010815e-6,0.00038487397809907134
10552,5.728450467756829e-6,0.0003847165767906051
10553,5.722752043801904e-6,0.00038455923996409333
10554,5.717059016419057e-6,0.00038440196759309195
10555,5.711371380279218e-6,0.0003842447596512956
10556,5.705689131829672e-6,0.0003840876161121595
10557,5.7000122648531715e-6,0.0003839305369491147
10558,5.694340775797002e-6,0.0003837735221358038
10559,5.688674662884807e-6,0.0003836165716455814
10560,5.683013916346624e-6,0.00038345968545200684
10561,5.677358532629739e-6,0.0003833028635293993
10562,5.671708512622331e-6,0.0003831461058504057
10563,5.666063841225366e-6,0.00038298941238884554
10564,5.660424524656094e-6,0.00038283278311856614
10565,5.654790551368194e-6,0.00038267621801317195
10566,5.6491619195853104e-6,0.0003825197170459482
10567,5.643538622202016e-6,0.00038236328019101984
10568,5.637920656553774e-6,0.00038220690742162694
10569,5.632308015535159e-6,0.0003820505987117001
10570,5.6267006982579915e-6,0.0003818943540349687
10571,5.621098697616844e-6,0.0003817381733648012
10572,5.615502010059004e-6,0.0003815820566752358
10573,5.609910630255399e-6,0.00038142600393911014
10574,5.604324553765139e-6,0.00038127001513138525
10575,5.598743773482795e-6,0.00038111409022564477
10576,5.593168291184725e-6,0.0003809582291944731
10577,5.58759809443643e-6,0.0003808024320128417
10578,5.5820331841260895e-6,0.0003806466986538415
10579,5.576473552260097e-6,0.0003804910290912643
10580,5.570919197062096e-6,0.0003803354232991066
10581,5.565370115867552e-6,0.0003801798812512712
10582,5.559826296241965e-6,0.00038002440292134176
10583,5.5542877408498725e-6,0.0003798689882832801
10584,5.5487544416976675e-6,0.00037971363731064897
10585,5.543226394344458e-6,0.0003795583499778439
10586,5.537703593461174e-6,0.0003794031262578969
10587,5.532186038159637e-6,0.0003792479661253144
10588,5.526673721334419e-6,0.00037909286955361415
10589,5.521166638544628e-6,0.0003789378365169141
10590,5.515664782684837e-6,0.0003787828669889713
10591,5.510168155531403e-6,0.0003786279609435256
10592,5.504676742873471e-6,0.0003784731183546393
10593,5.49919055092829e-6,0.00037831833919635405
10594,5.493709568149541e-6,0.00037816362344282595
10595,5.4882337918726876e-6,0.0003780089710674131
10596,5.4827632194331954e-6,0.00037785438204436875
10597,5.47729784194928e-6,0.0003776998563480051
10598,5.471837658532763e-6,0.00037754539395129863
10599,5.466382665630931e-6,0.00037739099482932137
10600,5.460932851697464e-6,0.0003772366589554349
10601,5.4554882185087195e-6,0.00037708238630389246
10602,5.450048761623805e-6,0.00037692817684877034
10603,5.444614474825471e-6,0.00037677403056372155
10604,5.439185353672826e-6,0.00037661994742344343
10605,5.4337613937249785e-6,0.00037646592740102347
10606,5.4283425878765e-6,0.00037631197047168635
10607,5.42292893701557e-6,0.0003761580766084467
10608,5.417520432260403e-6,0.00037600424578576944
10609,5.412117071834643e-6,0.0003758504779783761
10610,5.406718847744685e-6,0.0003756967731594722
10611,5.401325760878706e-6,0.00037554313130333875
10612,5.395937802354922e-6,0.00037538955238447524
10613,5.39055496862062e-6,0.0003752360363770135
10614,5.385177253458551e-6,0.0003750825832545268
10615,5.379804655980536e-6,0.0003749291929919969
10616,5.3744371708575045e-6,0.00037477586556276116
10617,5.369074791872208e-6,0.0003746226009415446
10618,5.3637175145837546e-6,0.0003744693991025866
10619,5.3583653363276085e-6,0.0003743162600196963
10620,5.353018252662878e-6,0.00037416318366729345
10621,5.347676260036849e-6,0.00037401017001984296
10622,5.342339350455916e-6,0.0003738572190509805
10623,5.337007518591008e-6,0.00037370433073522294
10624,5.331680763553948e-6,0.0003735515050469866
10625,5.32635908179202e-6,0.0003733987419608058
10626,5.321042465311621e-6,0.00037324604145002466
10627,5.31573091322457e-6,0.00037309340348993386
10628,5.310424417537263e-6,0.00037294082805426274
10629,5.305122975585164e-6,0.00037278831511738594
10630,5.299826583815559e-6,0.00037263586465382387
10631,5.2945352377875565e-6,0.00037248347663770137
10632,5.289248930395729e-6,0.00037233115104344516
10633,5.283967658087363e-6,0.00037217888784522174
10634,5.278691419086101e-6,0.00037202668701778394
10635,5.2734202062865165e-6,0.0003718745485352809
10636,5.268154017912252e-6,0.00037172247237165015
10637,5.262892845969702e-6,0.00037157045850215106
10638,5.25763668868251e-6,0.0003714185069008599
10639,5.252385539833426e-6,0.00037126661754165527
10640,5.247139398534273e-6,0.0003711147903997722
10641,5.241898255015087e-6,0.0003709630254491447
10642,5.236662108387691e-6,0.00037081132266431754
10643,5.231430954211191e-6,0.00037065968201945715
10644,5.226204790709232e-6,0.0003705081034895315
10645,5.220983606335494e-6,0.0003703565870487903
10646,5.215767401978155e-6,0.0003702051326723195
10647,5.210556172308145e-6,0.00037005374033341823
10648,5.20534991377275e-6,0.00036990241000724525
10649,5.2001486192665425e-6,0.00036975114166870604
10650,5.1949522861249875e-6,0.00036959993529174853
10651,5.189760910795371e-6,0.0003694487908506676
10652,5.184574488836802e-6,0.00036929770832102443
10653,5.17939301403203e-6,0.0003691466876768676
10654,5.174216484604699e-6,0.000368995728892315
10655,5.1690448934493816e-6,0.0003688448319422964
10656,5.163878236125186e-6,0.0003686939968015508
10657,5.1587165135202895e-6,0.0003685432234447443
10658,5.153559714088374e-6,0.00036839251184585947
10659,5.148407840493974e-6,0.0003682418619803812
10660,5.143260882078948e-6,0.00036809127382227136
10661,5.138118839731476e-6,0.0003679407473464562
10662,5.132981703681594e-6,0.0003677902825278863
10663,5.127849474817481e-6,0.00036763987934088777
10664,5.122722145145531e-6,0.0003674895377599116
10665,5.117599714665744e-6,0.0003673392577597731
10666,5.112482175384514e-6,0.00036718903931534305
10667,5.107369524637306e-6,0.00036703888240165877
10668,5.102261756206872e-6,0.0003668887869928174
10669,5.097158867428675e-6,0.00036673875306389436
10670,5.092060851197289e-6,0.0003665887805895003
10671,5.086967710177248e-6,0.00036643886954418683
10672,5.081879433710412e-6,0.00036628901990296697
10673,5.0767960182440675e-6,0.0003661392316409648
10674,5.071717462001857e-6,0.0003659895047322462
10675,5.06664375965471e-6,0.0003658398391521607
10676,5.061574906761734e-6,0.0003656902348751524
10677,5.056510897105682e-6,0.000365540691875766
10678,5.051451729798373e-6,0.00036539121012987147
10679,5.04639739862256e-6,0.00036524178961141324
10680,5.041347902690063e-6,0.0003650924302954703
10681,5.036303232230921e-6,0.0003649431321566532
10682,5.031263387245133e-6,0.00036479389517054747
10683,5.026228359739093e-6,0.00036464471931133
10684,5.021198147936445e-6,0.0003644956045537502
10685,5.016172748284475e-6,0.00036434655087334844
10686,5.01115215723047e-6,0.00036419755824499203
10687,5.006136366780822e-6,0.0003640486266429273
10688,5.001125374270998e-6,0.0003638997560426599
10689,4.9961191779246406e-6,0.000363750946419366
10690,4.9911177697481435e-6,0.00036360219774696917
10691,4.986121148853329e-6,0.0003634535100013256
10692,4.981129311687482e-6,0.0003633048831570597
10693,4.97614224936882e-6,0.0003631563171894135
10694,4.9711599601209855e-6,0.00036300781207298724
10695,4.966182441279443e-6,0.00036285936778294656
10696,4.961209686626944e-6,0.00036271098429469656
10697,4.956241691722596e-6,0.0003625626615824315
10698,4.951278455678221e-6,0.00036241439962174035
10699,4.946319971388391e-6,0.0003622661983877992
10700,4.941366236188571e-6,0.0003621180578551979
10701,4.936417244749691e-6,0.00036196997799902916
10702,4.9314729899663234e-6,0.00036182195879494797
10703,4.926533473614825e-6,0.00036167400021749896
10704,4.921598687701589e-6,0.0003615261022420005
10705,4.916668631338439e-6,0.00036137826484351765
10706,4.911743297419946e-6,0.0003612304879969247
10707,4.9068226815052185e-6,0.0003610827716773457
10708,4.901906780929721e-6,0.0003609351158604217
10709,4.896995593917097e-6,0.0003607875205210477
10710,4.892089108921027e-6,0.0003606399856340356
10711,4.887187329494225e-6,0.0003604925111748633
10712,4.882290246754906e-6,0.00036034509711867224
10713,4.8773978598148915e-6,0.0003601977434407391
10714,4.872510161568755e-6,0.0003600504501165176
10715,4.867627149351961e-6,0.00035990321712018117
10716,4.862748820499974e-6,0.00035975604442794323
10717,4.857875167907366e-6,0.0003596089320146295
10718,4.853006189797782e-6,0.0003594618798553016
10719,4.8481418808421495e-6,0.0003593148879257532
10720,4.843282239264113e-6,0.0003591679562008933
10721,4.838427257958244e-6,0.0003590210846559326
10722,4.833576932483652e-6,0.0003588742732662936
10723,4.828731261952157e-6,0.0003587275220074265
10724,4.823890239258333e-6,0.00035858083085404946
10725,4.8190538599612864e-6,0.0003584341997821157
10726,4.814222124949197e-6,0.000358287628766607
10727,4.809395022675744e-6,0.0003581411177824845
10728,4.804572558469999e-6,0.0003579946668058262
10729,4.799754717232929e-6,0.00035784827581205117
10730,4.794941505181782e-6,0.000357701944775482
10731,4.790132912546596e-6,0.0003575556736725577
10732,4.7853289357746576e-6,0.0003574094624779131
10733,4.780529573089609e-6,0.0003572633111673211
10734,4.775734818274202e-6,0.00035711721971613125
10735,4.770944663334831e-6,0.0003569711881000505
10736,4.766159111824209e-6,0.00035682521629382125
10737,4.761378157525087e-6,0.00035667930427346964
10738,4.7566017942202166e-6,0.00035653345201390463
10739,4.751830018356884e-6,0.0003563876594907013
10740,4.747062829046911e-6,0.000356241926679976
10741,4.742300218296691e-6,0.00035609625355653013
10742,4.73754218344169e-6,0.00035595064009574795
10743,4.7327887218173714e-6,0.0003558050862739366
10744,4.72803982543013e-6,0.00035565959206584896
10745,4.723295496056323e-6,0.00035551415744681375
10746,4.718555724814166e-6,0.00035536878239324915
10747,4.713820509927302e-6,0.0003552234668798594
10748,4.709089844290304e-6,0.0003550782108823966
10749,4.7043637323440635e-6,0.0003549330143769111
10750,4.6996421607659045e-6,0.0003547878773381072
10751,4.694925129555827e-6,0.0003546427997424932
10752,4.690212631608404e-6,0.0003544977815648359
10753,4.68550466958817e-6,0.00035435282278091507
10754,4.680801234613341e-6,0.000354207923366788
10755,4.676102324907561e-6,0.0003540630832974019
10756,4.671407930700866e-6,0.0003539183025491298
10757,4.666718055545971e-6,0.00035377358109708185
10758,4.662032691449269e-6,0.0003536289189168505
10759,4.657351836634405e-6,0.00035348431598440644
10760,4.652675486660485e-6,0.0003533397722753212
10761,4.648003634422082e-6,0.0003531952877648889
10762,4.643336279919197e-6,0.0003530508624292987
10763,4.638673414270045e-6,0.00035290649624413264
10764,4.634015040139161e-6,0.000352762189184886
10765,4.629361151309297e-6,0.0003526179412274115
10766,4.624711738898668e-6,0.00035247375234730843
10767,4.620066806459988e-6,0.00035232962252069663
10768,4.615426345111473e-6,0.0003521855517228216
10769,4.610790352188587e-6,0.00035204153992970943
10770,4.6061588241386175e-6,0.0003518975871172024
10771,4.601531755632493e-6,0.0003517536932606015
10772,4.596909144005679e-6,0.0003516098583359051
10773,4.592290986593639e-6,0.00035146608231943766
10774,4.587677278067304e-6,0.000351322365186469
10775,4.5830680139857805e-6,0.00035117870691284483
10776,4.578463191684534e-6,0.0003510351074743068
10777,4.5738628040581375e-6,0.0003508915668472973
10778,4.56926685110659e-6,0.00035074808500680857
10779,4.564675327500822e-6,0.0003506046619288876
10780,4.560088230576298e-6,0.00035046129759002884
10781,4.5555055541157685e-6,0.0003503179919654813
10782,4.550927295454699e-6,0.00035017474503148266
10783,4.546353449264018e-6,0.00035003155676363584
10784,4.541784014655548e-6,0.0003498884271380641
10785,4.537218984523861e-6,0.00034974535613038066
10786,4.532658356204422e-6,0.00034960234371676085
10787,4.528102127032696e-6,0.0003494593898731059
10788,4.523550293455969e-6,0.0003493164945755252
10789,4.519002847480635e-6,0.00034917365779954176
10790,4.51445979177123e-6,0.00034903087952132747
10791,4.509921115669613e-6,0.00034888815971691883
10792,4.505386819175783e-6,0.000348745498362394
10793,4.500856898737027e-6,0.00034860289543347037
10794,4.496331348136096e-6,0.00034846035090615665
10795,4.491810164708454e-6,0.0003483178647569439
10796,4.487293346677745e-6,0.0003481754369612719
10797,4.482780886938542e-6,0.00034803306749520146
10798,4.478272781049952e-6,0.0003478907563351334
10799,4.473769030788333e-6,0.00034774850345695163
10800,4.469269626383721e-6,0.00034760630883673774
10801,4.464774566947938e-6,0.00034746417245063235
10802,4.4602838471519135e-6,0.00034732209427454017
10803,4.455797465219291e-6,0.00034718007428461567
10804,4.451315415821e-6,0.00034703811245696825
10805,4.446837696292505e-6,0.0003468962087679883
10806,4.442364297752022e-6,0.000346754363193133
10807,4.437895223752264e-6,0.0003466125757088448
10808,4.433430466299626e-6,0.00034647084629164243
10809,4.428970021841394e-6,0.0003463291749173508
10810,4.424513891265747e-6,0.00034618756156237426
10811,4.420062062138186e-6,0.0003460460062019409
10812,4.415614537123247e-6,0.0003459045088134993
10813,4.411171312668216e-6,0.00034576306937247545
10814,4.406732380779488e-6,0.00034562168785531866
10815,4.402297738792527e-6,0.00034548036423859285
10816,4.397867384930976e-6,0.0003453390984975123
10817,4.393441314753943e-6,0.00034519789060925843
10818,4.3890195238205365e-6,0.0003450567405496735
10819,4.384602008578042e-6,0.0003449156482948877
10820,4.3801887663619254e-6,0.0003447746138214927
10821,4.375779793619472e-6,0.00034463363710549033
10822,4.371375082357076e-6,0.0003444927181233924
10823,4.36697463168656e-6,0.00034435185685137426
10824,4.362578440719744e-6,0.0003442110532653267
10825,4.358186504127559e-6,0.00034407030734230973
10826,4.353798812140042e-6,0.0003439296190581101
10827,4.349415367421727e-6,0.00034378898838925004
10828,4.345036167308081e-6,0.00034364841531198814
10829,4.3406612029173175e-6,0.0003435078998029577
10830,4.3362904733612595e-6,0.00034336744183780313
10831,4.331923975087193e-6,0.0003432270413937129
10832,4.327561704542404e-6,0.00034308669844640774
10833,4.3232036581741795e-6,0.0003429464129726771
10834,4.3188498288770916e-6,0.0003428061849488524
10835,4.314500215762962e-6,0.0003426660143514351
10836,4.310154817943612e-6,0.0003425259011565554
10837,4.305813624760901e-6,0.0003423858453406453
10838,4.301476636214829e-6,0.00034224584688016466
10839,4.297143851417218e-6,0.00034210590575176406
10840,4.2928152614862825e-6,0.0003419660219318166
10841,4.288490867310202e-6,0.00034182619539670916
10842,4.28417066089537e-6,0.0003416864261232694
10843,4.27985464046543e-6,0.00034154671408707926
10844,4.275542804244026e-6,0.0003414070592657331
10845,4.271235147790264e-6,0.00034126746163501767
10846,4.266931663998719e-6,0.0003411279211714864
10847,4.262632353757567e-6,0.00034098843785215077
10848,4.2583372099613825e-6,0.0003408490116531826
10849,4.254046229057451e-6,0.0003407096425507572
10850,4.2497594128221294e-6,0.00034057033052181315
10851,4.24547674882092e-6,0.0003404310755433758
10852,4.241198237942001e-6,0.0003402918775912214
10853,4.236923880185373e-6,0.00034015273664250376
10854,4.232653664892894e-6,0.00034001365267311706
10855,4.228387592064564e-6,0.0003398746256605967
10856,4.224125659924027e-6,0.0003397356555807189
10857,4.219867860477677e-6,0.0003395967424103946
10858,4.2156141919491574e-6,0.00033945788612669767
10859,4.211364653450289e-6,0.0003393190867053905
10860,4.207119236987467e-6,0.0003391803441235783
10861,4.202877938119798e-6,0.0003390416583583314
10862,4.198640759511818e-6,0.00033890302938589106
10863,4.194407692281743e-6,0.00033876445718267895
10864,4.190178735541394e-6,0.00033862594172577587
10865,4.185953883961702e-6,0.0003384874829917353
10866,4.181733131325416e-6,0.0003383490809569928
10867,4.177516479408894e-6,0.0003382107355990385
10868,4.173303922883065e-6,0.00033807244689363844
10869,4.169095456418859e-6,0.00033793421481841807
10870,4.164891079128097e-6,0.000337796039349747
10871,4.16069078479353e-6,0.000337657920464203
10872,4.156494572526981e-6,0.00033751985813846794
10873,4.152302433446664e-6,0.0003373818523495324
10874,4.148114371105294e-6,0.00033724390307421706
10875,4.14393037395655e-6,0.00033710601028934944
10876,4.139750444664969e-6,0.00033696817397143794
10877,4.13557457790148e-6,0.0003368303940977993
10878,4.131402771889725e-6,0.000336692670644817
10879,4.1272350186360995e-6,0.00033655500358938453
10880,4.123071317252425e-6,0.0003364173929080831
10881,4.118911665962344e-6,0.00033627983857854524
10882,4.114756053219537e-6,0.0003361423405771301
10883,4.110604487017611e-6,0.0003360048988805091
10884,4.106456955810245e-6,0.00033586751346577695
10885,4.102313457821083e-6,0.0003357301843103476
10886,4.09817399038559e-6,0.00033559291139008754
10887,4.094038549951051e-6,0.0003354556946823517
10888,4.089907134741111e-6,0.0003353185341644256
10889,4.0857797358739845e-6,0.0003351814298129009
10890,4.081656355126029e-6,0.00033504438160438313
10891,4.0775369836154596e-6,0.0003349073895164388
10892,4.073421623118634e-6,0.00033477045352570123
10893,4.069310266530124e-6,0.00033463357360914714
10894,4.065202912961752e-6,0.00033449674974396146
10895,4.061099556196268e-6,0.0003343599819070342
10896,4.057000196233673e-6,0.0003342232700744678
10897,4.052904824192183e-6,0.0003340866142248905
10898,4.048813444512689e-6,0.0003339500143344602
10899,4.044726044760694e-6,0.00033381347037973047
10900,4.040642624048019e-6,0.00033367698233845167
10901,4.036563186815556e-6,0.0003335405501876422
10902,4.032487718852451e-6,0.0003334041739037237
10903,4.028416219270525e-6,0.00033326785346438417
10904,4.024348688957957e-6,0.00033313158884665586
10905,4.0202851190329625e-6,0.00033299538002721715
10906,4.016225509495541e-6,0.00033285922698325643
10907,4.012169859457515e-6,0.00033272312969220494
10908,4.008118159148921e-6,0.00033258708813070637
10909,4.004070407681581e-6,0.0003324511022766083
10910,4.0000266006146035e-6,0.0003323151721060791
10911,3.995986737947987e-6,0.0003321792975967859
10912,3.9919508116881275e-6,0.0003320434787255945
10913,3.987918822723202e-6,0.00033190771547030387
10914,3.9838907630596054e-6,0.00033177200780720034
10915,3.979866630032802e-6,0.0003316363557144056
10916,3.9758464254191495e-6,0.0003315007591683655
10917,3.971830139448684e-6,0.0003313652181463067
10918,3.9678177712332285e-6,0.0003312297326253967
10919,3.96380931633189e-6,0.00033109430258323677
10920,3.9598047747446685e-6,0.0003309589279971749
10921,3.955804141142494e-6,0.00033082360884392065
10922,3.951807405755403e-6,0.00033068834510087755
10923,3.9478145748006455e-6,0.0003305531367453242
10924,3.943825639396437e-6,0.00033041798375444895
10925,3.93984059776642e-6,0.00033028288610579756
10926,3.9358594472460595e-6,0.00033014784377640577
10927,3.931882183394464e-6,0.00033001285674296235
10928,3.927908801770741e-6,0.0003298779249841545
10929,3.923939298822177e-6,0.00032974304847656344
10930,3.919973672772414e-6,0.00032960822719688837
10931,3.916011917404205e-6,0.00032947346112317463
10932,3.912054036270263e-6,0.0003293387502324892
10933,3.9081000178242675e-6,0.0003292040945026449
10934,3.90414986206622e-6,0.0003290694939105457
10935,3.900203565443405e-6,0.00032893494843333135
10936,3.896261124403111e-6,0.0003288004580487454
10937,3.89232253716898e-6,0.000328666022734167
10938,3.8883877957474056e-6,0.0003285316424668158
10939,3.8844569036911025e-6,0.00032839731722432777
10940,3.880529848565573e-6,0.0003282630469838878
10941,3.876606635699886e-6,0.000328128831722712
10942,3.872687258876795e-6,0.00032799467141881797
10943,3.868771711879049e-6,0.00032786056604875227
10944,3.86485999381847e-6,0.00032772651559128535
10945,3.8609520993659885e-6,0.00032759252002264455
10946,3.8570480285216036e-6,0.0003274585793205942
10947,3.8531477750680665e-6,0.0003273246934633253
10948,3.8492513372290205e-6,0.00032719086242725265
10949,3.845358710563573e-6,0.0003270570861902307
10950,3.8414698915190115e-6,0.00032692336473009315
10951,3.837584878318978e-6,0.00032678969802410474
10952,3.833703664746224e-6,0.0003266560860499118
10953,3.82982625080075e-6,0.0003265225287848554
10954,3.825952631153484e-6,0.00032638902620680393
10955,3.8220828013635355e-6,0.00032625557829264393
10956,3.818216760542725e-6,0.0003261221850203895
10957,3.81435450513834e-6,0.0003259888463675864
10958,3.8104960298213086e-6,0.00032585556231201976
10959,3.8066413337034533e-6,0.00032572233283072877
10960,3.80279041323206e-6,0.0003255891579019808
10961,3.798943260413523e-6,0.00032545603750248203
10962,3.7950998752478426e-6,0.00032532297161056226
10963,3.79126025684684e-6,0.000325189960203566
10964,3.7874243989932665e-6,0.00032505700325932
10965,3.7835922990225868e-6,0.00032492410075535966
10966,3.7797639542702655e-6,0.00032479125266935555
10967,3.7759393585190537e-6,0.0003246584589789159
10968,3.7721185135453084e-6,0.00032452571966127067
10969,3.7683014095790668e-6,0.0003243930346949718
10970,3.7644880501730427e-6,0.0003242604040568399
10971,3.7606784282218086e-6,0.0003241278277255101
10972,3.756872540172651e-6,0.0003239953056776053
10973,3.753070382472856e-6,0.0003238628378916253
10974,3.749271952457889e-6,0.00032373042434511237
10975,3.7454772465750352e-6,0.00032359806501574065
10976,3.7416862648242954e-6,0.0003234657598812085
10977,3.7378989992120637e-6,0.0003233335089193115
10978,3.7341154506265184e-6,0.0003232013121076821
10979,3.7303356101858753e-6,0.00032306916942419564
10980,3.72655948055467e-6,0.0003229370808467899
10981,3.722787053739296e-6,0.00032280504635293084
10982,3.719018329739754e-6,0.00032267306592069153
10983,3.715253303226973e-6,0.00032254113952769753
10984,3.7114919724245965e-6,0.00032240926715182416
10985,3.7077343337799107e-6,0.00032227744877069697
10986,3.7039803828520235e-6,0.0003221456843623405
10987,3.7002301169763996e-6,0.0003220139739046751
10988,3.696483534376682e-6,0.00032188231737522235
10989,3.692740627947444e-6,0.00032175071475252365
10990,3.6890013994650417e-6,0.0003216191660137639
10991,3.685265841824048e-6,0.0003214876711371585
10992,3.6815339523599278e-6,0.00032135623010049255
10993,3.677805731072681e-6,0.0003212248428812875
10994,3.6740811699687015e-6,0.00032109350945789053
10995,3.6703602690479897e-6,0.0003209622298084268
10996,3.6666430220932966e-6,0.0003208310039106467
10997,3.662929429104622e-6,0.00032069983174190866
10998,3.659219487417431e-6,0.000320568713281056
10999,3.655513188149939e-6,0.0003204376485053742
11000,3.6518105339666818e-6,0.0003203066373932209
11001,3.6481115195385883e-6,0.0003201756799218608
11002,3.6444161422011234e-6,0.0003200447760698562
11003,3.6407243966252167e-6,0.00031991392581554035
11004,3.637036280146333e-6,0.00031978312913637924
11005,3.6333517936526505e-6,0.000319652386010217
11006,3.6296709291505636e-6,0.00031952169641572686
11007,3.6259936830873585e-6,0.00031939106032998973
11008,3.6223200581275705e-6,0.0003192604777320085
11009,3.6186500436130586e-6,0.00031912994859950236
11010,3.6149836404320013e-6,0.00031899947291005523
11011,3.6113208450316847e-6,0.0003188690506422537
11012,3.607661655635752e-6,0.0003187386817740251
11013,3.604006065138776e-6,0.0003186083662832795
11014,3.600354073540757e-6,0.0003184781041485306
11015,3.596705676400802e-6,0.0003183478953471472
11016,3.593060871942555e-6,0.00031821773985784424
11017,3.589419653060588e-6,0.0003180876376587573
11018,3.58578202064308e-6,0.0003179575887277755
11019,3.582147971137317e-6,0.0003178275930428229
11020,3.5785175009905856e-6,0.00031769765058225347
11021,3.5748906057619934e-6,0.0003175677613242618
11022,3.5712672810106483e-6,0.0003174379252472055
11023,3.5676475267365504e-6,0.0003173081423288003
11024,3.5640313384988076e-6,0.0003171784125473101
11025,3.560418714521063e-6,0.00031704873588137353
11026,3.5568096494742463e-6,0.0003169191123088
11027,3.5532041398056435e-6,0.0003167895418078083
11028,3.5496021846270764e-6,0.000316660024356534
11029,3.5460037786094745e-6,0.00031653055993359144
11030,3.5424089199764808e-6,0.00031640114851659573
11031,3.5388176069517385e-6,0.0003162717900843971
11032,3.535229834206177e-6,0.0003161424846147773
11033,3.5316455990752615e-6,0.0003160132320862846
11034,3.528064896229921e-6,0.0003158840324771449
11035,3.524487726558334e-6,0.00031575488576550403
11036,3.520914088284144e-6,0.0003156257919296468
11037,3.517343969861031e-6,0.0003154967509480418
11038,3.5137773766180658e-6,0.0003153677627991021
11039,3.5102143005616426e-6,0.0003152388274605712
11040,3.50665474257994e-6,0.00031510994491110514
11041,3.5030986955675303e-6,0.00031498111512900245
11042,3.4995461559717e-6,0.000314852338092874
11043,3.4959971264569845e-6,0.00031472361378081376
11044,3.492451597253421e-6,0.0003145949421711376
11045,3.488909569249188e-6,0.00031446632324181115
11046,3.4853710388915715e-6,0.0003143377569723507
11047,3.48183600173968e-6,0.000314209243339917
11048,3.4783044551289777e-6,0.00031408078232395345
11049,3.474776397283108e-6,0.0003139523739021481
11050,3.471251823761179e-6,0.00031382401805276836
11051,3.467730730122298e-6,0.00031369571475469565
11052,3.4642131163664658e-6,0.000313567463986357
11053,3.4606989780527897e-6,0.0003134392657260683
11054,3.457188313404913e-6,0.0003133111199520519
11055,3.4536811153174085e-6,0.0003131830266430227
11056,3.4501773846784545e-6,0.00031305498577758467
11057,3.446677115270802e-6,0.00031292699733395657
11058,3.443180308870808e-6,0.00031279906129055846
11059,3.439686956596688e-6,0.0003126711776256473
11060,3.436197059336621e-6,0.00031254334631869093
11061,3.4327106108733574e-6,0.00031241556734723855
11062,3.429227612095076e-6,0.00031228784069021673
11063,3.425748057672706e-6,0.00031216016632600735
11064,3.422271943165356e-6,0.0003120325442331831
11065,3.4187992667966682e-6,0.0003119049743903375
11066,3.4153300285666433e-6,0.00031177745677601204
11067,3.411864220481675e-6,0.00031164999136865795
11068,3.4084018434299423e-6,0.0003115225781469798
11069,3.404942891194196e-6,0.00031139521708943574
11070,3.4014873611099006e-6,0.0003112679081749628
11071,3.398035252288878e-6,0.00031114065138128713
11072,3.3945865611784143e-6,0.000311013446688109
11073,3.3911412833376176e-6,0.00031088629407313023
11074,3.387699416990131e-6,0.00031075919351563827
11075,3.384260957695062e-6,0.00031063214499390396
11076,3.380825904564233e-6,0.00031050514848660754
11077,3.377394252268573e-6,0.0003103782039724119
11078,3.3739659981435466e-6,0.0003102513114298655
11079,3.370541140412797e-6,0.00031012447083796774
11080,3.367119673747254e-6,0.0003099976821754266
11081,3.363701600811453e-6,0.00030987094542008625
11082,3.3602869118354306e-6,0.00030974426055192447
11083,3.3568756068191874e-6,0.0003096176275486154
11084,3.3534676839863664e-6,0.0003094910463890821
11085,3.3500631388960755e-6,0.000309364517052553
11086,3.3466619671074227e-6,0.0003092380395170041
11087,3.3432641677322295e-6,0.0003091116137617575
11088,3.339869737217782e-6,0.00030898523976516726
11089,3.336478672011367e-6,0.0003088589175060316
11090,3.3330909685602705e-6,0.00030873264696359634
11091,3.3297066268644926e-6,0.0003086064281159172
11092,3.326325639818606e-6,0.0003084802609424342
11093,3.322948006534432e-6,0.0003083541454216715
11094,3.3195737270119707e-6,0.00030822808153199363
11095,3.3162027932576166e-6,0.00030810206925279554
11096,3.3128352052713694e-6,0.0003079761085627332
11097,3.3094709568359804e-6,0.0003078501994408511
11098,3.3061100479514494e-6,0.00030772434186538203
11099,3.3027524768414196e-6,0.000307598535815648
11100,3.299398234624107e-6,0.0003074727812701697
11101,3.296047324852225e-6,0.00030734707820799165
11102,3.29269974397306e-6,0.0003072214266082937
11103,3.289355485769363e-6,0.0003070958264491802
11104,3.286014545800242e-6,0.00030697027771009813
11105,3.282676925842054e-6,0.0003068447803701371
11106,3.279342622342085e-6,0.00030671933440788376
11107,3.276011629971265e-6,0.0003065939398017026
11108,3.2726839469532365e-6,0.000306468596531783
11109,3.269359571511643e-6,0.00030634330457576103
11110,3.266038496541057e-6,0.0003062180639136769
11111,3.2627207229296573e-6,0.00030609287452342676
11112,3.25940624712473e-6,0.0003059677363849572
11113,3.256095065573561e-6,0.0003058426494763518
11114,3.252787176499794e-6,0.00030571761377695336
11115,3.249482576350715e-6,0.0003055926292661326
11116,3.246181259797254e-6,0.0003054676959222333
11117,3.242883225951232e-6,0.00030534281372464334
11118,3.2395884739244707e-6,0.0003052179826522408
11119,3.2362969983878997e-6,0.0003050932026843027
11120,3.233008794900627e-6,0.0003049684737993115
11121,3.2297238652390092e-6,0.0003048437959768703
11122,3.2264422014094407e-6,0.0003047191691956247
11123,3.2231638034119214e-6,0.0003045945934346955
11124,3.2198886694700946e-6,0.0003044700686730753
11125,3.216616793366711e-6,0.0003043455948900167
11126,3.213348172437236e-6,0.0003042211720643284
11127,3.2100828075698473e-6,0.00030409680017558227
11128,3.206820693435475e-6,0.0003039724792027708
11129,3.2035618238168695e-6,0.00030384820912462973
11130,3.2003062031549234e-6,0.000303723989920391
11131,3.197053823456031e-6,0.0003035998215688042
11132,3.1938046802792996e-6,0.00030347570404975696
11133,3.1905587771774435e-6,0.00030335163734212384
11134,3.1873161052686783e-6,0.00030322762142510895
11135,3.184076664553004e-6,0.0003031036562775348
11136,3.1808404488131714e-6,0.0003029797418786194
11137,3.1776074633782514e-6,0.00030285587820777504
11138,3.174377694037389e-6,0.00030273206524424057
11139,3.1711511452314767e-6,0.00030260830296680724
11140,3.1679278151841572e-6,0.0003024845913547798
11141,3.1647076950136466e-6,0.0003023609303876157
11142,3.1614907882726584e-6,0.0003022373200444149
11143,3.1582770860794085e-6,0.00030211376030451695
11144,3.155066591098432e-6,0.0003019902511468796
11145,3.1518592971124804e-6,0.00030186679255056817
11146,3.1486552005688395e-6,0.0003017433844952691
11147,3.145454300579331e-6,0.0003016200269604398
11148,3.14225659447942e-6,0.00030149671992481253
11149,3.139062077828214e-6,0.00030137346336770246
11150,3.1358707506257133e-6,0.00030125025726882373
11151,3.132682604878312e-6,0.0003011271016069676
11152,3.129497643250545e-6,0.00030100399636134173
11153,3.126315859525164e-6,0.0003008809415121945
11154,3.123137254590347e-6,0.0003007579370376927
11155,3.1199618195643097e-6,0.0003006349829177274
11156,3.116789557999766e-6,0.00030051207913181846
11157,3.113620462791289e-6,0.00030038922565881615
11158,3.110454530386164e-6,0.0003002664224786636
11159,3.107291762560749e-6,0.0003001436695699751
11160,3.1041321522096155e-6,0.00030002096691258626
11161,3.100975699332764e-6,0.00029989831448591284
11162,3.097822399489303e-6,0.0002997757122690514
11163,3.094672250014696e-6,0.00029965316024163635
11164,3.0915252491325873e-6,0.0002995306583831042
11165,3.0883813932902626e-6,0.00029940820667257936
11166,3.085240679823187e-6,0.0002992858050895955
11167,3.0821031051786463e-6,0.00029916345361393967
11168,3.0789686666921057e-6,0.0002990411522243268
11169,3.075837364363565e-6,0.00029891890090077977
11170,3.0727091901994186e-6,0.0002987966996227144
11171,3.0695841486405584e-6,0.00029867454836928625
11172,3.0664622272524866e-6,0.00029855244712034823
11173,3.0633434313642738e-6,0.00029843039585493447
11174,3.0602277556468493e-6,0.000298308394552832
11175,3.0571151956593212e-6,0.0002981864431937202
11176,3.0540057514016894e-6,0.00029806454175679287
11177,3.0508994184330618e-6,0.0002979426902211327
11178,3.047796194088903e-6,0.00029782088856731073
11179,3.0446960739283213e-6,0.00029769913677354584
11180,3.0415990588394948e-6,0.00029757743482083585
11181,3.038505143493353e-6,0.0002974557826875904
11182,3.0354143252253607e-6,0.00029733418035391215
11183,3.032326604035518e-6,0.00029721262779919266
11184,3.0292419737065757e-6,0.0002970911250031044
11185,3.026160432462177e-6,0.0002969696719450146
11186,3.0230819767496087e-6,0.00029684826860446045
11187,3.0200066074570486e-6,0.00029672691496173895
11188,3.0169343174790697e-6,0.0002966056109957489
11189,3.0138651077038503e-6,0.0002964843566860241
11190,3.0107989701377846e-6,0.00029636315201268457
11191,3.007735909221765e-6,0.00029624199695512873
11192,3.0046759151858282e-6,0.000296120891492814
11193,3.00161899069451e-6,0.0002959998356054268
11194,2.9985651313069184e-6,0.00029587882927310447
11195,2.995514330805804e-6,0.000295757872475301
11196,2.992466590967524e-6,0.00029563696519091173
11197,2.9894219082393647e-6,0.00029551610740073675
11198,2.986380278180434e-6,0.00029539529908375467
11199,2.983341698126196e-6,0.00029527454021982535
11200,2.980306170741187e-6,0.0002951538307888399
11201,2.977273684479087e-6,0.0002950331707703771
11202,2.9742442420044313e-6,0.00029491256014429687
11203,2.9712178406526846e-6,0.00029479199888991087
11204,2.968194475982955e-6,0.00029467148698751264
11205,2.9651741453307068e-6,0.0002945510244162994
11206,2.962156846031405e-6,0.00029443061115640157
11207,2.9591425789732284e-6,0.0002943102471874466
11208,2.9561313334980355e-6,0.0002941899324891452
11209,2.953123114934897e-6,0.00029406966704159654
11210,2.9501179161783853e-6,0.00029394945082418175
11211,2.947115738116679e-6,0.00029382928381688905
11212,2.9441165727561724e-6,0.0002937091659995124
11213,2.9411204218732223e-6,0.00029358909735182834
11214,2.9381272810269365e-6,0.0002934690778536274
11215,2.93513714755278e-6,0.00029334910748504
11216,2.932150018786217e-6,0.00029322918622539176
11217,2.9291658938390697e-6,0.00029310931405477497
11218,2.9261847656059103e-6,0.0002929894909532993
11219,2.923206635863096e-6,0.0002928697169005817
11220,2.9202315001697343e-6,0.00029274999187633294
11221,2.9172593567494687e-6,0.00029263031586083954
11222,2.9142902002732285e-6,0.00029251068883380874
11223,2.911324028964657e-6,0.00029239111077462507
11224,2.9083608454882892e-6,0.00029227158166381453
11225,2.9054006400741628e-6,0.00029215210148137577
11226,2.902443411834099e-6,0.0002920326702065927
11227,2.89948915987992e-6,0.00029191328781992196
11228,2.896537879770733e-6,0.0002917939543010985
11229,2.8935895715065385e-6,0.0002916746696302909
11230,2.8906442288700873e-6,0.00029155543378715093
11231,2.8877018518613795e-6,0.0002914362467519166
11232,2.88476243781588e-6,0.0002913171085043263
11233,2.881825982292696e-6,0.00029119801902465284
11234,2.8788924852918285e-6,0.0002910789782924264
11235,2.875961940596028e-6,0.0002909599862877671
11236,2.873034347317116e-6,0.0002908410429910413
11237,2.870109701902379e-6,0.00029072214838176194
11238,2.867188006128174e-6,0.00029060330244041685
11239,2.864269250224538e-6,0.00029048450514723365
11240,2.8613534386323636e-6,0.00029036575648096197
11241,2.858440562469866e-6,0.0002902470564232727
11242,2.8555306208488673e-6,0.00029012840495337006
11243,2.8526236146575457e-6,0.00029000980205116933
11244,2.8497195403431874e-6,0.0002898912476966588
11245,2.846818392576722e-6,0.000289772741870805
11246,2.8439201713581497e-6,0.00028965428455280523
11247,2.8410248686938644e-6,0.0002895358757235636
11248,2.8381324890247583e-6,0.00028941751536214894
11249,2.8352430279099394e-6,0.0002892992034495695
11250,2.8323564791321587e-6,0.0002891809399652584
11251,2.829472842691416e-6,0.00028906272488981796
11252,2.8265921159231766e-6,0.0002889445582032017
11253,2.8237142961629047e-6,0.00028882643988600507
11254,2.8208393807460652e-6,0.0002887083699173419
11255,2.8179673687844797e-6,0.0002885903482783732
11256,2.815098253172721e-6,0.00028847237494896913
11257,2.8122320339107887e-6,0.00028835444990887166
11258,2.809368710998683e-6,0.00028823657313891554
11259,2.8065082782191553e-6,0.0002881187446184194
11260,2.8036507337958483e-6,0.00028800096432876274
11261,2.8007960759524053e-6,0.0002878832322495209
11262,2.797944302024291e-6,0.00028776554836063006
11263,2.795095406682435e-6,0.0002876479126428452
11264,2.7922493917031943e-6,0.00028753032507620666
11265,2.7894062508693196e-6,0.0002874127856406193
11266,2.786565985957168e-6,0.0002872952943169943
11267,2.7837285889731334e-6,0.0002871778510849868
11268,2.7808940634699297e-6,0.000287060455925154
11269,2.778062398789416e-6,0.0002869431088180184
11270,2.7752336002606626e-6,0.0002868258097430791
11271,2.772407660778242e-6,0.0002867085586817815
11272,2.769584580342155e-6,0.0002865913556130695
11273,2.7667643527351515e-6,0.00028647420051833294
11274,2.763946979733589e-6,0.0002863570933771403
11275,2.7611324568965756e-6,0.00028624003417044436
11276,2.758320780671397e-6,0.000286123022878039
11277,2.755511951058054e-6,0.00028600605948091856
11278,2.7527059627274753e-6,0.0002858891439586758
11279,2.749902813015126e-6,0.00028577227629210736
11280,2.747102503697363e-6,0.00028565545646161775
11281,2.7443050250042234e-6,0.0002855386844473583
11282,2.741510380488421e-6,0.00028542196022956004
11283,2.738718567485421e-6,0.0002853052837889329
11284,2.735929580666152e-6,0.0002851886551057878
11285,2.7331434191424364e-6,0.0002850720741606333
11286,2.7303600775852033e-6,0.0002849555409339087
11287,2.7275795551062743e-6,0.00028483905540579654
11288,2.7248018517056494e-6,0.00028472261755656605
11289,2.722026963830615e-6,0.00028460622736703467
11290,2.7192548843757436e-6,0.0002844898848179851
11291,2.716485616893749e-6,0.00028437358988856604
11292,2.7137191551673823e-6,0.000284257342560542
11293,2.7109554991966434e-6,0.0002841411428139047
11294,2.70819464454064e-6,0.0002840249906290275
11295,2.705436587646659e-6,0.00028390888598654046
11296,2.702681330291057e-6,0.000283792828867091
11297,2.699928865368406e-6,0.00028367681925068125
11298,2.6971791919905286e-6,0.000283560857118198
11299,2.694432310157424e-6,0.00028344494245008747
11300,2.691688213651844e-6,0.0002833290752270422
11301,2.6889469024737878e-6,0.0002832132554290781
11302,2.6862083695178285e-6,0.0002830974830375921
11303,2.683472619224858e-6,0.0002829817580322254
11304,2.680739646265806e-6,0.0002828660803936775
11305,2.6780094479761374e-6,0.00028275045010315095
11306,2.675282016362246e-6,0.0002826348671408005
11307,2.672557360305916e-6,0.00028251933148725275
11308,2.6698354691490067e-6,0.00028240384312309616
11309,2.6671163420033395e-6,0.00028228840202869365
11310,2.6643999753162007e-6,0.00028217300818508123
11311,2.6616863699757687e-6,0.0002820576615726565
11312,2.658975520652973e-6,0.00028194236217176163
11313,2.6562674264596353e-6,0.0002818271099634777
11314,2.653562082066685e-6,0.00028171190492839657
11315,2.6508594901386573e-6,0.00028159674704697144
11316,2.648159643570125e-6,0.0002814816362994958
11317,2.645462542361088e-6,0.0002813665726673596
11318,2.6427681838470107e-6,0.00028125155613110964
11319,2.64007656447518e-6,0.00028113658667093533
11320,2.637387680692882e-6,0.00028102166426801495
11321,2.634701535164652e-6,0.00028090678890259346
11322,2.6320181190087055e-6,0.0002807919605556583
11323,2.629337432225043e-6,0.0002806771792082212
11324,2.6266594757018424e-6,0.00028056244484036055
11325,2.623984238780963e-6,0.0002804477574328175
11326,2.6213117285678322e-6,0.0002803331169672456
11327,2.618641937068844e-6,0.0002802185234233451
11328,2.615974865172177e-6,0.0002801039767822769
11329,2.613310506660582e-6,0.00027998947702454965
11330,2.610648860645881e-6,0.0002798750241311994
11331,2.6079899262398953e-6,0.0002797606180832621
11332,2.6053336981135544e-6,0.00027964625886129496
11333,2.6026801762668583e-6,0.00027953194644560544
11334,2.6000293571470934e-6,0.0002794176808178124
11335,2.597381237201546e-6,0.0002793034619575155
11336,2.5947358173183943e-6,0.00027918928984704133
11337,2.5920930912803897e-6,0.00027907516446595143
11338,2.5894530599757104e-6,0.000278961085795882
11339,2.5868157189634644e-6,0.00027884705381744576
11340,2.584181066467295e-6,0.00027873306851117913
11341,2.581549100710845e-6,0.0002786191298580522
11342,2.578919816365044e-6,0.00027850523783933684
11343,2.5762932125417137e-6,0.0002783913924354932
11344,2.573669291017211e-6,0.0002782775936275572
11345,2.5710480446861084e-6,0.00027816384139589187
11346,2.5684294726602275e-6,0.00027805013572252193
11347,2.5658135687223194e-6,0.00027793647658717544
11348,2.563200334648741e-6,0.0002778228639715337
11349,2.5605897695513136e-6,0.00027770929785607065
11350,2.5579818689891454e-6,0.00027759577822193335
11351,2.555376630297701e-6,0.0002774823050497935
11352,2.55277404814791e-6,0.00027736887832106524
11353,2.550174124316129e-6,0.0002772554980158305
11354,2.547576856137823e-6,0.0002771421641162737
11355,2.5449822400602784e-6,0.00027702887660249753
11356,2.5423902751953165e-6,0.00027691563545539574
11357,2.539800956213867e-6,0.0002768024406564519
11358,2.5372142831159294e-6,0.0002766892921865667
11359,2.5346302523487907e-6,0.000276576190026509
11360,2.5320488621360937e-6,0.00027646313415715523
11361,2.52947011158966e-6,0.0002763501245596836
11362,2.526893994492241e-6,0.00027623716121535566
11363,2.5243205099556576e-6,0.00027612424410469044
11364,2.5217496588680888e-6,0.00027601137320911254
11365,2.519181434124107e-6,0.00027589854850976897
11366,2.5166158357237123e-6,0.0002757857699871927
11367,2.514052864555083e-6,0.0002756730376228429
11368,2.511492511736435e-6,0.00027556035139756144
11369,2.5089347772677684e-6,0.0002754477112929428
11370,2.5063796602609045e-6,0.00027533511728936033
11371,2.50382715716313e-6,0.0002752225693678535
11372,2.501277267086266e-6,0.0002751100675103882
11373,2.4987299873657776e-6,0.0002749976116972093
11374,2.4961853153371294e-6,0.0002748852019099253
11375,2.4936432465594294e-6,0.000274772838129371
11376,2.491103780144499e-6,0.0002746605203370056
11377,2.4885669160923385e-6,0.00027454824851340376
11378,2.4860326499620555e-6,0.0002744360226401496
11379,2.483500974648223e-6,0.0002743238426980016
11380,2.4809718990326246e-6,0.00027421170866890124
11381,2.47844541245712e-6,0.0002740996205329409
11382,2.4759215131453516e-6,0.00027398757827242284
11383,2.4734001975446063e-6,0.00027387558186757477
11384,2.470881470095776e-6,0.00027376363130005715
11385,2.468365321028898e-6,0.0002736517265512946
11386,2.4658517547848646e-6,0.00027353986760180263
11387,2.46334076337007e-6,0.0002734280544328671
11388,2.460832346784514e-6,0.00027331628702665506
11389,2.4583265032518398e-6,0.00027320456536307144
11390,2.455823227442977e-6,0.0002730928894244082
11391,2.453322520246104e-6,0.000272981259191403
11392,2.4508243807730423e-6,0.00027286967464541095
11393,2.448328802806543e-6,0.000272758135767652
11394,2.4458357827938926e-6,0.00027264664253968604
11395,2.443345327840518e-6,0.0002725351949421882
11396,2.440857423735565e-6,0.0002724237929567497
11397,2.4383720731435687e-6,0.0002723124365648054
11398,2.435889274288172e-6,0.0002722011257477071
11399,2.433409026281197e-6,0.00027208986048629646
11400,2.430931324681751e-6,0.0002719786407622722
11401,2.4284561703780128e-6,0.00027186746655656277
11402,2.4259835536000196e-6,0.0002717563378510125
11403,2.4235134787886636e-6,0.0002716452546269246
11404,2.4210459415030527e-6,0.0002715342168649777
11405,2.41858093996683e-6,0.000271423224547606
11406,2.416118472403639e-6,0.00027131227765499893
11407,2.4136585352607653e-6,0.0002712013761690252
11408,2.4112011240973175e-6,0.00027109052007132095
11409,2.4087462442423657e-6,0.0002709797093432137
11410,2.4062938841495907e-6,0.000270868943965729
11411,2.4038440464835276e-6,0.0002707582239203504
11412,2.4013967294678196e-6,0.0002706475491885685
11413,2.398951929549753e-6,0.00027053691975167937
11414,2.3965096440647926e-6,0.0002704263355914893
11415,2.3940698712365815e-6,0.0002703157966891384
11416,2.3916326084005846e-6,0.00027020530302602
11417,2.389197853780445e-6,0.000270094854583635
11418,2.386765606487984e-6,0.0002699844513430992
11419,2.3843358620823096e-6,0.00026987409328656925
11420,2.3819086170107084e-6,0.0002697637803950603
11421,2.3794838739377155e-6,0.0002696535126500664
11422,2.377061624869725e-6,0.0002695432900334284
11423,2.3746418724712726e-6,0.0002694331125260019
11424,2.372224610525109e-6,0.0002693229801095688
11425,2.369809841695769e-6,0.0002692128927657897
11426,2.367397557989648e-6,0.00026910285047602664
11427,2.3649877611831016e-6,0.000268992853221902
11428,2.36258044594706e-6,0.0002688829009847432
11429,2.3601756149460584e-6,0.00026877299374632874
11430,2.357773260186491e-6,0.00026866313148810744
11431,2.3553733843328928e-6,0.0002685533141913339
11432,2.3529759802798367e-6,0.00026844354183788374
11433,2.350581047139144e-6,0.00026833381440947296
11434,2.348188586687172e-6,0.00026822413188727634
11435,2.3457985944830284e-6,0.0002681144942529197
11436,2.343411066085821e-6,0.00026800490148833414
11437,2.3410260014955497e-6,0.0002678953535748367
11438,2.3386433962713227e-6,0.000267785850494192
11439,2.336263251301318e-6,0.00026767639222788006
11440,2.333885563921001e-6,0.00026756697875728735
11441,2.331510327913122e-6,0.00026745761006453234
11442,2.3291375486067523e-6,0.0002673482861311263
11443,2.3267672144555718e-6,0.00026723900693843144
11444,2.324399329900473e-6,0.00026712977246814637
11445,2.3220338905005633e-6,0.00026702058270213283
11446,2.319670895367665e-6,0.00026691143762207215
11447,2.317310340060885e-6,0.00026680233720934726
11448,2.3149522245802245e-6,0.0002666932814459032
11449,2.3125965435966123e-6,0.0002665842703135565
11450,2.310243300662762e-6,0.0002664753037931525
11451,2.3078924868968897e-6,0.0002663663818673785
11452,2.305544104075352e-6,0.00026625750451757246
11453,2.303198149533614e-6,0.00026614867172547116
11454,2.30085462060714e-6,0.00026603988347239163
11455,2.2985135155195735e-6,0.00026593113974064664
11456,2.2961748280536654e-6,0.0002658224405120632
11457,2.293838563538486e-6,0.00026571378576783697
11458,2.291504715756787e-6,0.00026560517549000656
11459,2.289173281155854e-6,0.0002654966096604927
11460,2.2868442597356875e-6,0.0002653880882604702
11461,2.284517648831752e-6,0.0002652796112722969
11462,2.2821934457795123e-6,0.0002651711786774945
11463,2.2798716505789685e-6,0.0002650627904582717
11464,2.277552256124693e-6,0.0002649544465955708
11465,2.2752352633048645e-6,0.00026484614707193016
11466,2.272920673007661e-6,0.0002647378918690414
11467,2.2706084772394775e-6,0.0002646296809685929
11468,2.2682986768884916e-6,0.0002645215143521895
11469,2.2659912710665253e-6,0.00026441339200186653
11470,2.263686254444508e-6,0.0002643053139001518
11471,2.261383625246083e-6,0.00026419728002759213
11472,2.2590833852476067e-6,0.0002640892903670068
11473,2.2567855300081874e-6,0.0002639813448996227
11474,2.2544900541987545e-6,0.00026387344360826945
11475,2.252196959595665e-6,0.00026376558647362575
11476,2.249906243534383e-6,0.0002636577734786705
11477,2.2476179006858388e-6,0.0002635500046041517
11478,2.2453319328263888e-6,0.00026344227983311416
11479,2.2430483372914978e-6,0.0002633345991467084
11480,2.240767112304809e-6,0.00026322696252726804
11481,2.238488250760895e-6,0.00026311936995648474
11482,2.236211755324291e-6,0.0002630118214163521
11483,2.233937623330462e-6,0.000262904316888659
11484,2.2316658521148725e-6,0.0002627968563557771
11485,2.2293964399011656e-6,0.0002626894397993254
11486,2.227129381360271e-6,0.0002625820672011829
11487,2.224864679156724e-6,0.00026247473854363115
11488,2.222602328849632e-6,0.0002623674538085041
11489,2.2203423277744605e-6,0.0002622602129775907
11490,2.2180846768193874e-6,0.00026215301603299546
11491,2.2158293688789854e-6,0.00026204586295714566
11492,2.2135764057296115e-6,0.00026193875373133405
11493,2.2113257847067302e-6,0.0002618316883377693
11494,2.209077504033985e-6,0.0002617246667590764
11495,2.206831558382305e-6,0.0002616176889764475
11496,2.204587946863512e-6,0.0002615107549725909
11497,2.2023466703657846e-6,0.00026140386472925034
11498,2.2001077244482303e-6,0.00026129701822830836
11499,2.1978711046699573e-6,0.00026119021545185916
11500,2.1956368172482144e-6,0.00026108345638239244
11501,2.193404850636682e-6,0.0002609767410016624
11502,2.1911752066117174e-6,0.000260870069291666
11503,2.1889478842851418e-6,0.0002607634412342824
11504,2.186722879216063e-6,0.00026065685681234477
11505,2.184500190516303e-6,0.00026055031600770787
11506,2.1822798155213263e-6,0.00026044381880196976
11507,2.1800617533429545e-6,0.00026033736517756464
11508,2.177846000428474e-6,0.00026023095511665956
11509,2.1756325550015276e-6,0.0002601245886016783
11510,2.1734214161739374e-6,0.0002600182656140558
11511,2.171212582169346e-6,0.000259911986136601
11512,2.1690060449941484e-6,0.00025980575015115484
11513,2.1668018117537713e-6,0.0002596995576397039
11514,2.1645998735664307e-6,0.0002595934085848732
11515,2.162400231320305e-6,0.00025948730296856265
11516,2.160202882350859e-6,0.00025938124077283173
11517,2.1580078266580927e-6,0.0002592752219802083
11518,2.1558150553602218e-6,0.0002591692465726027
11519,2.153624573786317e-6,0.0002590633145320882
11520,2.1514363748309506e-6,0.0002589574258418971
11521,2.1492504620468367e-6,0.0002588515804825657
11522,2.147066829216726e-6,0.00025874577843769744
11523,2.144885472787905e-6,0.00025864001968869954
11524,2.142706394536731e-6,0.00025853430421854395
11525,2.140529590022311e-6,0.00025842863200927976
11526,2.138355058356467e-6,0.000258323003042675
11527,2.1361827977628423e-6,0.00025821741730112924
11528,2.134012804688723e-6,0.00025811187476730557
11529,2.1318450773577524e-6,0.00025800637542340923
11530,2.1296796157699305e-6,0.0002579009192513644
11531,2.1275164163725435e-6,0.00025779550623341793
11532,2.1253554765010563e-6,0.0002576901363528922
11533,2.1231967934909335e-6,0.00025758480959036517
11534,2.1210403700067104e-6,0.00025747952593006135
11535,2.1188861962784244e-6,0.00025737428535297854
11536,2.116734274970611e-6,0.00025726908784149544
11537,2.1145846034187343e-6,0.00025716393337878174
11538,2.1124371833991518e-6,0.0002570588219462794
11539,2.110292006030079e-6,0.0002569537535270193
11540,2.1081490730878727e-6,0.0002568487281030332
11541,2.106008384572533e-6,0.0002567437456566131
11542,2.1038699316022758e-6,0.00025663880617042556
11543,2.1017337177298145e-6,0.0002565339096265856
11544,2.0995997394024357e-6,0.00025642905600753094
11545,2.097467995731961e-6,0.0002563242452957998
11546,2.095338482277498e-6,0.00025621947747368756
11547,2.0932111981508683e-6,0.0002561147525236944
11548,2.091086142463894e-6,0.00025601007042785895
11549,2.0889633116638606e-6,0.00025590543116895195
11550,2.086842705750769e-6,0.0002558008347296019
11551,2.0847243202837262e-6,0.0002556962810920764
11552,2.082608153486376e-6,0.00025559177023825805
11553,2.0804942062468967e-6,0.0002554873021512853
11554,2.0783824705716825e-6,0.0002553828768136722
11555,2.0762729509016253e-6,0.0002552784942073012
11556,2.07416564457219e-6,0.00025517415431521376
11557,2.0720605444779494e-6,0.00025506985711940336
11558,2.0699576506189032e-6,0.000254965602602724
11559,2.067856965659587e-6,0.0002548613907474191
11560,2.065758482494573e-6,0.00025475722153646754
11561,2.0636621993475046e-6,0.00025465309495161653
11562,2.061568118882917e-6,0.0002545490109759005
11563,2.059476233995383e-6,0.00025444496959215607
11564,2.0573865446849027e-6,0.0002543409707822311
11565,2.055299047398762e-6,0.0002542370145288096
11566,2.053213742136961e-6,0.0002541331008148774
11567,2.051130626234965e-6,0.0002540292296225044
11568,2.0490496979164163e-6,0.00025392540093411436
11569,2.046970956293137e-6,0.00025382161473303314
11570,2.0448943960360566e-6,0.0002537178710013688
11571,2.042820017145175e-6,0.0002536141697214965
11572,2.040747819620492e-6,0.00025351051087634663
11573,2.038677799021116e-6,0.0002534068944481313
11574,2.0366099535706894e-6,0.00025330332042004106
11575,2.034544281492856e-6,0.0002531997887744025
11576,2.032480781011259e-6,0.0002530962994935146
11577,2.030419448573184e-6,0.00025299285256040124
11578,2.0283602850668103e-6,0.00025288944795781587
11579,2.0263032860512453e-6,0.00025278608566815797
11580,2.024248453302846e-6,0.0002526827656735252
11581,2.0221957814925418e-6,0.0002525794879577707
11582,2.0201452661794406e-6,0.000252476252502503
11583,2.0180969118044345e-6,0.00025237305929118325
11584,2.0160507121502746e-6,0.0002522699083054719
11585,2.014006667216961e-6,0.0002521667995291667
11586,2.01196477345178e-6,0.0002520637329445005
11587,2.0099250299665528e-6,0.00025196070853419905
11588,2.007887433208566e-6,0.00025185772628055075
11589,2.0058519840659983e-6,0.00025175478616681554
11590,2.0038186780979572e-6,0.00025165188817554904
11591,2.001787513528086e-6,0.0002515490322892687
11592,1.9997584894682063e-6,0.0002514462184911824
11593,1.9977316050301397e-6,0.0002513434467634468
11594,1.9957068548848156e-6,0.0002512407170892732
11595,1.9936842399204124e-6,0.0002511380294511166
11596,1.9916637583605734e-6,0.0002510353838320982
11597,1.989645403099871e-6,0.00025093278021441276
11598,1.987629181243733e-6,0.00025083021858135143
11599,1.9856150839103748e-6,0.0002507276989154143
11600,1.983603111987975e-6,0.000250625221199445
11601,1.981593260147463e-6,0.000250522785416641
11602,1.979585533717909e-6,0.0002504203915489056
11603,1.977579920264816e-6,0.00025031803958007817
11604,1.9755764286699673e-6,0.000250215729492298
11605,1.9735750482752223e-6,0.00025011346126865147
11606,1.971575783521473e-6,0.00025001123489160754
11607,1.9695786281914707e-6,0.00024990905034468977
11608,1.9675835831733934e-6,0.0002498069076099542
11609,1.965590645802706e-6,0.00024970480667072664
11610,1.9635998116385167e-6,0.0002496027475103052
11611,1.961611084233539e-6,0.0002495007301103573
11612,1.95962445381781e-6,0.0002493987544547466
11613,1.9576399266085787e-6,0.0002492968205259835
11614,1.955657495500418e-6,0.0002491949283071164
11615,1.9536771613815063e-6,0.00024909307778098536
11616,1.9516989198109513e-6,0.00024899126893033335
11617,1.9497227707887532e-6,0.0002488895017380109
11618,1.9477487107621982e-6,0.0002487877761874653
11619,1.9457767397312864e-6,0.00024868609226089827
11620,1.943806855919661e-6,0.00024858444994216994
11621,1.9418390566627863e-6,0.000248482849213201
11622,1.9398733375197708e-6,0.0002483812900574145
11623,1.9379097011551494e-6,0.0002482797724576505
11624,1.9359481413516733e-6,0.0002481782963971481
11625,1.9339886598856992e-6,0.00024807686185856007
11626,1.9320312523163352e-6,0.0002479754688251047
11627,1.9300759168672244e-6,0.00024787411727955275
11628,1.9281226535383666e-6,0.00024777280720480327
11629,1.926171459665227e-6,0.0002476715385843313
11630,1.924222333471448e-6,0.00024757031140084165
11631,1.9222752705161383e-6,0.00024746912563685525
11632,1.920330274352011e-6,0.0002473679812761767
11633,1.918387336985461e-6,0.0002472668783018092
11634,1.916446461969201e-6,0.0002471658166958296
11635,1.914507643085983e-6,0.00024706479644269475
11636,1.9125708803358066e-6,0.00024696381752387433
11637,1.910636171942315e-6,0.0002468628799237593
11638,1.908703516129151e-6,0.00024676198362443696
11639,1.9067729075672446e-6,0.000246661128609757
11640,1.9048443515856661e-6,0.00024656031486213273
11641,1.9029178410789882e-6,0.0002464595423650774
11642,1.9009933751590324e-6,0.0002463588111016879
11643,1.8990709511612636e-6,0.00024625812105479733
11644,1.89715056997386e-6,0.00024615747220758585
11645,1.8952322262677512e-6,0.00024605686454311215
11646,1.8933159209311157e-6,0.0002459562980446049
11647,1.8914016504112396e-6,0.00024585577269506387
11648,1.8894894138199447e-6,0.0002457552884779224
11649,1.887579211157231e-6,0.0002456548453757257
11650,1.885671033541314e-6,0.0002455544433722333
11651,1.8837648880776214e-6,0.00024545408245020897
11652,1.8818607676607257e-6,0.00024535376259294736
11653,1.8799586714024485e-6,0.00024525348378343775
11654,1.878058597526433e-6,0.00024515324600523844
11655,1.8761605460326791e-6,0.00024505304924151913
11656,1.8742645089275811e-6,0.00024495289347473137
11657,1.872370490652031e-6,0.000244852778688652
11658,1.8704784885414938e-6,0.0002447527048664161
11659,1.868588499931434e-6,0.00024465267199120025
11660,1.8667005230454947e-6,0.0002445526800462679
11661,1.8648145543309624e-6,0.00024445272901444867
11662,1.8629305928996587e-6,0.0002443528188796687
11663,1.8610486405279403e-6,0.0002442529496247542
11664,1.859168688334023e-6,0.00024415312123311425
11665,1.857290742535156e-6,0.0002440533336873392
11666,1.8554147924731978e-6,0.00024395358697137937
11667,1.853540847029933e-6,0.0002438538810682414
11668,1.8516688937708636e-6,0.00024375421596152178
11669,1.8497989362487033e-6,0.00024365459163390446
11670,1.8479309709107383e-6,0.00024355500806899633
11671,1.846065000421504e-6,0.00024345546525001913
11672,1.8442010150110377e-6,0.00024335596316066993
11673,1.8423390191202316e-6,0.00024325650178371253
11674,1.8404790100845503e-6,0.00024315708110246928
11675,1.8386209843512802e-6,0.0002430577011004846
11676,1.8367649401440644e-6,0.00024295836176084495
11677,1.834910877462903e-6,0.00024285906306739657
11678,1.8330587927550823e-6,0.00024275980500265693
11679,1.8312086877969591e-6,0.0002426605875507741
11680,1.8293605528185708e-6,0.00024256141069453618
11681,1.8275143931489879e-6,0.00024246227441760554
11682,1.8256702034591399e-6,0.00024236317870332535
11683,1.8238279873017404e-6,0.00024226412353468146
11684,1.8219877357950054e-6,0.00024216510889573523
11685,1.8201494524916484e-6,0.00024206613476924696
11686,1.8183131311744205e-6,0.0002419672011386223
11687,1.8164787727315002e-6,0.00024186830798776995
11688,1.8146463736101737e-6,0.0002417694552998874
11689,1.8128159364749763e-6,0.0002416706430579535
11690,1.8109874559968375e-6,0.00024157187124583535
11691,1.809160929511222e-6,0.00024147313984683103
11692,1.8073363552417732e-6,0.00024137444884436005
11693,1.8055137340766692e-6,0.00024127579822210907
11694,1.8036930624631964e-6,0.00024117718796296678
11695,1.8018743395131764e-6,0.00024107861805052616
11696,1.8000575616738956e-6,0.00024098008846870633
11697,1.7982427298335324e-6,0.00024088159920080884
11698,1.7964298377748378e-6,0.00024078315022976748
11699,1.7946188890505255e-6,0.0002406847415397581
11700,1.792809878331525e-6,0.0002405863731140337
11701,1.791002807394193e-6,0.00024048804493562517
11702,1.7891976700212808e-6,0.00024038975698875698
11703,1.787394469765502e-6,0.00024029150925661963
11704,1.7855931959687155e-6,0.0002401933017228547
11705,1.783793856624527e-6,0.00024009513437057636
11706,1.7819964455156878e-6,0.0002399970071834505
11707,1.780200959089484e-6,0.00023989892014543782
11708,1.7784073991222726e-6,0.00023980087323949642
11709,1.7766157629495183e-6,0.00023970286644948297
11710,1.774826046130329e-6,0.00023960489975867125
11711,1.7730382513292398e-6,0.0002395069731512614
11712,1.7712523732171803e-6,0.00023940908661018723
11713,1.7694684109059722e-6,0.00023931124011939905
11714,1.7676863652837937e-6,0.0002392134336618862
11715,1.7659062310215745e-6,0.0002391156672219008
11716,1.7641280063429576e-6,0.00023901794078294222
11717,1.7623516921361215e-6,0.00023892025432852362
11718,1.7605772866247094e-6,0.00023882260784192227
11719,1.758804785367829e-6,0.00023872500130730362
11720,1.7570341883654805e-6,0.00023862743470764655
11721,1.755265493841307e-6,0.0002385299080268806
11722,1.7534987000189517e-6,0.00023843242124910874
11723,1.7517338051220577e-6,0.0002383349743573203
11724,1.7499708064860897e-6,0.00023823756733525742
11725,1.7482097041110478e-6,0.00023814020016715842
11726,1.7464504944442183e-6,0.00023804287283574546
11727,1.744693174821066e-6,0.0002379455853252048
11728,1.7429377479061259e-6,0.00023784833761952492
11729,1.7411842092585061e-6,0.0002377511297017819
11730,1.7394325544373146e-6,0.00023765396155610297
11731,1.7376827878834433e-6,0.00023755683316589726
11732,1.7359349060441787e-6,0.00023745974451469878
11733,1.734188899149558e-6,0.0002373626955866591
11734,1.732444775193187e-6,0.00023726568636537812
11735,1.7307025315105307e-6,0.00023716871683433088
11736,1.728962160107983e-6,0.0002370717869775371
11737,1.727223667202793e-6,0.00023697489677874592
11738,1.7254870448013548e-6,0.00023687804622107844
11739,1.7237522911273118e-6,0.0002367812352893628
11740,1.7220194097333774e-6,0.00023668446396627255
11741,1.7202883961786597e-6,0.00023658773223647275
11742,1.7185592486868018e-6,0.00023649104008294924
11743,1.71683196370509e-6,0.00023639438749019012
11744,1.7151065412335242e-6,0.00023629777444122632
11745,1.7133829830484615e-6,0.00023620120092027186
11746,1.7116612802681175e-6,0.00023610466691133952
11747,1.7099414373333843e-6,0.00023600817239787658
11748,1.7082234489151915e-6,0.00023591171736381256
11749,1.7065073141253606e-6,0.00023581530179263982
11750,1.70479303385207e-6,0.00023571892566865218
11751,1.7030806027662493e-6,0.00023562258897563693
11752,1.701370018203363e-6,0.00023552629169718703
11753,1.699661285492482e-6,0.00023543003381717303
11754,1.6979543939754649e-6,0.00023533381531950018
11755,1.6962493489813824e-6,0.00023523763618813268
11756,1.694546143404807e-6,0.00023514149640682658
11757,1.6928447799102742e-6,0.00023504539595966753
11758,1.691145256721427e-6,0.00023494933482977667
11759,1.6894475693973732e-6,0.00023485331300191967
11760,1.6877517161617561e-6,0.000234757330459575
11761,1.6860576970145758e-6,0.00023466138718669302
11762,1.6843655110676536e-6,0.000234565483167401
11763,1.6826751538800977e-6,0.0002344696183848305
11764,1.6809866263400863e-6,0.00023437379282400736
11765,1.6792999266712627e-6,0.00023427800646768152
11766,1.6776150495445563e-6,0.00023418225930081984
11767,1.6759319985126808e-6,0.00023408655130697717
11768,1.6742507673583873e-6,0.00023399088246971178
11769,1.6725713605225678e-6,0.0002338952527738171
11770,1.6708937691234382e-6,0.0002337996622021124
11771,1.6692179949373553e-6,0.00023370411073954378
11772,1.6675440361879623e-6,0.000233608598369784
11773,1.6658718910989023e-6,0.00023351312507626648
11774,1.6642015561174617e-6,0.00023341769084368053
11775,1.6625330339081756e-6,0.00023332229565570933
11776,1.6608663191419737e-6,0.00023322693949658427
11777,1.6592014109306774e-6,0.00023313162234998852
11778,1.6575383101624652e-6,0.0002330363442003061
11779,1.6558770097319098e-6,0.00023294110503092186
11780,1.6542175123035463e-6,0.00023284590482608794
11781,1.652559816101018e-6,0.00023275074357036532
11782,1.6509039175716111e-6,0.00023265562124712147
11783,1.6492498176035042e-6,0.0002325605378410596
11784,1.6475975108676266e-6,0.00023246549333548472
11785,1.6459470000285137e-6,0.00023237048771489188
11786,1.6442982797570949e-6,0.00023227552096316897
11787,1.6426513491651917e-6,0.00023218059306440858
11788,1.6410062109173396e-6,0.00023208570400284553
11789,1.6393628552435757e-6,0.00023199085376240935
11790,1.6377212874729707e-6,0.0002318960423271163
11791,1.636081504052811e-6,0.00023180126968133305
11792,1.634443502318561e-6,0.000231706535808774
11793,1.6328072804938643e-6,0.00023161184069394464
11794,1.6311728359141853e-6,0.00023151718432048649
11795,1.629540170355881e-6,0.00023142256667294317
11796,1.627909281154416e-6,0.00023132798773540728
11797,1.6262801638688984e-6,0.00023123344749171118
11798,1.6246528193875065e-6,0.00023113894592648523
11799,1.6230272477102403e-6,0.00023104448302310732
11800,1.6214034435080293e-6,0.00023095005876654778
11801,1.619781407669052e-6,0.00023085567314015676
11802,1.6181611348642377e-6,0.00023076132612876582
11803,1.616542632199014e-6,0.00023066701771649878
11804,1.6149258863507043e-6,0.00023057274788685841
11805,1.6133109053129147e-6,0.00023047851662486712
11806,1.6116976802038607e-6,0.00023038432391429137
11807,1.6100862145762562e-6,0.0002302901697392723
11808,1.6084765031010306e-6,0.0002301960540841766
11809,1.6068685484427192e-6,0.0002301019769332252
11810,1.6052623461604298e-6,0.00023000793827084726
11811,1.6036578953659841e-6,0.00022991393808043104
11812,1.6020551942830252e-6,0.0002298199763471724
11813,1.6004542429115531e-6,0.000229726053054876
11814,1.598855033257962e-6,0.00022963216818728746
11815,1.597257571539501e-6,0.00022953832172968244
11816,1.5956618524270993e-6,0.0002294445136655672
11817,1.5940678750325787e-6,0.00022935074397947147
11818,1.5924756358032255e-6,0.00022925701265570295
11819,1.5908851382917533e-6,0.00022916331967836115
11820,1.58929637805727e-6,0.00022906966503190296
11821,1.587709349770705e-6,0.0002289760487006881
11822,1.5861240569847723e-6,0.00022888247066846917
11823,1.5845404952585795e-6,0.00022878893092032407
11824,1.5829586645921268e-6,0.0002286954294399117
11825,1.5813785632090571e-6,0.00022860196621181036
11826,1.5798001893330138e-6,0.0002285085412205394
11827,1.5782235367467479e-6,0.00022841515444991037
11828,1.5766486125556867e-6,0.0002283218058845432
11829,1.5750754087662244e-6,0.00022822849550930766
11830,1.5735039289310748e-6,0.00022813522330772384
11831,1.571934165056632e-6,0.0002280419892639711
11832,1.5703661206956099e-6,0.00022794879336320018
11833,1.5687997914071161e-6,0.00022785563558966673
11834,1.5672351780793292e-6,0.00022776251592740784
11835,1.5656722771595355e-6,0.00022766943436109896
11836,1.5641110859831997e-6,0.0002275763908743296
11837,1.5625516054385002e-6,0.000227483385452764
11838,1.5609938328609019e-6,0.000227390418079728
11839,1.5594377682504046e-6,0.000227297488740133
11840,1.5578834071661163e-6,0.00022720459741853993
11841,1.5563307522725722e-6,0.00022711174409877077
11842,1.554779796464345e-6,0.00022701892876599017
11843,1.5532305415177916e-6,0.00022692615140388825
11844,1.5516829883210903e-6,0.00022683341199749088
11845,1.550137127992457e-6,0.00022674071053069636
11846,1.5485929631964268e-6,0.00022664804698825647
11847,1.547050498373892e-6,0.00022655542135468706
11848,1.5455097210903546e-6,0.00022646283361432706
11849,1.5439706357867067e-6,0.00022637028375177212
11850,1.5424332389102346e-6,0.00022627777175129524
11851,1.5408975322372953e-6,0.0002261852975976135
11852,1.5393635086624613e-6,0.0002260928612752601
11853,1.5378311708502679e-6,0.00022600046276831376
11854,1.5363005179125366e-6,0.00022590810206122441
11855,1.5347715462965539e-6,0.00022581577913908038
11856,1.5332442533377844e-6,0.00022572349398598812
11857,1.5317186399244065e-6,0.0002256312465869388
11858,1.530194703391885e-6,0.00022553903692564686
11859,1.528672441963863e-6,0.00022544686498745733
11860,1.5271518547521623e-6,0.00022535473075601178
11861,1.5256329399804258e-6,0.00022526263421668996
11862,1.52411569409594e-6,0.00022517057535388976
11863,1.52260011976324e-6,0.0002250785541518946
11864,1.5210862125414337e-6,0.00022498657059528276
11865,1.5195739724305213e-6,0.00022489462466859095
11866,1.518063394101432e-6,0.0002248027163567444
11867,1.5165544802187014e-6,0.00022471084564415142
11868,1.5150472298941509e-6,0.00022461901251532093
11869,1.5135416369105315e-6,0.00022452721695472716
11870,1.5120377030442e-6,0.00022443545894714617
11871,1.5105354265187998e-6,0.0002243437384772673
11872,1.5090348055579739e-6,0.00022425205552925945
11873,1.5075358392735438e-6,0.00022416041008813462
11874,1.5060385223364392e-6,0.0002240688021384607
11875,1.504542859187552e-6,0.00022397723166530867
11876,1.5030488453859903e-6,0.00022388569865221947
11877,1.5015564782672186e-6,0.00022379420308520082
11878,1.5000657560548802e-6,0.00022370274494752304
11879,1.498576680525332e-6,0.0002236113242248955
11880,1.4970892490140386e-6,0.0002235199409013379
11881,1.4956034579682864e-6,0.00022342859496196285
11882,1.494119306499897e-6,0.00022333728639132092
11883,1.492636793720692e-6,0.00022324601517375794
11884,1.4911559178543143e-6,0.00022315478129464675
11885,1.4896766797889427e-6,0.0002230635847376948
11886,1.4881990741955065e-6,0.00022297242548868432
11887,1.486723101962184e-6,0.00022288130353172522
11888,1.4852487595362618e-6,0.00022279021885131256
11889,1.4837760469177397e-6,0.00022269917143277057
11890,1.4823049641066177e-6,0.0002226081612605041
11891,1.4808355057738254e-6,0.00022251718831920939
11892,1.479367674583898e-6,0.0002224262525936556
11893,1.4779014652077649e-6,0.00022233535406864652
11894,1.4764368776454262e-6,0.00022224449272908314
11895,1.4749739118968819e-6,0.00022215366855922805
11896,1.473512567962132e-6,0.00022206288154442977
11897,1.4720528369593922e-6,0.0002219721316690515
11898,1.4705947233295547e-6,0.00022188141891836197
11899,1.4691382244080842e-6,0.0002217907432763913
11900,1.4676833401949807e-6,0.00022170010472817928
11901,1.4662300644729953e-6,0.0002216095032592444
11902,1.46477840168302e-6,0.00022151893885344678
11903,1.4633283456078061e-6,0.00022142841149584008
11904,1.4618798962473534e-6,0.00022133792117188036
11905,1.4604330536016619e-6,0.00022124746786541735
11906,1.4589878150061963e-6,0.00022115705156170243
11907,1.4575441795727784e-6,0.00022106667224579615
11908,1.4561021455250511e-6,0.0002209763299024503
11909,1.4546617110866578e-6,0.0002208860245160177
11910,1.453222873593063e-6,0.00022079575607191967
11911,1.4517856348206237e-6,0.00022070552455499826
11912,1.4503499894402694e-6,0.0002206153299497693
11913,1.448915937452e-6,0.00022052517224123436
11914,1.4474834815203508e-6,0.0002204350514141036
11915,1.4460526118753592e-6,0.00022034496745393026
11916,1.4446233338460956e-6,0.00022025492034497343
11917,1.4431956429916681e-6,0.00022016491007212022
11918,1.4417695393120766e-6,0.00022007493662062894
11919,1.4403450192546075e-6,0.00021998499997502238
11920,1.4389220845956174e-6,0.00021989510012054847
11921,1.4375007291178576e-6,0.00021980523704221225
11922,1.4360809563740418e-6,0.00021971541072441508
11923,1.4346627610350993e-6,0.00021962562115229387
11924,1.4332461457655654e-6,0.00021953586831123875
11925,1.4318311052363697e-6,0.00021944615218573438
11926,1.430417639447512e-6,0.000219356472760876
11927,1.4290057466226358e-6,0.00021926683002177622
11928,1.4275954267617408e-6,0.00021917722395256925
11929,1.4261866772002918e-6,0.00021908765453938772
11930,1.4247794943855752e-6,0.00021899812176641095
11931,1.423373882758483e-6,0.0002189086256188938
11932,1.4219698343254095e-6,0.000218819166082046
11933,1.420567349974533e-6,0.00021872974314055688
11934,1.4191664288176753e-6,0.00021864035677942803
11935,1.4177670708548362e-6,0.00021855100698400798
11936,1.4163692716451237e-6,0.00021846169373858013
11937,1.4149730320767162e-6,0.0002183724170288781
11938,1.4135783477087216e-6,0.00021828317683974738
11939,1.4121852212056751e-6,0.00021819397315626238
11940,1.4107936490148631e-6,0.00021810480596307774
11941,1.4094036302481072e-6,0.0002180156752455524
11942,1.4080151613526937e-6,0.00021792658098865325
11943,1.406628243216801e-6,0.00021783752317781901
11944,1.4052428749522505e-6,0.0002177485017975274
11945,1.403859051229972e-6,0.00021765951683280424
11946,1.4024767747145006e-6,0.00021757056826927565
11947,1.401096042741301e-6,0.00021748165609186687
11948,1.3997168526458381e-6,0.00021739278028538173
11949,1.3983392044281118e-6,0.00021730394083512017
11950,1.396963098088122e-6,0.00021721513772592765
11951,1.39558852740862e-6,0.00021712637094336087
11952,1.3942154959423192e-6,0.00021703764047224794
11953,1.3928440001365061e-6,0.00021694894629776737
11954,1.3914740355502886e-6,0.0002168602884050387
11955,1.3901056066245587e-6,0.00021677166677902884
11956,1.3887387089184244e-6,0.00021668308140533263
11957,1.3873733406555289e-6,0.00021659453226848674
11958,1.3860095027240504e-6,0.0002165060193538952
11959,1.3846471915712755e-6,0.00021641754264728474
11960,1.3832864036444903e-6,0.0002163291021325675
11961,1.3819271416082302e-6,0.00021624069779595245
11962,1.3805694019097814e-6,0.00021615232962257994
11963,1.3792131872136792e-6,0.0002160639975964801
11964,1.3778584859736043e-6,0.00021597570170429903
11965,1.376505309735876e-6,0.0002158874419305977
11966,1.3751536478423532e-6,0.00021579921826076626
11967,1.3738035029575713e-6,0.00021571103067939343
11968,1.3724548715288165e-6,0.00021562287917211917
11969,1.371107753556089e-6,0.00021553476372456956
11970,1.3697621472630317e-6,0.00021544668432149292
11971,1.368418050873288e-6,0.00021535864094783183
11972,1.3670754643868577e-6,0.00021527063358936158
11973,1.3657343842510272e-6,0.00021518266223110108
11974,1.364394811353975e-6,0.00021509472685831213
11975,1.363056741254809e-6,0.0002150068274563155
11976,1.3617201757298858e-6,0.00021491896401034521
11977,1.360385111226492e-6,0.00021483113650556246
11978,1.359051546856449e-6,0.00021474334492721514
11979,1.357719482619757e-6,0.0002146555892607871
11980,1.3563889158518805e-6,0.00021456786949162338
11981,1.3550598456646412e-6,0.00021448018560464577
11982,1.3537322711698607e-6,0.00021439253758523402
11983,1.3524061888148253e-6,0.0002143049254185736
11984,1.3510815994877134e-6,0.0002142173490906514
11985,1.349758498747633e-6,0.00021412980858601452
11986,1.3484368883709408e-6,0.0002140423038905874
11987,1.3471167656931016e-6,0.00021395483498913223
11988,1.3457981316022938e-6,0.00021386740186712938
11989,1.3444809781049116e-6,0.00021378000451001758
11990,1.3431653140827393e-6,0.0002136926429035721
11991,1.3418511297658142e-6,0.00021360531703251
11992,1.3405384269304932e-6,0.00021351802688221802
11993,1.339227202912241e-6,0.00021343077243805506
11994,1.3379174577110575e-6,0.0002133435536859074
11995,1.336609189550586e-6,0.00021325637061055114
11996,1.3353023957662913e-6,0.00021316922319767825
11997,1.3339970772463516e-6,0.0002130821114327483
11998,1.3326932322144103e-6,0.00021299503530079061
11999,1.3313908571177535e-6,0.00021290799478768802
12000,1.3300899528445598e-6,0.0002128209898779876
12001,1.3287905176184722e-6,0.00021273402055820012
12002,1.3274925469985988e-6,0.0002126470868128172
12003,1.326196044537653e-6,0.0002125601886281414
12004,1.3249010075710999e-6,0.00021247332598881355
12005,1.323607433434404e-6,0.00021238649888054295
12006,1.3223153212393868e-6,0.00021229970728873018
12007,1.32102467009787e-6,0.00021221295119905337
12008,1.3197354755689616e-6,0.00021212623059652796
12009,1.3184477403171968e-6,0.00021203954546727966
12010,1.3171614616780403e-6,0.00021195289579595267
12011,1.3158766369869568e-6,0.00021186628156882534
12012,1.3145932644675895e-6,0.00021177970277072578
12013,1.313311349449009e-6,0.00021169315938765476
12014,1.312030881273074e-6,0.00021160665140452367
12015,1.3107518634924986e-6,0.00021152017880712512
12016,1.3094742925545688e-6,0.0002114337415809013
12017,1.30819817112382e-6,0.0002113473397117767
12018,1.3069234938711816e-6,0.00021126097318456202
12019,1.3056502625730104e-6,0.0002111746419850985
12020,1.3043784727884145e-6,0.00021108834609915791
12021,1.3031081245173937e-6,0.00021100208551171062
12022,1.3018392159835912e-6,0.00021091586020888925
12023,1.300571747187007e-6,0.00021082967017592436
12024,1.299305715463106e-6,0.00021074351539793895
12025,1.298041120811888e-6,0.00021065739586138832
12026,1.2967779596806395e-6,0.00021057131155146486
12027,1.2955162329575387e-6,0.0002104852624533575
12028,1.2942559397544073e-6,0.0002103992485525015
12029,1.2929970756303533e-6,0.00021031326983580664
12030,1.291739639697198e-6,0.00021022732628753552
12031,1.2904836337312986e-6,0.00021014141789335236
12032,1.2892290541799412e-6,0.0002100555446392545
12033,1.2879759010431258e-6,0.00020996970651118024
12034,1.2867241716563171e-6,0.00020988390349410344
12035,1.2854738642431585e-6,0.00020979813557406995
12036,1.2842249770272929e-6,0.00020971240273609873
12037,1.2829775144496125e-6,0.0002096267049663536
12038,1.2817314667401547e-6,0.00020954104225031495
12039,1.28048683922799e-6,0.0002094554145734076
12040,1.279243624807691e-6,0.0002093698219216393
12041,1.2780018243674363e-6,0.00020928426428037591
12042,1.2767614423481177e-6,0.00020919874163556965
12043,1.2755224689797728e-6,0.00020911325397223943
12044,1.2742849087032937e-6,0.0002090278012769932
12045,1.2730487561896098e-6,0.00020894238353458966
12046,1.2718140158796132e-6,0.00020885700073146676
12047,1.2705806780033413e-6,0.00020877165285259833
12048,1.2693487461135078e-6,0.000208686339884228
12049,1.268118221098291e-6,0.00020860106181187776
12050,1.2668890976286207e-6,0.0002085158186214721
12051,1.2656613774808534e-6,0.00020843061029798132
12052,1.2644350553259187e-6,0.00020834543682765952
12053,1.2632101329401735e-6,0.0002082602981963895
12054,1.2619866103236177e-6,0.00020817519438972448
12055,1.2607644812590024e-6,0.00020809012539292973
12056,1.2595437510753982e-6,0.0002080050911928734
12057,1.258324409114664e-6,0.00020792009177398804
12058,1.2571064633704054e-6,0.0002078351271225
12059,1.2558899111780875e-6,0.00020775019722434063
12060,1.2546747436559258e-6,0.00020766530206549685
12061,1.253460970573883e-6,0.00020758044163103964
12062,1.2522485812738182e-6,0.00020749561590713284
12063,1.2510375775320881e-6,0.00020741082488013457
12064,1.2498279602368711e-6,0.0002073260685345607
12065,1.2486197249472752e-6,0.00020724134685726203
12066,1.2474128734396572e-6,0.00020715665983342055
12067,1.2462074021613034e-6,0.0002070720074490405
12068,1.2450033111122139e-6,0.00020698738969006716
12069,1.2438005967396748e-6,0.00020690280654203294
12070,1.2425992599318647e-6,0.00020681825799093514
12071,1.241399301576962e-6,0.0002067337440226774
12072,1.2402007163458961e-6,0.0002066492646232293
12073,1.2390035006859534e-6,0.00020656481977762708
12074,1.2378076617025613e-6,0.00020648040947267993
12075,1.236613191402114e-6,0.00020639603369370166
12076,1.235420091560968e-6,0.0002063116924264953
12077,1.2342283577382318e-6,0.00020622738565733573
12078,1.2330379917102618e-6,0.00020614311337132166
12079,1.231848990812523e-6,0.00020605887555553634
12080,1.2306613541568368e-6,0.00020597467219471768
12081,1.2294750808550248e-6,0.00020589050327517178
12082,1.2282901691307302e-6,0.00020580636878291328
12083,1.2271066172075962e-6,0.000205722268703655
12084,1.2259244241974443e-6,0.00020563820302332142
12085,1.2247435918766314e-6,0.00020555417172775023
12086,1.2235641140279085e-6,0.00020547017480310875
12087,1.2223859897630973e-6,0.0002053862122353388
12088,1.221209221746733e-6,0.00020530228400962233
12089,1.2200338064261018e-6,0.0002052183901129455
12090,1.218859742024847e-6,0.00020513453053045208
12091,1.2176870276547902e-6,0.00020505070524835106
12092,1.2165156633159313e-6,0.00020496691425246974
12093,1.2153456454555567e-6,0.00020488315752918707
12094,1.2141769758500232e-6,0.0002047994350641083
12095,1.2130096473939034e-6,0.00020471574684319954
12096,1.2118436654162679e-6,0.00020463209285231584
12097,1.2106790281407598e-6,0.000204548473077628
12098,1.2095157302383086e-6,0.00020446488750534841
12099,1.2083537717089143e-6,0.00020438133612080828
12100,1.2071931534407554e-6,0.0002042978189108445
12101,1.2060338709929397e-6,0.00020421433586026438
12102,1.2048759252536456e-6,0.00020413088695634893
12103,1.2037193188874085e-6,0.0002040474721846236
12104,1.2025640421242656e-6,0.00020396409153043
12105,1.2014101020696444e-6,0.00020388074498064318
12106,1.2002574880654038e-6,0.0002037974325215207
12107,1.1991062072169711e-6,0.00020371415413798083
12108,1.1979562524189191e-6,0.00020363090981710685
12109,1.1968076290003182e-6,0.00020354769954413626
12110,1.1956603307439195e-6,0.0002034645233056076
12111,1.1945143558733662e-6,0.00020338138108736206
12112,1.193369706165015e-6,0.00020329827287580982
12113,1.1922263789543308e-6,0.00020321519865684062
12114,1.1910843733531351e-6,0.00020313215841635812
12115,1.189943689361428e-6,0.00020304915214048452
12116,1.188804324314674e-6,0.00020296617981514775
12117,1.1876662746601596e-6,0.00020288324142679615
12118,1.1865295403978848e-6,0.0002028003369611113
12119,1.1853941250805633e-6,0.0002027174664046491
12120,1.184260022490946e-6,0.00020263462974354218
12121,1.1831272326290332e-6,0.0002025518269633854
12122,1.1819957528302893e-6,0.00020246905805052992
12123,1.1808655830947146e-6,0.00020238632299142759
12124,1.1797367251986657e-6,0.00020230362177157263
12125,1.1786091729248938e-6,0.00020222095437753135
12126,1.1774829280497556e-6,0.0002021383207955335
12127,1.1763579896850729e-6,0.00020205572101131622
12128,1.1752343542781318e-6,0.00020197315501136945
12129,1.174112020940754e-6,0.00020189062278188827
12130,1.1729909914492964e-6,0.00020180812430862713
12131,1.1718712613628668e-6,0.00020172565957864153
12132,1.1707528297932868e-6,0.00020164322857674916
12133,1.1696356976287348e-6,0.0002015608312900298
12134,1.168519861316497e-6,0.00020147846770479996
12135,1.1674053208565738e-6,0.0002013961378068696
12136,1.1662920762489648e-6,0.00020131384158257257
12137,1.165180123052778e-6,0.00020123157901756616
12138,1.164069462156192e-6,0.00020114935009920773
12139,1.1629600935592066e-6,0.00020106715481242252
12140,1.1618520145972866e-6,0.00020098499314453663
12141,1.160745219053183e-6,0.00020090286508115882
12142,1.1596397158086802e-6,0.00020082077060854311
12143,1.1585354977583506e-6,0.00020073870971345012
12144,1.1574325631258375e-6,0.00020065668238112774
12145,1.156330910134784e-6,0.00020057468859859331
12146,1.155230542337904e-6,0.000200492728352087
12147,1.154131455294305e-6,0.00020041080162774144
12148,1.1530336472276304e-6,0.00020032890841145679
12149,1.1519371172497017e-6,0.0002002470486898375
12150,1.1508418662486974e-6,0.0002001652224494603
12151,1.1497478924482607e-6,0.00020008342967637455
12152,1.1486551931838562e-6,0.00020000167035640407
12153,1.1475637657909488e-6,0.00019991994447626435
12154,1.1464736120458952e-6,0.00019983825202216088
12155,1.1453847292841601e-6,0.0001997565929807918
12156,1.1442971192821005e-6,0.000199674967337804
12157,1.143210774934289e-6,0.00019959337507979846
12158,1.1421257006816177e-6,0.00019951181619339356
12159,1.1410418947477297e-6,0.00019943029066470108
12160,1.1399593491390192e-6,0.00019934879847963508
12161,1.138878073625449e-6,0.00019926733962493878
12162,1.137798055772521e-6,0.00019918591408735892
12163,1.1367193044620194e-6,0.00019910452185217462
12164,1.135641812588517e-6,0.00019902316290670852
12165,1.134565578375657e-6,0.00019894183723713835
12166,1.133490603599796e-6,0.000198860544829451
12167,1.1324168873727558e-6,0.00019877928567005668
12168,1.1313444279181795e-6,0.00019869805974574717
12169,1.1302732199069965e-6,0.00019861686704269674
12170,1.129203267780099e-6,0.00019853570754718372
12171,1.1281345670965948e-6,0.00019845458124558013
12172,1.127067117856484e-6,0.00019837348812438288
12173,1.1260009182834096e-6,0.00019829242817015827
12174,1.1249359683773719e-6,0.0001982114013690424
12175,1.1238722663620138e-6,0.00019813040770788257
12176,1.122809811349157e-6,0.00019804944717258938
12177,1.121748602450623e-6,0.0001979685197494828
12178,1.120688636113698e-6,0.00019788762542575708
12179,1.1196299123383824e-6,0.0001978067641869377
12180,1.1185724329010327e-6,0.00019772593602054508
12181,1.1175161924725785e-6,0.00019764514091192426
12182,1.1164611919411982e-6,0.0001975643788478497
12183,1.1154074268659997e-6,0.00019748364981553648
12184,1.114354903464232e-6,0.00019740295380032968
12185,1.1133036137422891e-6,0.00019732229078952418
12186,1.1122535594765282e-6,0.00019724166076945382
12187,1.1112047397787705e-6,0.00019716106372599101
12188,1.1101571528726595e-6,0.0001970804996463925
12189,1.1091107960936597e-6,0.00019699996851682555
12190,1.1080656694417712e-6,0.0001969194703237108
12191,1.1070217738051724e-6,0.00019683900505348614
12192,1.1059791047429712e-6,0.00019675857269324526
12193,1.1049376604788108e-6,0.00019667817322896464
12194,1.1038974445654048e-6,0.00019659780664710996
12195,1.1028584507855044e-6,0.00019651747293452163
12196,1.1018206818036447e-6,0.00019643717207741204
12197,1.100784134067112e-6,0.00019635690406288528
12198,1.0997488093522634e-6,0.00019627666887691436
12199,1.0987147032182065e-6,0.0001961964665061315
12200,1.0976818156649415e-6,0.00019611629693729732
12201,1.0966501466924683e-6,0.0001960361601567144
12202,1.0956196918598948e-6,0.0001959560561514244
12203,1.0945904547199348e-6,0.00019587598490747316
12204,1.0935624299435176e-6,0.00019579594641186068
12205,1.0925356175306433e-6,0.00019571594065070225
12206,1.0915100201458472e-6,0.00019563596761089375
12207,1.0904856297955234e-6,0.00019555602727873087
12208,1.0894624518087426e-6,0.0001954761196415189
12209,1.088440480856434e-6,0.00019539624468510597
12210,1.0874197151622411e-6,0.00019531640239673145
12211,1.0864001582788774e-6,0.00019523659276254532
12212,1.0853818075418076e-6,0.00019515681576910693
12213,1.0843646567337828e-6,0.00019507707140308667
12214,1.083348712072052e-6,0.00019499735965166146
12215,1.082333969115723e-6,0.0001949176805009778
12216,1.0813204234239038e-6,0.00019483803393768526
12217,1.0803080776611296e-6,0.00019475841994842993
12218,1.079296930939222e-6,0.0001946788385201667
12219,1.0782869805936457e-6,0.00019459928963934045
12220,1.0772782284007576e-6,0.00019451977329244113
12221,1.0762706672551303e-6,0.00019444028946653813
12222,1.0752643024858344e-6,0.00019436083814799998
12223,1.0742591296519777e-6,0.0001942814193237538
12224,1.0732551469772034e-6,0.00019420203297999816
12225,1.0722523580142251e-6,0.00019412267910397588
12226,1.0712507547694372e-6,0.00019404335768199305
12227,1.0702503407955533e-6,0.00019396406870125435
12228,1.0692511143162164e-6,0.00019388481214781608
12229,1.068253071778713e-6,0.0001938055880085221
12230,1.0672562140712216e-6,0.00019372639627086505
12231,1.0662605403055636e-6,0.0001936472369205751
12232,1.0652660495935606e-6,0.00019356810994515875
12233,1.0642727401588559e-6,0.00019348901533093252
12234,1.063280609336914e-6,0.00019340995306435169
12235,1.0622896597922704e-6,0.0001933309231328499
12236,1.0612998861958545e-6,0.0001932519255227437
12237,1.0603112894358446e-6,0.0001931729602208769
12238,1.0593238686240625e-6,0.00019309402721363542
12239,1.0583376246486864e-6,0.0001930151264884529
12240,1.057352552180646e-6,0.00019293625803238137
12241,1.056368651219941e-6,0.00019285742183099142
12242,1.0553859226547502e-6,0.0001927786178720428
12243,1.0544043664850733e-6,0.00019269984614147043
12244,1.0534239729409478e-6,0.00019262110662732895
12245,1.0524447535686932e-6,0.00019254239931553244
12246,1.0514666994865252e-6,0.00019246372419264024
12247,1.0504898098062654e-6,0.0001923850812461693
12248,1.0495140845279138e-6,0.00019230647046279345
12249,1.0485395236514705e-6,0.0001922278918290929
12250,1.0475661245124002e-6,0.00019214934533195657
12251,1.0465938888870596e-6,0.00019207083095783284
12252,1.0456228114463784e-6,0.00019199234869449536
12253,1.0446528930785348e-6,0.0001919138985281496
12254,1.043684133783529e-6,0.00019183548044596904
12255,1.0427165282322903e-6,0.00019175709443411057
12256,1.0417500844184246e-6,0.00019167874048057337
12257,1.0407847907956125e-6,0.00019160041857109109
12258,1.0398206509165675e-6,0.0001915221286932292
12259,1.0388576665576466e-6,0.00019144387083347078
12260,1.0378958288370654e-6,0.00019136564497914538
12261,1.0369351466366084e-6,0.00019128745111660767
12262,1.0359756119626695e-6,0.0001912092892332809
12263,1.0350172239270705e-6,0.00019113115931574526
12264,1.0340599825298114e-6,0.00019105306135102848
12265,1.0331038895472489e-6,0.0001909749953258877
12266,1.0321489396503125e-6,0.0001908969612273853
12267,1.0311951337271807e-6,0.00019081895904265664
12268,1.0302424717778536e-6,0.00019074098875786205
12269,1.0292909511377957e-6,0.0001906630503607891
12270,1.0283405718070071e-6,0.00019058514383794856
12271,1.0273913302327742e-6,0.00019050726917606634
12272,1.0264432273032753e-6,0.0001904294263629716
12273,1.0254962630185105e-6,0.00019035161538432516
12274,1.0245504347139445e-6,0.00019027383622839678
12275,1.0236057406132204e-6,0.00019019608888124276
12276,1.0226621816045167e-6,0.00019011837333017187
12277,1.0217197532469413e-6,0.00019004068956196551
12278,1.0207784590932079e-6,0.00018996303756420654
12279,1.0198382955906027e-6,0.0001898854173230935
12280,1.018899260962769e-6,0.0001898078288258033
12281,1.0179613552097067e-6,0.00018973027205943654
12282,1.0170245783314158e-6,0.00018965274701120832
12283,1.0160889285515395e-6,0.0001895752536680076
12284,1.0151544032055426e-6,0.00018949779201643882
12285,1.0142210005170682e-6,0.0001894203620445116
12286,1.01328872403883e-6,0.00018934296373815385
12287,1.0123575684417574e-6,0.00018926559708493107
12288,1.011427534614029e-6,0.00018918826207145814
12289,1.0104986207792876e-6,0.0001891109586855573
12290,1.0095708242729984e-6,0.00018903368691356934
12291,1.0086441504242316e-6,0.00018895644674303894
12292,1.0077185894630247e-6,0.00018887923816059485
12293,1.0067941449420914e-6,0.00018880206115369502
12294,1.0058708168614316e-6,0.00018872491570905842
12295,1.0049486025565102e-6,0.00018864780181360175
12296,1.0040274984746134e-6,0.0001885707194548454
12297,1.003107506392098e-6,0.00018849366861945632
12298,1.0021886289734994e-6,0.000188416649295111
12299,1.0012708582252117e-6,0.00018833966146851455
12300,1.0003541976999486e-6,0.00018826270512657325
12301,9.99438642956818e-7,0.00018818578025726548
12302,9.9852419399582e-7,0.00018810888684609242
12303,9.976108508169546e-7,0.00018803202488199
12304,9.966986143084e-7,0.0001879551943509833
12305,9.95787477364729e-7,0.00018787839523997166
12306,9.948774462031906e-7,0.00018780162753687102
12307,9.939685154947142e-7,0.0001877248912282234
12308,9.930606825747645e-7,0.0001876481863016359
12309,9.921539527724121e-7,0.00018757151274427508
12310,9.912483163176944e-7,0.0001874948705428009
12311,9.903437794278602e-7,0.00018741825968453252
12312,9.894403376620176e-7,0.0001873416801570424
12313,9.88537990131988e-7,0.0001872651319467858
12314,9.876367386141283e-7,0.00018718861504148088
12315,9.867365786675464e-7,0.00018711212942813457
12316,9.85837509404064e-7,0.00018703567509399666
12317,9.849395326000376e-7,0.00018695925202604283
12318,9.840426455909324e-7,0.0001868828602118594
12319,9.831468466003912e-7,0.0001868064996380335
12320,9.822521347402358e-7,0.00018673017029238043
12321,9.813585117868229e-7,0.00018665387216203894
12322,9.804659697465468e-7,0.00018657760523373146
12323,9.795745175011916e-7,0.00018650136949510676
12324,9.7868414794533e-7,0.000186425164933203
12325,9.777948575262485e-7,0.000186348991535263
12326,9.769066515730174e-7,0.00018627284928880716
12327,9.760195229802093e-7,0.000186196738180891
12328,9.75133477076895e-7,0.0001861206581984555
12329,9.74248509422182e-7,0.00018604460932908004
12330,9.73364616463357e-7,0.00018596859155986523
12331,9.724818026413118e-7,0.0001858926048781441
12332,9.716000599624408e-7,0.00018581664927136074
12333,9.70719394643993e-7,0.00018574072472660186
12334,9.698398031332545e-7,0.00018566483123088826
12335,9.689612818775117e-7,0.00018558896877217054
12336,9.680838335413e-7,0.00018551313733707747
12337,9.672074527955488e-7,0.00018543733691285536
12338,9.663321431929717e-7,0.00018536156748772195
12339,9.65457902957212e-7,0.00018528582904799723
12340,9.64584726759199e-7,0.00018521012158124323
12341,9.637126181516464e-7,0.00018513444507503585
12342,9.628415753581976e-7,0.00018505879951647916
12343,9.61971597490674e-7,0.00018498318489291662
12344,9.61102679220005e-7,0.00018490760119185823
12345,9.602348258752613e-7,0.0001848320484002866
12346,9.59368031239194e-7,0.00018475652650581237
12347,9.585022988645164e-7,0.00018468103549581366
12348,9.576376251985153e-7,0.00018460557535743966
12349,9.56774007576655e-7,0.0001845301460778881
12350,9.55911450439828e-7,0.0001844547476451859
12351,9.5504994490625e-7,0.0001843793800461145
12352,9.541894963049913e-7,0.00018430404326825675
12353,9.533301010833384e-7,0.00018422873729872363
12354,9.524717601294697e-7,0.00018415346212519168
12355,9.516144716670283e-7,0.00018407821773509456
12356,9.507582321433006e-7,0.00018400300411553633
12357,9.499030433346434e-7,0.0001839278212540374
12358,9.490489052410567e-7,0.0001838526691384304
12359,9.481958089807563e-7,0.00018377754775521227
12360,9.473437678764185e-7,0.00018370245709270483
12361,9.46492768605367e-7,0.00018362739713761317
12362,9.456428111676018e-7,0.000183552367877763
12363,9.447939017803719e-7,0.0001834773693002341
12364,9.439460342264283e-7,0.00018340240139304645
12365,9.430992111703063e-7,0.00018332746414303353
12366,9.422534255065784e-7,0.0001832525575372959
12367,9.414086807879585e-7,0.00018317768156455097
12368,9.405649752380896e-7,0.00018310283621166337
12369,9.397223088569717e-7,0.0001830280214660772
12370,9.388806780918912e-7,0.00018295323731517751
12371,9.38040084719205e-7,0.00018287848374611698
12372,9.37200522521664e-7,0.00018280376074719662
12373,9.363619977165172e-7,0.000182729068305236
12374,9.355245049746941e-7,0.0001826544064079741
12375,9.346880442961947e-7,0.00018257977504248027
12376,9.338526139046621e-7,0.00018250517419663576
12377,9.330182164646317e-7,0.000182430603858013
12378,9.321848457588544e-7,0.00018235606401382706
12379,9.313525017873303e-7,0.0001822815546518794
12380,9.305211881027731e-7,0.00018220707575936426
12381,9.296908975997553e-7,0.00018213262732429125
12382,9.288616347191692e-7,0.0001820582093334626
12383,9.280333950201225e-7,0.0001819838217751342
12384,9.272061776144369e-7,0.0001819094646362228
12385,9.263799833902908e-7,0.0001818351379047449
12386,9.255548123476842e-7,0.00018176084156779765
12387,9.247306573811898e-7,0.00018168657561357451
12388,9.239075247080564e-7,0.00018161234002925936
12389,9.230854081110351e-7,0.00018153813480223033
12390,9.222643111428397e-7,0.00018146395992021253
12391,9.214442284743996e-7,0.00018138981537099697
12392,9.2062516277025e-7,0.0001813157011419514
12393,9.198071095894989e-7,0.00018124161722014864
12394,9.189900715966814e-7,0.00018116756359403893
12395,9.181740443509057e-7,0.00018109354025104898
12396,9.173590314048852e-7,0.00018101954717825858
12397,9.165450256531926e-7,0.00018094558436380567
12398,9.157320324248985e-7,0.0001808716517950268
12399,9.14920045502754e-7,0.0001807977494594562
12400,9.141090666631158e-7,0.00018072387734511391
12401,9.132990967941623e-7,0.00018065003543921154
12402,9.124901314550016e-7,0.00018057622372952623
12403,9.116821688692767e-7,0.00018050244220356101
12404,9.108752134778797e-7,0.00018042869084922836
12405,9.100692581753833e-7,0.00018035496965392375
12406,9.092643038499659e-7,0.00018028127860526127
12407,9.084603531661628e-7,0.0001802076176911499
12408,9.076574007949034e-7,0.00018013398689943616
12409,9.068554476243662e-7,0.0001800603862169431
12410,9.060544927663727e-7,0.00017998681563200988
12411,9.052545353327446e-7,0.00017991327513202163
12412,9.044555726589465e-7,0.00017983976470501914
12413,9.036576056331569e-7,0.00017976628433862343
12414,9.028606324790189e-7,0.00017969283402014327
12415,9.02064654084711e-7,0.00017961941373737314
12416,9.012696651211627e-7,0.00017954602347828794
12417,9.004756709174444e-7,0.0001794726632303005
12418,8.996826661444857e-7,0.0001793993329813233
12419,8.988906490259296e-7,0.00017932603271872058
12420,8.9809962311449e-7,0.00017925276243048807
12421,8.973095821929178e-7,0.00017917952210436128
12422,8.965205289257483e-7,0.00017910631172823877
12423,8.957324624248031e-7,0.00017903313128972767
12424,8.949453782491901e-7,0.00017895998077629635
12425,8.941592790634445e-7,0.000178886860175715
12426,8.93374163979388e-7,0.00017881376947633323
12427,8.925900276679499e-7,0.00017874070866495326
12428,8.918068754582009e-7,0.0001786676777303063
12429,8.91024701132892e-7,0.00017859467665944095
12430,8.902435082447369e-7,0.00017852170544047086
12431,8.894632905764865e-7,0.00017844876406115928
12432,8.886840516808547e-7,0.00017837585250912377
12433,8.879057871169493e-7,0.00017830297077192983
12434,8.87128500437484e-7,0.0001782301188380693
12435,8.863521863133883e-7,0.00017815729669471564
12436,8.855768456328406e-7,0.00017808450432989925
12437,8.848024783958408e-7,0.00017801174173150136
12438,8.840290837142106e-7,0.00017793900888697298
12439,8.832566589234148e-7,0.0001778663057845041
12440,8.82485201358918e-7,0.0001777936324118684
12441,8.817147145734339e-7,0.00017772098875679446
12442,8.80945193237892e-7,0.00017764837480699694
12443,8.801766426813629e-7,0.00017757579055075606
12444,8.794090557984191e-7,0.0001775032359753563
12445,8.786424361417744e-7,0.00017743071106917155
12446,8.778767766060014e-7,0.0001773582158192434
12447,8.771120842965274e-7,0.00017728575021424067
12448,8.763483512197467e-7,0.00017721331424181905
12449,8.75585580928373e-7,0.0001771409078897522
12450,8.748237716460494e-7,0.0001770685311456091
12451,8.740629189318838e-7,0.00017699618399787467
12452,8.733030281149468e-7,0.00017692386643378133
12453,8.725440929779893e-7,0.00017685157844166133
12454,8.717861144091898e-7,0.00017677932000929528
12455,8.710290941849053e-7,0.00017670709112448113
12456,8.70273026976065e-7,0.00017663489177548522
12457,8.695179136708475e-7,0.00017656272194972386
12458,8.687637524928959e-7,0.00017649058163521011
12459,8.680105434422103e-7,0.00017641847081991888
12460,8.67258287406969e-7,0.00017634638949189443
12461,8.665069808344583e-7,0.00017627433763921577
12462,8.657566255010352e-7,0.0001762023152491847
12463,8.650072143012721e-7,0.0001761303223104041
12464,8.642587534524182e-7,0.0001760583588102521
12465,8.635112376254028e-7,0.00017598642473711998
12466,8.627646694847613e-7,0.00017591452007847605
12467,8.620190454777799e-7,0.00017584264482270462
12468,8.612743656044586e-7,0.0001757707989577771
12469,8.605306298647974e-7,0.00017569898247138047
12470,8.597878329297259e-7,0.000175627195351781
12471,8.590459783519577e-7,0.0001755554375865269
12472,8.583050661314928e-7,0.0001754837091640475
12473,8.575650927156175e-7,0.00017541201007186674
12474,8.568260554397966e-7,0.00017534034029829948
12475,8.560879569685653e-7,0.00017526869983155655
12476,8.553507955255668e-7,0.00017519708865897446
12477,8.546145684462658e-7,0.00017512550676923241
12478,8.538792775070192e-7,0.00017505395414950733
12479,8.531449191551133e-7,0.00017498243078863454
12480,8.524114978314401e-7,0.000174910936674523
12481,8.516790037660371e-7,0.00017483947179488396
12482,8.509474422879748e-7,0.00017476803613768188
12483,8.502168125090748e-7,0.00017469662969125596
12484,8.494871135411586e-7,0.00017462525244358457
12485,8.487583382787989e-7,0.0001745539043825281
12486,8.480304947156014e-7,0.00017448258549648127
12487,8.473035748579605e-7,0.0001744112957728812
12488,8.465775840349465e-7,0.0001743400352002336
12489,8.458525178056675e-7,0.00017426880376673198
12490,8.45128375281945e-7,0.00017419760146009794
12491,8.444051537992436e-7,0.0001741264282687123
12492,8.43682854245742e-7,0.00017405528418011282
12493,8.429614801741536e-7,0.00017398416918291623
12494,8.422410253672297e-7,0.00017391308326512867
12495,8.415214880486133e-7,0.00017384202641466603
12496,8.408028699946613e-7,0.00017377099861976344
12497,8.400851712053736e-7,0.00017369999986838885
12498,8.393683881280367e-7,0.00017362903014887451
12499,8.386525216508289e-7,0.00017355808944902532
12500,8.379375708855719e-7,0.0001734871777569376
12501,8.372235322795518e-7,0.00017341629506107542
12502,8.365104111618393e-7,0.00017334544134941024
12503,8.357981986506502e-7,0.00017327461661003837
12504,8.350868991868765e-7,0.0001732038208310943
12505,8.343765109941614e-7,0.00017313305400088602
12506,8.336670322961481e-7,0.00017306231610703798
12507,8.32958463981015e-7,0.0001729916071382953
12508,8.322508024960484e-7,0.00017292092708252882
12509,8.315440487294268e-7,0.00017285027592805688
12510,8.308382000166148e-7,0.00017277965366295153
12511,8.301332572457909e-7,0.00017270906027507665
12512,8.294292204169551e-7,0.00017263849575316695
12513,8.287260868655721e-7,0.00017256796008518344
12514,8.280238548152852e-7,0.0001724974532590802
12515,8.273225251542726e-7,0.0001724269752630854
12516,8.266220969943561e-7,0.00017235652608551394
12517,8.259225703355355e-7,0.00017228610571489583
12518,8.252239425132757e-7,0.0001722157141386474
12519,8.245262135275766e-7,0.00017214535134596476
12520,8.238293816020814e-7,0.0001720750173241463
12521,8.231334467367901e-7,0.00017200471206202037
12522,8.224384062671675e-7,0.00017193443554752372
12523,8.217442628577487e-7,0.00017186418776877696
12524,8.210510129558202e-7,0.0001717939687143552
12525,8.203586583377387e-7,0.0001717237783721154
12526,8.196671927862553e-7,0.00017165361673072282
12527,8.189766216304406e-7,0.0001715834837780622
12528,8.182869377648672e-7,0.00017151337950275375
12529,8.175981474067839e-7,0.0001714433038911764
12530,8.169102452271204e-7,0.00017137325693435124
12531,8.162232303376982e-7,0.00017130323862008315
12532,8.155371018503388e-7,0.0001712332489357503
12533,8.148518588768638e-7,0.00017116328786956347
12534,8.14167504969987e-7,0.00017109335541044823
12535,8.134840356888162e-7,0.0001710234515451617
12536,8.128014483688162e-7,0.00017095357626468674
12537,8.121197447863437e-7,0.00017088372955513867
12538,8.114389222768637e-7,0.00017081391140583851
12539,8.107589817285543e-7,0.00017074412180444892
12540,8.100799231414157e-7,0.00017067436073956235
12541,8.094017429627343e-7,0.00017060462819976432
12542,8.087244403043314e-7,0.000170534924173113
12543,8.080480169425641e-7,0.00017046524864757634
12544,8.073724719892539e-7,0.00017039560161214232
12545,8.066978010035086e-7,0.00017032598305451868
12546,8.06024007538042e-7,0.0001702563929639224
12547,8.053510844874268e-7,0.00017018683132765527
12548,8.04679040733447e-7,0.00017011729813437224
12549,8.040078638416048e-7,0.0001700477933727733
12550,8.033375635818629e-7,0.0001699783170313572
12551,8.026681310724371e-7,0.00016990886909768257
12552,8.019995689778625e-7,0.0001698394495609594
12553,8.013318790744961e-7,0.00016977005840913828
12554,8.006650560332673e-7,0.00016970069563027046
12555,7.99999101630533e-7,0.00016963136121360065
12556,7.993340123135795e-7,0.00016956205514680536
12557,7.986697916351204e-7,0.0001694927774185083
12558,7.980064342660853e-7,0.00016942352801690638
12559,7.973439428710094e-7,0.0001693543069308072
12560,7.966823130090006e-7,0.00016928511414851174
12561,7.960215455682373e-7,0.00016921594965793943
12562,7.953616423250764e-7,0.00016914681344816496
12563,7.947025988386258e-7,0.00016907770550713547
12564,7.940444159970639e-7,0.00016900862582348158
12565,7.933870911358554e-7,0.0001689395743856778
12566,7.927306260313571e-7,0.00016887055118206332
12567,7.920750189072123e-7,0.00016880155620100853
12568,7.914202670988857e-7,0.00016873258943151184
12569,7.907663732709125e-7,0.0001686636508608716
12570,7.901133312060438e-7,0.00016859474047835332
12571,7.894611471215285e-7,0.00016852585827243846
12572,7.888098156882961e-7,0.00016845700423139334
12573,7.881593369063467e-7,0.0001683881783438139
12574,7.875097098875017e-7,0.00016831938059795257
12575,7.868609328554044e-7,0.00016825061098234284
12576,7.862130049218763e-7,0.00016818186948597616
12577,7.855659296396311e-7,0.00016811315609637986
12578,7.849197025677768e-7,0.00016804447080250723
12579,7.842743219299564e-7,0.00016797581359308603
12580,7.836297895025268e-7,0.0001679071844564832
12581,7.82986100844596e-7,0.00016783858338098243
12582,7.823432595088775e-7,0.00016777001035547454
12583,7.817012628308362e-7,0.0001677014653684722
12584,7.810601081459367e-7,0.00016763294840797804
12585,7.80419797230536e-7,0.00016756445946272333
12586,7.797803274200987e-7,0.00016749599852139765
12587,7.791416996028033e-7,0.00016742756557233326
12588,7.785039093377577e-7,0.0001673591606043759
12589,7.778669628422108e-7,0.00016729078360585778
12590,7.772308538989137e-7,0.00016722243456528466
12591,7.765955842842232e-7,0.00016715411347132184
12592,7.759611477808903e-7,0.00016708582031239178
12593,7.753275479416288e-7,0.00016701755507709734
12594,7.746947865427956e-7,0.00016694931775436753
12595,7.740628573671415e-7,0.00016688110833209396
12596,7.73431763079202e-7,0.00016681292679962198
12597,7.728015010144418e-7,0.00016674477314494035
12598,7.721720720610392e-7,0.00016667664735662766
12599,7.715434762189943e-7,0.00016660854942351921
12600,7.709157081592366e-7,0.00016654047933415891
12601,7.702887696581229e-7,0.00016647243707699697
12602,7.696626616038316e-7,0.00016640442264109767
12603,7.690373813318274e-7,0.00016633643601460593
12604,7.68412927953932e-7,0.00016626847718652707
12605,7.677893005819669e-7,0.00016620054614475965
12606,7.671665001041106e-7,0.00016613264287874616
12607,7.665445247440061e-7,0.00016606476737639209
12608,7.659233727252968e-7,0.00016599691962690052
12609,7.65303043159804e-7,0.00016592909961897842
12610,7.646835387120632e-7,0.00016586130734037863
12611,7.640648522766469e-7,0.00016579354278078995
12612,7.634469909589825e-7,0.00016572580592809708
12613,7.628299476536426e-7,0.00016565809677166962
12614,7.622137232488058e-7,0.00016559041529934024
12615,7.615983177444718e-7,0.00016552276150041262
12616,7.609837311406409e-7,0.0001654551353632884
12617,7.603699598845992e-7,0.00016538753687679597
12618,7.597570039763468e-7,0.0001653199660295486
12619,7.591448643040621e-7,0.00016525242281012487
12620,7.585335399795667e-7,0.0001651849072072907
12621,7.579230283383254e-7,0.00016511741920950673
12622,7.573133320448733e-7,0.00016504995880620155
12623,7.5670444577014e-7,0.00016498252598531882
12624,7.560963712904822e-7,0.00016491512073555856
12625,7.554891086059001e-7,0.0001648477430461863
12626,7.548826532755015e-7,0.00016478039290518734
12627,7.542770088520001e-7,0.0001647130703020909
12628,7.536721700063254e-7,0.00016464577522544085
12629,7.530681385148341e-7,0.00016457850766349313
12630,7.524649188184185e-7,0.00016451126760495122
12631,7.51862499370759e-7,0.0001644440550393339
12632,7.512608881654614e-7,0.00016437686995460568
12633,7.506600789852769e-7,0.00016430971233980657
12634,7.500600744947405e-7,0.00016424258218394883
12635,7.494608738056741e-7,0.000164175479475389
12636,7.488624724771853e-7,0.000164108404202834
12637,7.482648740619879e-7,0.0001640413563553239
12638,7.476680758955467e-7,0.00016397433592169747
12639,7.470720770896833e-7,0.00016390734289069633
12640,7.464768749798623e-7,0.00016384037725061112
12641,7.458824731187974e-7,0.0001637734389909537
12642,7.452888697301319e-7,0.00016370652809969202
12643,7.446960594847951e-7,0.00016363964456630672
12644,7.441040486000361e-7,0.00016357278837955333
12645,7.435128299704274e-7,0.0001635059595280694
12646,7.429224062605044e-7,0.00016343915800054107
12647,7.423327739175534e-7,0.0001633723837854914
12648,7.417439364942879e-7,0.00016330563687236982
12649,7.411558904379945e-7,0.00016323891724990408
12650,7.405686339723161e-7,0.00016317222490663807
12651,7.399821697617881e-7,0.0001631055598314765
12652,7.393964951418752e-7,0.00016303892201362594
12653,7.388116065598638e-7,0.0001629723114413631
12654,7.382275093448243e-7,0.00016290572810375228
12655,7.376441963913294e-7,0.00016283917198978842
12656,7.370616694757359e-7,0.0001627726430878801
12657,7.364799303744007e-7,0.00016270614138782363
12658,7.358989737582533e-7,0.00016263966687733028
12659,7.353188022918289e-7,0.00016257321954613047
12660,7.347394168633059e-7,0.00016250679938242807
12661,7.341608085909002e-7,0.0001624404063756274
12662,7.335829854682174e-7,0.00016237404051417173
12663,7.330059421661872e-7,0.0001623077017877221
12664,7.324296795729879e-7,0.00016224139018423955
12665,7.318541959122626e-7,0.0001621751056929896
12666,7.312794920721899e-7,0.0001621088483029602
12667,7.307055653882344e-7,0.0001620426180032851
12668,7.301324158603961e-7,0.00016197641478223404
12669,7.295600426004967e-7,0.00016191023862891993
12670,7.289884447203576e-7,0.00016184408953259788
12671,7.28417622219979e-7,0.00016177796748215179
12672,7.27847571546647e-7,0.00016171187246598676
12673,7.272782998057892e-7,0.00016164580447350016
12674,7.267097963392644e-7,0.0001615797634937563
12675,7.261420655879647e-7,0.0001615137495152158
12676,7.255751057755333e-7,0.00016144776252744603
12677,7.250089151256134e-7,0.0001613818025185225
12678,7.244434989672754e-7,0.00016131586947836993
12679,7.238788448660216e-7,0.000161249963394932
12680,7.233149634799929e-7,0.0001611840842580814
12681,7.227518485919404e-7,0.00016111823205605322
12682,7.221894993136857e-7,0.00016105240677849464
12683,7.216279156452288e-7,0.0001609866084137726
12684,7.210670993629265e-7,0.00016092083695156204
12685,7.205070442495298e-7,0.00016085509238025764
12686,7.199477520813957e-7,0.00016078937468889595
12687,7.193892272994162e-7,0.0001607236838668466
12688,7.188314610218072e-7,0.00016065801990262918
12689,7.182744568012822e-7,0.00016059238278535656
12690,7.177182137496629e-7,0.00016052677250455102
12691,7.171627283142357e-7,0.00016046118904846154
12692,7.166080067122493e-7,0.00016039563240673876
12693,7.160540382855629e-7,0.00016033010256829086
12694,7.155008310277822e-7,0.0001602645995215854
12695,7.149483796098366e-7,0.00016019912325629035
12696,7.143966831435478e-7,0.00016013367376103288
12697,7.138457416289157e-7,0.00016006825102511668
12698,7.132955568422972e-7,0.00016000285503749503
12699,7.127461243428002e-7,0.0001599374857872496
12700,7.121974459067815e-7,0.00015987214326352445
12701,7.116495188697058e-7,0.00015980682745492594
12702,7.111023432315733e-7,0.00015974153835114635
12703,7.105559198805622e-7,0.00015967627594076425
12704,7.100102434876021e-7,0.0001596110402132464
12705,7.094653202699419e-7,0.00015954583115720608
12706,7.089211440103327e-7,0.0001594806487623182
12707,7.083777155969528e-7,0.0001594154930167936
12708,7.078350359179808e-7,0.00015935036391072355
12709,7.072931005325245e-7,0.00015928526143245067
12710,7.06751913881476e-7,0.00015922018557137235
12711,7.062114706357647e-7,0.0001591551363165425
12712,7.056717699072124e-7,0.00015909011365718845
12713,7.051328152485326e-7,0.00015902511758250637
12714,7.045946022188332e-7,0.00015896014808118933
12715,7.040571299299359e-7,0.00015889520514253755
12716,7.035204010463758e-7,0.00015883028875564656
12717,7.029844120154394e-7,0.00015876539891009414
12718,7.024491646134834e-7,0.00015870053559433397
12719,7.019146535114373e-7,0.00015863569879795772
12720,7.013808822620149e-7,0.0001585708885100054
12721,7.008478482006808e-7,0.00015850610471933313
12722,7.003155531037919e-7,0.00015844134741553953
12723,6.997839907540992e-7,0.00015837661658753277
12724,6.992531647043165e-7,0.00015831191222455757
12725,6.987230785071574e-7,0.0001582472343158517
12726,6.981937188399456e-7,0.00015818258285011863
12727,6.976650972490006e-7,0.0001581179578170333
12728,6.971372075170734e-7,0.00015805335920598615
12729,6.966100505323425e-7,0.00015798878700514635
12730,6.960836236302725e-7,0.0001579242412049625
12731,6.955579259226852e-7,0.00015785972179363505
12732,6.950329582977588e-7,0.0001577952287609083
12733,6.945087216436718e-7,0.00015773076209584305
12734,6.939852124077106e-7,0.00015766632178744813
12735,6.934624305898751e-7,0.0001576019078254054
12736,6.929403753019869e-7,0.00015753752019821016
12737,6.924190456558676e-7,0.00015747315889597102
12738,6.918984425396957e-7,0.0001574088239067635
12739,6.913785624007573e-7,0.00015734451522094947
12740,6.908594096799447e-7,0.00015728023282722894
12741,6.903409763836521e-7,0.00015721597671507215
12742,6.898232678409499e-7,0.00015715174687309236
12743,6.893062796109461e-7,0.00015708754329162022
12744,6.887900161345328e-7,0.00015702336595873473
12745,6.882744703062826e-7,0.00015695921486410733
12746,6.877596456789092e-7,0.00015689508999738172
12747,6.872455378115205e-7,0.00015683099134800385
12748,6.867321484804734e-7,0.0001567669189041082
12749,6.862194785739462e-7,0.00015670287265594565
12750,6.857075236510468e-7,0.00015663885259241048
12751,6.85196287264489e-7,0.00015657485870275087
12752,6.846857640852022e-7,0.00015651089097633644
12753,6.841759567777217e-7,0.0001564469494027415
12754,6.836668635656906e-7,0.00015638303397096792
12755,6.831584817845737e-7,0.00015631914467017366
12756,6.826508149870847e-7,0.000156255281489652
12757,6.821438587323314e-7,0.00015619144441934157
12758,6.816376156848492e-7,0.00015612763344799788
12759,6.811320814037458e-7,0.00015606384856468522
12760,6.806272576653782e-7,0.0001560000897590716
12761,6.801231426933896e-7,0.0001559363570208354
12762,6.796197355996014e-7,0.00015587265033881192
12763,6.791170363840138e-7,0.0001558089697022251
12764,6.78615045934805e-7,0.000155745315100847
12765,6.781137598110831e-7,0.00015568168652364475
12766,6.776131806773833e-7,0.0001556180839604425
12767,6.771133058691703e-7,0.00015555450740020044
12768,6.766141344982657e-7,0.00015549095683243044
12769,6.761156665646695e-7,0.00015542743224623498
12770,6.756179029565601e-7,0.00015536393363121959
12771,6.751208427857591e-7,0.00015530046097663938
12772,6.746244816113744e-7,0.00015523701427214154
12773,6.741288203215845e-7,0.00015517359350640525
12774,6.736338606927461e-7,0.0001551101986697681
12775,6.731396009485024e-7,0.00015504682975094053
12776,6.726460402006751e-7,0.00015498348673943438
12777,6.721531748965504e-7,0.00015492016962487948
12778,6.716610068124851e-7,0.00015485687839627074
12779,6.71169539501193e-7,0.00015479361304367167
12780,6.70678766745425e-7,0.00015473037355569208
12781,6.701886867688245e-7,0.00015466715992198607
12782,6.696993004595697e-7,0.0001546039721323847
12783,6.692106131467312e-7,0.00015454081017583082
12784,6.687226132839896e-7,0.00015447767404200632
12785,6.682353088649506e-7,0.00015441456372022877
12786,6.677486954487222e-7,0.0001543514792001384
12787,6.672627739234827e-7,0.00015428842047087235
12788,6.667775434010537e-7,0.00015422538752200843
12789,6.662930003287215e-7,0.00015416238034302032
12790,6.658091464828431e-7,0.00015409939892326724
12791,6.653259836397751e-7,0.000154036443252209
12792,6.648435073586256e-7,0.00015397351331941297
12793,6.643617158630377e-7,0.00015391060911415164
12794,6.638806135939035e-7,0.00015384773062626297
12795,6.634001952221524e-7,0.00015378487784460312
12796,6.629204634123198e-7,0.00015372205075932233
12797,6.624414137235135e-7,0.00015365924935960631
12798,6.619630488202688e-7,0.00015359647363496695
12799,6.61485365149872e-7,0.00015353372357460732
12800,6.610083671532152e-7,0.00015347099916817458
12801,6.605320486130495e-7,0.00015340830040561776
12802,6.600564121939101e-7,0.0001533456272760185
12803,6.595814534549049e-7,0.0001532829797687013
12804,6.591071759487477e-7,0.0001532203578737193
12805,6.586335761227247e-7,0.00015315776157428032
12806,6.581606566413711e-7,0.00015309519087190054
12807,6.576884139519734e-7,0.00015303264574971498
12808,6.572168480545315e-7,0.0001529701261979502
12809,6.567459553963317e-7,0.00015290763220586479
12810,6.562757413064446e-7,0.00015284516376258897
12811,6.558062022321565e-7,0.00015278272085858524
12812,6.553373346207536e-7,0.00015272030348277912
12813,6.548691438013066e-7,0.00015265791162432166
12814,6.544016235565664e-7,0.0001525955452737135
12815,6.539347774392468e-7,0.00015253320441989057
12816,6.534686001202772e-7,0.00015247088905250353
12817,6.530030951523713e-7,0.00015240859916122382
12818,6.525382598709939e-7,0.00015234633473548698
12819,6.520740951643234e-7,0.00015228409576496446
12820,6.51610597479646e-7,0.0001522218822389461
12821,6.511477703696755e-7,0.00015215969414763414
12822,6.506856085053414e-7,0.00015209753148028027
12823,6.502241127748221e-7,0.00015203539422640674
12824,6.497632858426527e-7,0.0001519732823755185
12825,6.49303122379763e-7,0.00015191119591768248
12826,6.488436259388664e-7,0.00015184913484199772
12827,6.483847894145356e-7,0.0001517870991384826
12828,6.479266190240196e-7,0.00015172508879629856
12829,6.474691121027831e-7,0.00015166310380500952
12830,6.470122677626478e-7,0.00015160114415506062
12831,6.465560833390782e-7,0.00015153920983549882
12832,6.461005614966098e-7,0.00015147730083564168
12833,6.456456977943503e-7,0.00015141541714559434
12834,6.451914940086567e-7,0.00015135355875502826
12835,6.447379474749937e-7,0.0001512917256531153
12836,6.442850626342533e-7,0.00015122991783002304
12837,6.43832835933722e-7,0.000151168135275246
12838,6.433812629325075e-7,0.0001511063779784244
12839,6.429303462951452e-7,0.00015104464592901115
12840,6.424800877979919e-7,0.00015098293911670196
12841,6.420304821119771e-7,0.00015092125753172342
12842,6.41581531901636e-7,0.00015085960116334798
12843,6.41133233614255e-7,0.0001507979700007163
12844,6.406855908025477e-7,0.0001507363640347037
12845,6.402386008019789e-7,0.0001506747832537604
12846,6.397922600598349e-7,0.0001506132276485085
12847,6.393465694642941e-7,0.0001505516972078215
12848,6.389015316798918e-7,0.00015049019192229715
12849,6.384571431539143e-7,0.000150428711781031
12850,6.380134021100048e-7,0.0001503672567741733
12851,6.375703094363416e-7,0.00015030582689044142
12852,6.371278686856385e-7,0.0001502444221205962
12853,6.366860718642897e-7,0.00015018304245427092
12854,6.362449225250089e-7,0.00015012168788086644
12855,6.358044162269039e-7,0.00015006035839004728
12856,6.353645591872237e-7,0.00014999905397172428
12857,6.349253443005409e-7,0.00014993777461534685
12858,6.344867742313909e-7,0.00014987652031111728
12859,6.340488472034167e-7,0.00014981529104867233
12860,6.336115614402615e-7,0.00014975408681735733
12861,6.331749187182822e-7,0.00014969290760738496
12862,6.327389190374788e-7,0.0001496317534084024
12863,6.323035588451376e-7,0.00014957062420995967
12864,6.318688372530801e-7,0.00014950952000207865
12865,6.314347587021985e-7,0.00014944844077448283
12866,6.310013143107085e-7,0.00014938738651640998
12867,6.305685111840376e-7,0.0001493263572187077
12868,6.301363413285799e-7,0.00014926535287008297
12869,6.29704814514298e-7,0.00014920437346100518
12870,6.292739227475863e-7,0.00014914341898094458
12871,6.288436651402662e-7,0.00014908248941995772
12872,6.284140425805163e-7,0.00014902158476770913
12873,6.279850524038011e-7,0.00014896070501395006
12874,6.27556697274656e-7,0.00014889985014844218
12875,6.271289763049026e-7,0.00014883902016119693
12876,6.267018868300056e-7,0.00014877821504189273
12877,6.26275428849965e-7,0.00014871743478019062
12878,6.258496023647808e-7,0.00014865667936651492
12879,6.254244047099178e-7,0.00014859594878992646
12880,6.24999840326268e-7,0.0001485352430405859
12881,6.245759038847609e-7,0.00014847456210857757
12882,6.24152596273575e-7,0.00014841390598309412
12883,6.237299166045318e-7,0.00014835327465481316
12884,6.233078631012745e-7,0.00014829266811319103
12885,6.228864384283384e-7,0.0001482320863477292
12886,6.224656381448312e-7,0.0001481715293488381
12887,6.2204546402711e-7,0.00014811099710624817
12888,6.216259134106394e-7,0.00014805048960928394
12889,6.212069880717763e-7,0.00014799000684885544
12890,6.207886880105207e-7,0.00014792954881367656
12891,6.20371007897802e-7,0.000147869115494529
12892,6.199539521745123e-7,0.00014780870688092806
12893,6.195375190642949e-7,0.00014774832296273258
12894,6.191217059026144e-7,0.00014768796372997828
12895,6.187065118012924e-7,0.0001476276291723956
12896,6.182919394248643e-7,0.00014756731927980868
12897,6.178779878851515e-7,0.00014750703404271814
12898,6.174646491885483e-7,0.0001474467734500287
12899,6.170519322168388e-7,0.00014738653749254982
12900,6.166398325291311e-7,0.00014732632616003619
12901,6.162283501254251e-7,0.00014726613944177763
12902,6.158174832293639e-7,0.00014720597732858012
12903,6.154072336173044e-7,0.00014714583980967103
12904,6.149975959601761e-7,0.00014708572687491261
12905,6.145885738106927e-7,0.00014702563851519065
12906,6.141801662806756e-7,0.00014696557471967006
12907,6.137723715937682e-7,0.0001469055354782825
12908,6.133651879736135e-7,0.00014684552078133434
12909,6.129586180847468e-7,0.00014678553061848662
12910,6.125526592626329e-7,0.00014672556497978897
12911,6.121473079545581e-7,0.00014666562385527715
12912,6.117425668250576e-7,0.00014660570723497648
12913,6.113384403150235e-7,0.000146545815108437
12914,6.109349168781364e-7,0.00014648594746628427
12915,6.105320053961805e-7,0.00014642610429764155
12916,6.101297005400852e-7,0.00014636628559353687
12917,6.097280023098506e-7,0.00014630649134306575
12918,6.093269089291198e-7,0.000146246721536826
12919,6.089264212860712e-7,0.00014618697616446824
12920,6.085265420452401e-7,0.0001461272552156223
12921,6.081272649893776e-7,0.0001460675586812711
12922,6.077285918948405e-7,0.00014600788655080507
12923,6.073305218734504e-7,0.00014594823881428423
12924,6.069330567015641e-7,0.00014588861546165066
12925,6.065361892737542e-7,0.0001458290164833287
12926,6.061399275836266e-7,0.0001457694418684763
12927,6.057442663021106e-7,0.00014570989160794107
12928,6.053492027646712e-7,0.0001456503656918004
12929,6.049547405240219e-7,0.00014559086410960778
12930,6.04560876027449e-7,0.0001455313868514406
12931,6.04167610163131e-7,0.0001454719339073554
12932,6.037749429310679e-7,0.0001454125052677696
12933,6.033828734430813e-7,0.0001453531009226114
12934,6.029913999228143e-7,0.0001452937208614967
12935,6.026005214820884e-7,0.00014523436507512047
12936,6.022102425617959e-7,0.0001451750335528905
12937,6.018205516156172e-7,0.00014511572628563355
12938,6.014314610780502e-7,0.00014505644326268108
12939,6.010429620673108e-7,0.0001449971844744366
12940,6.006550554715773e-7,0.00014493794991100872
12941,6.002677395144929e-7,0.00014487873956250952
12942,5.998810186369496e-7,0.0001448195534188186
12943,5.994948875098771e-7,0.00014476039147027012
12944,5.991093479096321e-7,0.00014470125370678183
12945,5.987243962835009e-7,0.00014464214011868787
12946,5.983400370723757e-7,0.00014458305069599622
12947,5.979562640590075e-7,0.0001445239854283159
12948,5.975730816842884e-7,0.00014446494430699758
12949,5.971904837309694e-7,0.00014440592732063717
12950,5.968084773044779e-7,0.0001443469344600476
12951,5.964270535230298e-7,0.0001442879657155005
12952,5.960462177156955e-7,0.00014422902107748964
12953,5.956659663297614e-7,0.00014417010053531867
12954,5.952863002534059e-7,0.0001441112040793148
12955,5.949072185984505e-7,0.00014405233169971499
12956,5.945287204767169e-7,0.00014399348338700602
12957,5.941508032236698e-7,0.0001439346591309322
12958,5.937734712802012e-7,0.00014387585892161256
12959,5.933967202054191e-7,0.00014381708274989122
12960,5.930205491111451e-7,0.00014375833060472493
12961,5.926449588855576e-7,0.00014369960247750252
12962,5.922699486404781e-7,0.00014364089835744095
12963,5.918955183759067e-7,0.0001435822182353566
12964,5.915216672036649e-7,0.00014352356210118808
12965,5.911483915710392e-7,0.00014346492994468316
12966,5.907756976952783e-7,0.00014340632175674148
12967,5.904035784709549e-7,0.0001433477375272739
12968,5.900320365626044e-7,0.0001432891772466839
12969,5.896610693056914e-7,0.00014323064090463605
12970,5.892906793647512e-7,0.0001431721284914228
12971,5.889208631870702e-7,0.00014311363999789176
12972,5.885516207726482e-7,0.00014305517541380805
12973,5.881829530096638e-7,0.00014299673472950233
12974,5.878148572335817e-7,0.0001429383179348924
12975,5.874473352207588e-7,0.00014287992502044766
12976,5.870803816421244e-7,0.0001428215559760894
12977,5.86714003603106e-7,0.0001427632107929011
12978,5.863481948864546e-7,0.00014270488945971813
12979,5.859829554921703e-7,0.00014264659196814786
12980,5.856182845320745e-7,0.00014258831830775073
12981,5.852541846707027e-7,0.00014253006846870128
12982,5.848906532435194e-7,0.00014247184244162506
12983,5.845276875859895e-7,0.00014241364021660638
12984,5.841652894744698e-7,0.00014235546178386488
12985,5.838034589089602e-7,0.00014229730713370345
12986,5.834421958894609e-7,0.0001422391762563452
12987,5.830814968632581e-7,0.00014218106914190565
12988,5.827213636067086e-7,0.00014212298578102425
12989,5.823617925670987e-7,0.00014206492616355287
12990,5.820027881853207e-7,0.00014200689028027666
12991,5.816443442441255e-7,0.00014194887812088788
12992,5.812864642962268e-7,0.00014189088967634864
12993,5.809291474534461e-7,0.00014183292493625058
12994,5.805723901630699e-7,0.00014177498389126436
12995,5.80216194201455e-7,0.00014171706653194616
12996,5.798605595686013e-7,0.00014165917284795007
12997,5.795054853763304e-7,0.0001416013028302937
12998,5.791509689601071e-7,0.0001415434564686277
12999,5.787970120962882e-7,0.00014148563375386558
13000,5.784436121203385e-7,0.0001414278346757135
13001,5.780907699204363e-7,0.00014137005922515086
13002,5.777384863847601e-7,0.00014131230739243897
13003,5.773867561842394e-7,0.00014125457916736375
13004,5.770355837597663e-7,0.00014119687454022117
13005,5.766849664468054e-7,0.0001411391935021815
13006,5.763349033571785e-7,0.00014108153604282941
13007,5.759853944908855e-7,0.00014102390215299174
13008,5.756364398479263e-7,0.0001409662918227042
13009,5.752880376519443e-7,0.00014090870504225236
13010,5.749401905674745e-7,0.00014085114180243177
13011,5.745928914890897e-7,0.00014079360209315328
13012,5.742461448576819e-7,0.00014073608590529224
13013,5.738999488968943e-7,0.00014067859322860338
13014,5.735543044949054e-7,0.00014062112405391
13015,5.732092107635367e-7,0.00014056367837141093
13016,5.728646632618961e-7,0.0001405062561715166
13017,5.725206646545189e-7,0.00014044885744488034
13018,5.721772140532266e-7,0.00014039148218156217
13019,5.718343114580193e-7,0.00014033413037165335
13020,5.714919577570754e-7,0.00014027680200638312
13021,5.711501485095027e-7,0.00014021949707568315
13022,5.708088846034798e-7,0.0001401622155696447
13023,5.704681660390065e-7,0.00014010495747916046
13024,5.701279919279045e-7,0.00014004772279457844
13025,5.69788360493817e-7,0.00013999051150661787
13026,5.694492752894575e-7,0.00013993332360466917
13027,5.691107309857557e-7,0.00013987615908047507
13028,5.687727337999604e-7,0.00013981901792309293
13029,5.684352712975738e-7,0.00013976190012448056
13030,5.680983550249152e-7,0.00013970480567406657
13031,5.677619796529143e-7,0.0001396477345620914
13032,5.674261425170357e-7,0.00013959068677963163
13033,5.670908453936363e-7,0.00013953366231713588
13034,5.667560882827161e-7,0.00013947666116464683
13035,5.664218676315613e-7,0.0001394196833131925
13036,5.660881869928858e-7,0.00013936272875252065
13037,5.657550445903325e-7,0.00013930579747342686
13038,5.65422436871188e-7,0.00013924888946620015
13039,5.650903673881658e-7,0.00013919200472216342
13040,5.647588317003738e-7,0.00013913514323075568
13041,5.644278315841689e-7,0.00013907830498293902
13042,5.64097367039551e-7,0.00013902148996890878
13043,5.637674380665203e-7,0.0001389646981797242
13044,5.63438041112363e-7,0.00013890792960549736
13045,5.631091770652574e-7,0.00013885118423656237
13046,5.627808450370253e-7,0.0001387944620633852
13047,5.624530485803803e-7,0.00013873776307717425
13048,5.621257788135381e-7,0.0001386810872678161
13049,5.61799044618283e-7,0.00013862443462577673
13050,5.614728371128308e-7,0.000138567805141869
13051,5.61147161626252e-7,0.00013851119880641666
13052,5.608220128294761e-7,0.000138454615610413
13053,5.604973933870383e-7,0.00013839805554383133
13054,5.601733059634739e-7,0.00013834151859730068
13055,5.598497416769987e-7,0.0001382850047611378
13056,5.595267076330401e-7,0.00013822851402654768
13057,5.59204199390706e-7,0.00013817204638367706
13058,5.588822160618179e-7,0.0001381156018234221
13059,5.585607594227326e-7,0.00013805918033556186
13060,5.58239826808915e-7,0.0001380027819113394
13061,5.579194182203651e-7,0.0001379464065408495
13062,5.575995345452611e-7,0.00013789005421519993
13063,5.57280173119068e-7,0.00013783372492471094
13064,5.569613383826777e-7,0.00013777741865987972
13065,5.566430214543061e-7,0.00013772113541092243
13066,5.563252276630237e-7,0.00013766487516929035
13067,5.560079561206521e-7,0.00013760863792480413
13068,5.556912068271913e-7,0.00013755242366849177
13069,5.553749744535708e-7,0.00013749623239044453
13070,5.550592607761473e-7,0.00013744006408190554
13071,5.547440702358131e-7,0.00013738391873282033
13072,5.544293957271407e-7,0.0001373277963346506
13073,5.541152399146654e-7,0.0001372716968770088
13074,5.538016036865656e-7,0.00013721562035140175
13075,5.534884817137709e-7,0.00013715956674770213
13076,5.531758757726379e-7,0.0001371035360568651
13077,5.528637858631669e-7,0.00013704752826967578
13078,5.525522128735361e-7,0.0001369915433765273
13079,5.522411550273887e-7,0.0001369355813681944
13080,5.519306114365463e-7,0.00013687964223499383
13081,5.516205812128305e-7,0.0001368237259680473
13082,5.513110616917061e-7,0.00013676783255779645
13083,5.510020582022435e-7,0.00013671196199427013
13084,5.506935663035506e-7,0.00013665611426931165
13085,5.503855859956275e-7,0.000136600289372419
13086,5.500781163902957e-7,0.00013654448729529325
13087,5.497711574875552e-7,0.0001364887080275365
13088,5.494647110637629e-7,0.00013643295156063467
13089,5.49158769125313e-7,0.00013637721788505378
13090,5.488533423303465e-7,0.0001363215069913777
13091,5.485484200207225e-7,0.00013626581886998917
13092,5.482440066373329e-7,0.0001362101535117774
13093,5.479401021801777e-7,0.00013615451090819367
13094,5.476367030965434e-7,0.00013609889104869086
13095,5.473338120509652e-7,0.00013604329392444617
13096,5.470314246025509e-7,0.00013598771952683456
13097,5.467295460803712e-7,0.00013593216784536094
13098,5.464281693789985e-7,0.00013587663887122334
13099,5.461272980511467e-7,0.0001358211325958314
13100,5.458269303204588e-7,0.00013576564900868657
13101,5.455270652987565e-7,0.0001357101881016634
13102,5.452277065387534e-7,0.00013565474986424603
13103,5.449288451586654e-7,0.00013559933428820836
13104,5.446304900402765e-7,0.00013554394136368678
13105,5.443326331899812e-7,0.0001354885710819903
13106,5.440352781604929e-7,0.00013543322343308878
13107,5.437384249518118e-7,0.00013537789840813164
13108,5.434420708994026e-7,0.0001353225959980775
13109,5.431462142269083e-7,0.0001352673161930766
13110,5.428508575988644e-7,0.00013521205898437555
13111,5.42555999238914e-7,0.0001351568243627213
13112,5.422616382588785e-7,0.0001351016123184931
13113,5.419677746587581e-7,0.00013504642284305896
13114,5.416744075503743e-7,0.00013499125592661768
13115,5.413815369337271e-7,0.0001349361115598885
13116,5.410891610324597e-7,0.00013488098973403473
13117,5.407972825111074e-7,0.0001348258904399144
13118,5.405058987051348e-7,0.00013477081366770546
13119,5.402150051736498e-7,0.00013471575940880026
13120,5.399246099102584e-7,0.00013466072765363699
13121,5.396347049213546e-7,0.00013460571839304936
13122,5.393452937596521e-7,0.00013455073161774272
13123,5.390563719842589e-7,0.0001344957673190053
13124,5.387679449242455e-7,0.00013444082548715736
13125,5.384800081387198e-7,0.0001343859061129736
13126,5.381925625158601e-7,0.00013433100918763125
13127,5.379056036147745e-7,0.00013427613470174543
13128,5.376191385408902e-7,0.00013422128264593824
13129,5.373331601887799e-7,0.00013416645301142158
13130,5.370476712229788e-7,0.0001341116457884775
13131,5.367626707553086e-7,0.00013405686096842895
13132,5.364781570094124e-7,0.00013400209854224493
13133,5.361941308734686e-7,0.0001339473585001659
13134,5.359105914592988e-7,0.00013389264083361538
13135,5.356275369905461e-7,0.00013383794553272627
13136,5.353449692435674e-7,0.00013378327258894984
13137,5.350628882183628e-7,0.000133728621993099
13138,5.347812876976832e-7,0.00013367399373569872
13139,5.345001730105992e-7,0.00013361938780779084
13140,5.342195423807539e-7,0.00013356480420036523
13141,5.339393913672552e-7,0.00013351024290402316
13142,5.336597288518874e-7,0.0001334557039098308
13143,5.333805468410446e-7,0.0001334011872086427
13144,5.331018453347269e-7,0.00013334669279133765
13145,5.328236234447559e-7,0.00013329222064852736
13146,5.325458829474883e-7,0.00013323777077161106
13147,5.322686238429242e-7,0.00013318334315107205
13148,5.319918425783499e-7,0.0001331289377778759
13149,5.317155400419438e-7,0.00013307455464288062
13150,5.314397171218843e-7,0.0001330201937372738
13151,5.311643720418147e-7,0.00013296585505151448
13152,5.308895056899132e-7,0.00013291153857687005
13153,5.306151162898232e-7,0.00013285724430395912
13154,5.303412029533661e-7,0.00013280297222403176
13155,5.300677665687203e-7,0.00013274872232755044
13156,5.297948035831723e-7,0.00013269449460594912
13157,5.295223166612573e-7,0.00013264028905003375
13158,5.292503040266183e-7,0.00013258610565061724
13159,5.289787674556123e-7,0.0001325319443984882
13160,5.287077025073472e-7,0.0001324778052845879
13161,5.284371127345366e-7,0.00013242368830007276
13162,5.281669936962885e-7,0.0001323695934359985
13163,5.278973462807812e-7,0.00013231552068311211
13164,5.276281704880148e-7,0.0001322614700322751
13165,5.273594672061677e-7,0.00013220744147455013
13166,5.27091234658883e-7,0.00013215343500080565
13167,5.268234728461607e-7,0.00013209945060239578
13168,5.265561799916441e-7,0.00013204548826941873
13169,5.262893543189762e-7,0.00013199154799387047
13170,5.26023002045406e-7,0.00013193762976593248
13171,5.257571160655061e-7,0.00013188373357716013
13172,5.25491697267455e-7,0.0001318298594183108
13173,5.252267447630743e-7,0.0001317760072802876
13174,5.249622612168992e-7,0.0001317221771540214
13175,5.246982439643944e-7,0.00013166836903057838
13176,5.244346921173815e-7,0.0001316145829011288
13177,5.241716038995037e-7,0.00013156081875634676
13178,5.239089828634746e-7,0.00013150707658768357
13179,5.236468245684023e-7,0.00013145335638569539
13180,5.233851307906434e-7,0.00013139965814149696
13181,5.231239024183765e-7,0.00013134598184644936
13182,5.228631332343525e-7,0.0001312923274911816
13183,5.226028267912852e-7,0.00013123869506670438
13184,5.223429848655314e-7,0.00013118508456444467
13185,5.220836056807343e-7,0.0001311314959748719
13186,5.218246847960017e-7,0.00013107792928932285
13187,5.215662239876906e-7,0.00013102438449896087
13188,5.213082259203361e-7,0.00013097086159479313
13189,5.210506870412246e-7,0.00013091736056787887
13190,5.207936046858208e-7,0.0001308638814083614
13191,5.205369824068384e-7,0.00013081042410895485
13192,5.20280819316099e-7,0.00013075698865933072
13193,5.200251127490674e-7,0.00013070357505133925
13194,5.19769861817565e-7,0.00013065018327536662
13195,5.195150700743056e-7,0.00013059681332336023
13196,5.19260734854754e-7,0.0001305434651853836
13197,5.190068534943748e-7,0.00013049013885318636
13198,5.187534295458818e-7,0.00013043683431765776
13199,5.185004576802044e-7,0.00013038355156973908
13200,5.182479432264131e-7,0.00013033029060117649
13201,5.179958817436159e-7,0.00013027705140217574
13202,5.177442732318127e-7,0.00013022383396445875
13203,5.174931176910036e-7,0.00013017063827854003
13204,5.172424160093669e-7,0.00013011746433590557
13205,5.169921619696538e-7,0.0001300643121277395
13206,5.1674236356547e-7,0.0001300111816448929
13207,5.164930163559234e-7,0.00012995807287862968
13208,5.162441176764787e-7,0.00012990498582016521
13209,5.159956684153144e-7,0.00012985192046000016
13210,5.157476703487873e-7,0.00012979887679003682
13211,5.155001243650759e-7,0.00012974585480081055
13212,5.152530224705743e-7,0.00012969285448426182
13213,5.15006369994353e-7,0.00012963987583064496
13214,5.147601660482337e-7,0.0001295869188314286
13215,5.145144106322164e-7,0.00012953398347756787
13216,5.142691010817657e-7,0.0001294810697604655
13217,5.140242365087033e-7,0.0001294281776714687
13218,5.137798178012076e-7,0.00012937530720160545
13219,5.135358476238139e-7,0.00012932245834151174
13220,5.1329232153563e-7,0.00012926963108275333
13221,5.130492395366559e-7,0.000129216825416327
13222,5.128065989623565e-7,0.00012916404133378814
13223,5.125644051418021e-7,0.00012911127882550902
13224,5.123226536341008e-7,0.00012905853788392624
13225,5.12081343551074e-7,0.00012900581849905127
13226,5.118404775572571e-7,0.0001289531206625713
13227,5.116000529881148e-7,0.00012890044436529927
13228,5.113600689554687e-7,0.00012884778959896398
13229,5.111205245711403e-7,0.00012879515635462815
13230,5.10881422499665e-7,0.0001287425446229208
13231,5.106427600765073e-7,0.0001286899543957755
13232,5.10404536413489e-7,0.00012863738566389754
13233,5.101667523987885e-7,0.00012858483841859253
13234,5.099294089205841e-7,0.00012853231265142276
13235,5.09692499761627e-7,0.00012847980835317685
13236,5.094560293628092e-7,0.00012842732551539282
13237,5.092199977241307e-7,0.00012837486412908827
13238,5.089843995165211e-7,0.00012832242418537448
13239,5.08749242733586e-7,0.0001282700056754564
13240,5.085145167171845e-7,0.0001282176085909588
13241,5.082802276845655e-7,0.00012816523292303109
13242,5.080463747475505e-7,0.00012811287866227802
13243,5.078129561297828e-7,0.00012806054580030354
13244,5.075799700549055e-7,0.0001280082343289718
13245,5.073474191874539e-7,0.00012795594423899853
13246,5.071152981983573e-7,0.0001279036755213285
13247,5.068836141930433e-7,0.0001278514281678779
13248,5.06652359177906e-7,0.00012779920216930696
13249,5.064215349293022e-7,0.00012774699751730637
13250,5.061911441117672e-7,0.00012769481420256065
13251,5.059611867253011e-7,0.0001276426522172705
13252,5.057316538881196e-7,0.00012759051155199902
13253,5.055025544820069e-7,0.00012753839219806218
13254,5.052738840660709e-7,0.00012748629414700494
13255,5.050456417521332e-7,0.00012743421738980326
13256,5.048178266520154e-7,0.0001273821619184115
13257,5.045904449829663e-7,0.00012733012772352809
13258,5.043634851986667e-7,0.0001272781147960457
13259,5.041369552927222e-7,0.00012722612312824136
13260,5.039108517124191e-7,0.00012717415271040755
13261,5.036851744577575e-7,0.00012712220353490455
13262,5.034599217523805e-7,0.00012707027559222608
13263,5.03235095372645e-7,0.00012701836887430915
13264,5.030106953185509e-7,0.00012696648337201522
13265,5.02786718925563e-7,0.00012691461907683027
13266,5.025631679700382e-7,0.0001268627759796158
13267,5.023400388992627e-7,0.0001268109540727841
13268,5.021173317132366e-7,0.00012675915334659296
13269,5.018950508528519e-7,0.00012670737379269492
13270,5.016731874363245e-7,0.0001266556154026141
13271,5.01451751233617e-7,0.0001266038781675624
13272,5.012307333629451e-7,0.00012655216207885928
13273,5.010101364888442e-7,0.00012650046712786578
13274,5.007899588349574e-7,0.00012644879330591524
13275,5.005702039539983e-7,0.00012639714060459425
13276,5.00350867405075e-7,0.00012634550901504185
13277,5.001319518527225e-7,0.00012629389852867115
13278,4.999134528560489e-7,0.00012624230913686404
13279,4.99695372191411e-7,0.00012619074083080467
13280,4.994777098588088e-7,0.00012613919360204492
13281,4.992604658582422e-7,0.00012608766744206037
13282,4.990436375251761e-7,0.00012603616234188597
13283,4.988272257477888e-7,0.0001259846782930979
13284,4.986112323024372e-7,0.00012593321528715437
13285,4.983956527482292e-7,0.00012588177331526035
13286,4.981804861969863e-7,0.00012583035236952284
13287,4.979657370896007e-7,0.00012577895244022044
13288,4.977514009851802e-7,0.000125727573519311
13289,4.97537482324617e-7,0.00012567621559832903
13290,4.973239731143053e-7,0.0001256248786680944
13291,4.97110879571494e-7,0.0001255735627209223
13292,4.96898197255291e-7,0.0001255222677477956
13293,4.966859279420532e-7,0.00012547099373950293
13294,4.964740698554237e-7,0.0001254197406886995
13295,4.96262623883581e-7,0.00012536850858567428
13296,4.960515855856329e-7,0.00012531729742289166
13297,4.958409611788284e-7,0.00012526610719069964
13298,4.956307453340969e-7,0.0001252149378812746
13299,4.954209416041522e-7,0.0001251637894860054
13300,4.952115419953884e-7,0.0001251126619959686
13301,4.950025545014114e-7,0.00012506155540263977
13302,4.94793974681329e-7,0.0001250104696977894
13303,4.945858034233197e-7,0.00012495940487274732
13304,4.94378039839205e-7,0.00012490836091925972
13305,4.941706803762713e-7,0.00012485733782805278
13306,4.939637294754107e-7,0.00012480633559121615
13307,4.937571844720878e-7,0.00012475535419984377
13308,4.935510471426596e-7,0.00012470439364575814
13309,4.933453112698771e-7,0.00012465345392008095
13310,4.931399839591677e-7,0.0001246025350144682
13311,4.929350589932824e-7,0.00012455163692045093
13312,4.92730538148578e-7,0.00012450075962944576
13313,4.925264196486978e-7,0.00012444990313295948
13314,4.923227070463554e-7,0.00012439906742241214
13315,4.921193959006587e-7,0.00012434825248931053
13316,4.919164870997861e-7,0.00012429745832552228
13317,4.917139788673808e-7,0.00012424668492188456
13318,4.915118756443349e-7,0.000124195932270154
13319,4.913101685488641e-7,0.00012414520036206286
13320,4.911088655745743e-7,0.00012409448918915614
13321,4.909079605042166e-7,0.00012404379874243754
13322,4.907074568905045e-7,0.00012399312901404877
13323,4.905073529570814e-7,0.00012394247999528152
13324,4.903076469275902e-7,0.00012389185167748992
13325,4.901083388020311e-7,0.0001238412440523265
13326,4.899094294685824e-7,0.0001237906571112113
13327,4.897109171508873e-7,0.00012374009084599458
13328,4.895128018489459e-7,0.00012368954524778764
13329,4.893150853391148e-7,0.00012363902030866625
13330,4.891177640686806e-7,0.00012358851601968618
13331,4.889208389258215e-7,0.0001235380323723126
13332,4.887243072460024e-7,0.00012348756935847902
13333,4.885281734701152e-7,0.00012343712696973388
13334,4.88332433157268e-7,0.00012338670519758052
13335,4.881370863074608e-7,0.0001233363040336298
13336,4.879421329206934e-7,0.00012328592346926015
13337,4.877475747733229e-7,0.00012323556349597836
13338,4.875534100889922e-7,0.00012318522410589491
13339,4.873596344268094e-7,0.0001231349056827133
13340,4.871662522276665e-7,0.00012308460844486988
13341,4.869732661560988e-7,0.00012303433176404435
13342,4.867806673303221e-7,0.0001229840756325276
13343,4.865884593030501e-7,0.00012293384004109786
13344,4.863966438506395e-7,0.0001228836249812272
13345,4.862052174203768e-7,0.00012283343044502265
13346,4.860141817886188e-7,0.00012278325642370302
13347,4.858235342908301e-7,0.00012273310290941697
13348,4.856332740388325e-7,0.0001226829698931925
13349,4.854434036971611e-7,0.00012263285736694926
13350,4.85253923265816e-7,0.00012258276532202406
13351,4.850648291920834e-7,0.0001225326937506592
13352,4.84876120587785e-7,0.00012248264264369882
13353,4.846877983410991e-7,0.0001224326119929793
13354,4.844998633402042e-7,0.00012238260179059032
13355,4.843123173614572e-7,0.00012233261202788254
13356,4.841251524112522e-7,0.0001222826426964252
13357,4.83938376483195e-7,0.00012223269378778753
13358,4.837519851363936e-7,0.00012218276529354227
13359,4.835659757063127e-7,0.00012213285720575826
13360,4.83380349969309e-7,0.00012208296951618167
13361,4.831951105899179e-7,0.00012203310221557337
13362,4.830102522390689e-7,0.00012198325529642895
13363,4.828257775812972e-7,0.00012193342875010948
13364,4.826416830638891e-7,0.00012188362256802115
13365,4.824579722395583e-7,0.00012183383674213913
13366,4.822746415555912e-7,0.00012178407126445245
13367,4.820916945647014e-7,0.00012173432612573587
13368,4.819091250496399e-7,0.00012168460131888048
13369,4.817269383394773e-7,0.00012163489683426898
13370,4.815451317696784e-7,0.00012158521266442818
13371,4.813637017875294e-7,0.00012153554880072262
13372,4.811826528339225e-7,0.00012148590523538075
13373,4.810019831325008e-7,0.00012143628195932996
13374,4.808216891305506e-7,0.00012138667896461133
13375,4.806417770453209e-7,0.00012133709624303352
13376,4.804622388832058e-7,0.00012128753378626983
13377,4.802830764205623e-7,0.00012123799158544543
13378,4.801042923219256e-7,0.00012118846963327101
13379,4.799258865872957e-7,0.00012113896792085091
13380,4.797478538876021e-7,0.00012108948643998682
13381,4.795701977755584e-7,0.00012104002518233473
13382,4.793929191393431e-7,0.00012099058413980734
13383,4.792160099853504e-7,0.00012094116330447005
13384,4.790394791953645e-7,0.0001208917626668235
13385,4.788633187757796e-7,0.00012084238221986981
13386,4.786875331674878e-7,0.00012079302195490069
13387,4.785121205941323e-7,0.0001207436818635721
13388,4.783370819438915e-7,0.00012069436193764757
13389,4.781624145522301e-7,0.00012064506216880391
13390,4.779881184191481e-7,0.00012059578254931119
13391,4.77814194432824e-7,0.00012054652307027375
13392,4.776406408169009e-7,0.00012049728372361124
13393,4.774674593477357e-7,0.00012044806450141332
13394,4.772946464726147e-7,0.00012039886539505495
13395,4.771222039678946e-7,0.00012034968639635518
13396,4.769501300572188e-7,0.00012030052749741407
13397,4.7677842829330075e-7,0.00012025138868959964
13398,4.766070906825348e-7,0.00012020226996532768
13399,4.7643612610670516e-7,0.0001201531713157511
13400,4.7626552479584916e-7,0.00012010409273251893
13401,4.760952947435726e-7,0.00012005503420806432
13402,4.759254279562697e-7,0.00012000599573378651
13403,4.7575592976301095e-7,0.00011995697730120963
13404,4.755867966110827e-7,0.00011990797890276336
13405,4.7541803205319866e-7,0.00011985900052990939
13406,4.752496316484667e-7,0.00011981004217466798
13407,4.750815971732436e-7,0.00011976110382862226
13408,4.749139259629942e-7,0.00011971218548380985
13409,4.747466197940753e-7,0.00011966328713174448
13410,4.745796795546653e-7,0.00011961440876412724
13411,4.7441309902751527e-7,0.00011956555037339126
13412,4.742468808771605e-7,0.00011951671195064087
13413,4.7408102954449305e-7,0.00011946789348857637
13414,4.73915538812264e-7,0.00011941909497814943
13415,4.7375040868047336e-7,0.0001193703164116787
13416,4.735856427018348e-7,0.00011932155778099016
13417,4.734212364354562e-7,0.00011927281907783693
13418,4.73257190769516e-7,0.00011922410029410052
13419,4.730935057040142e-7,0.00011917540142123914
13420,4.7293018301530765e-7,0.00011912672245184552
13421,4.727672164861474e-7,0.0001190780633777283
13422,4.7260461233378237e-7,0.0001190294241898357
13423,4.7244236434096365e-7,0.00011898080488089574
13424,4.7228047694858333e-7,0.00011893220544253666
13425,4.721189457157493e-7,0.00011888362586627219
13426,4.7195777330699684e-7,0.00011883506614455974
13427,4.717969579459691e-7,0.00011878652626879163
13428,4.7163649963266607e-7,0.00011873800623125527
13429,4.7147639747890935e-7,0.00011868950602347134
13430,4.713166514846989e-7,0.00011864102563764051
13431,4.711572625382132e-7,0.00011859256506529733
13432,4.7099822797491697e-7,0.00011854412429883679
13433,4.708395477948102e-7,0.00011849570333012649
13434,4.7068122199789286e-7,0.00011844730215013893
13435,4.7052325324870026e-7,0.000118398920751734
13436,4.703656379945187e-7,0.00011835055912647052
13437,4.7020837445899133e-7,0.00011830221726640694
13438,4.700514635302966e-7,0.0001182538951634976
13439,4.698949069847913e-7,0.00011820559280897522
13440,4.697387012697618e-7,0.00011815731019565456
13441,4.6958284904974334e-7,0.00011810904731529223
13442,4.6942734766020067e-7,0.00011806080415964135
13443,4.692721979893122e-7,0.00011801258072019483
13444,4.691173982607211e-7,0.00011796437698990969
13445,4.689629484744273e-7,0.0001179161929597411
13446,4.688088512949662e-7,0.00011786802862210136
13447,4.686551022814456e-7,0.00011781988396895524
13448,4.6850170321022233e-7,0.00011777175899192749
13449,4.683486514167612e-7,0.0001177236536834235
13450,4.681959495655974e-7,0.00011767556803502638
13451,4.68043597656731e-7,0.00011762750203844069
13452,4.67891589472913e-7,0.00011757945568642222
13453,4.6773993034321393e-7,0.00011753142897036675
13454,4.675886193794554e-7,0.0001174834218829364
13455,4.6743765480528054e-7,0.00011743543441499263
13456,4.672870366206894e-7,0.0001173874665588645
13457,4.671367648256819e-7,0.00011733951830744313
13458,4.669868358675444e-7,0.00011729158965144079
13459,4.6683725507534746e-7,0.00011724368058353002
13460,4.666880180081989e-7,0.00011719579109551598
13461,4.6653912555427723e-7,0.00011714792117969997
13462,4.663905786017608e-7,0.00011710007082761653
13463,4.662423709334007e-7,0.00011705224003170922
13464,4.6609451143098113e-7,0.0001170044287833287
13465,4.659469921008963e-7,0.00011695663707516138
13466,4.6579981560768147e-7,0.00011690886489866895
13467,4.6565298283951506e-7,0.00011686111224644066
13468,4.655064902436834e-7,0.00011681337910964679
13469,4.6536033959654333e-7,0.00011676566548113332
13470,4.6521453089809484e-7,0.00011671797135275053
13471,4.650690632601595e-7,0.00011667029671627235
13472,4.6492393313002367e-7,0.0001166226415639654
13473,4.6477914672493625e-7,0.00011657500588724279
13474,4.646346969394699e-7,0.00011652738967890888
13475,4.644905882145167e-7,0.00011647979293052252
13476,4.64346816997363e-7,0.00011643221563457928
13477,4.642033868407225e-7,0.0001163846577828323
13478,4.64060293303703e-7,0.0001163371193669896
13479,4.639175363863046e-7,0.00011628960037998043
13480,4.6377511875306254e-7,0.00011624210081286057
13481,4.6363303862761995e-7,0.00011619462065860092
13482,4.6349129423362e-7,0.00011614715990825031
13483,4.6334988290652745e-7,0.00011609971855472065
13484,4.6320881175176964e-7,0.00011605229658995242
13485,4.630680736639192e-7,0.00011600489400561895
13486,4.629276730838683e-7,0.00011595751079412214
13487,4.627876073470816e-7,0.00011591014694742677
13488,4.6264787467720225e-7,0.00011586280245728248
13489,4.625084777387656e-7,0.00011581547731630976
13490,4.6236941297905787e-7,0.00011576817151619234
13491,4.6223068217443597e-7,0.00011572088504934949
13492,4.6209228443672146e-7,0.00011567361790786393
13493,4.619542188777359e-7,0.00011562637008388776
13494,4.6181648638565775e-7,0.00011557914156874391
13495,4.61679086960487e-7,0.00011553193235535122
13496,4.6154201793768834e-7,0.00011548474243559467
13497,4.61405277540905e-7,0.00011543757180175473
13498,4.6126887198738586e-7,0.0001153904204452133
13499,4.6113279594806045e-7,0.00011534328835932986
13500,4.6099705031110716e-7,0.00011529617553503874
13501,4.6086163330016916e-7,0.00011524908196504022
13502,4.6072654491524645e-7,0.00011520200764113947
13503,4.6059178693269587e-7,0.00011515495255576269
13504,4.60457358464339e-7,0.0001151079167011175
13505,4.60323257733819e-7,0.00011506090006920336
13506,4.6018948385295744e-7,0.00011501390265187053
13507,4.6005603859811117e-7,0.00011496692444168052
13508,4.599229219692802e-7,0.00011491996543029973
13509,4.597901295255724e-7,0.00011487302561027576
13510,4.5965766659605833e-7,0.00011482610497350748
13511,4.5952552696348903e-7,0.00011477920351294843
13512,4.5939371418057817e-7,0.00011473232121954682
13513,4.5926222735914735e-7,0.00011468545808616601
13514,4.591310682755534e-7,0.00011463861410482626
13515,4.5900022982436894e-7,0.00011459178926719049
13516,4.5886971911102137e-7,0.00011454498356657308
13517,4.587395299182617e-7,0.00011449819699389449
13518,4.5860966402244685e-7,0.00011445142954262522
13519,4.584801249762904e-7,0.0001144046812037447
13520,4.583509065625435e-7,0.00011435795196988383
13521,4.5822201144574137e-7,0.00011431124183344799
13522,4.5809343784952716e-7,0.00011426455078645051
13523,4.579651866620793e-7,0.00011421787882081799
13524,4.578372569952194e-7,0.0001141712259290946
13525,4.577096488489474e-7,0.00011412459210358855
13526,4.575823613350849e-7,0.00011407797733599748
13527,4.574553935654535e-7,0.00011403138161915696
13528,4.5732874820458846e-7,0.00011398480494457727
13529,4.572024225879545e-7,0.00011393824730487542
13530,4.570764149391948e-7,0.00011389170869246373
13531,4.569507270346662e-7,0.00011384518909940064
13532,4.568253579861903e-7,0.00011379868851749825
13533,4.567003060174102e-7,0.00011375220693947072
13534,4.565755737928612e-7,0.00011370574435695668
13535,4.5645116042436484e-7,0.00011365930076294439
13536,4.563270632473859e-7,0.00011361287614903778
13537,4.562032804855676e-7,0.00011356647050811408
13538,4.5607981835615874e-7,0.00011352008383211723
13539,4.559566724182673e-7,0.00011347371611273444
13540,4.558338417837149e-7,0.0001134273673429366
13541,4.5571132556432303e-7,0.00011338103751484113
13542,4.5558912376009175e-7,0.00011333472662046484
13543,4.5546724081191314e-7,0.00011328843465214372
13544,4.5534566961435985e-7,0.00011324216160244274
13545,4.5522441283196713e-7,0.00011319590746274033
13546,4.551034722410918e-7,0.00011314967222655556
13547,4.5498284340084183e-7,0.00011310345588493032
13548,4.54862528087574e-7,0.00011305725843122061
13549,4.547425254131099e-7,0.00011301107985694711
13550,4.5462283626562794e-7,0.00011296492015466092
13551,4.545034597569497e-7,0.000112918779316757
13552,4.5438439233436156e-7,0.00011287265733496768
13553,4.5426563843875556e-7,0.00011282655420243037
13554,4.5414719540559645e-7,0.00011278046991070739
13555,4.5402906412306265e-7,0.00011273440445239841
13556,4.5391124281479733e-7,0.00011268835781996084
13557,4.5379373059262207e-7,0.00011264233000554333
13558,4.5367653100925054e-7,0.00011259632100101696
13559,4.5355964051196906e-7,0.00011255033079914448
13560,4.5344305465988555e-7,0.00011250435939241105
13561,4.533267823347842e-7,0.0001124584067727051
13562,4.532108155430592e-7,0.00011241247293267836
13563,4.530951587256027e-7,0.00011236655786435457
13564,4.529798101060578e-7,0.00011232066156009052
13565,4.5286476790806773e-7,0.00011227478401263508
13566,4.5275003301981087e-7,0.00011222892521397382
13567,4.5263560721764406e-7,0.00011218308515608191
13568,4.5252148250796154e-7,0.00011213726383192332
13569,4.524076686607259e-7,0.00011209146123343852
13570,4.5229415945868823e-7,0.00011204567735304677
13571,4.521809549018485e-7,0.00011199991218322283
13572,4.5206805410202833e-7,0.00011195416571632699
13573,4.519554588355845e-7,0.00011190843794466401
13574,4.518431699906955e-7,0.00011186272886030274
13575,4.5173118490282604e-7,0.00011181703845589142
13576,4.516195026837977e-7,0.00011177136672364807
13577,4.5150812333361046e-7,0.00011172571365618625
13578,4.5139704774044276e-7,0.00011168007924566153
13579,4.5128627412793776e-7,0.00011163446348431624
13580,4.511758051606307e-7,0.00011158886636476392
13581,4.5106563639762953e-7,0.00011154328787941689
13582,4.5095577050346947e-7,0.00011149772802034746
13583,4.508462030372584e-7,0.00011145218678020735
13584,4.507369393280669e-7,0.00011140666415112785
13585,4.506279767113597e-7,0.00011136116012620129
13586,4.505193142989583e-7,0.00011131567469657017
13587,4.504109520908628e-7,0.00011127020785577785
13588,4.503028883107163e-7,0.00011122475959560521
13589,4.501951256230541e-7,0.0001111793299087109
13590,4.5008766047516247e-7,0.00011113391878712561
13591,4.4998049375521987e-7,0.00011108852622359472
13592,4.498736263514047e-7,0.00011104315221078034
13593,4.4976705737553857e-7,0.00011099779674081031
13594,4.496607850512646e-7,0.00011095245980554877
13595,4.495548129312965e-7,0.00011090714139858765
13596,4.494491374629206e-7,0.00011086184151099313
13597,4.4934375509342317e-7,0.0001108165601359859
13598,4.4923867115187477e-7,0.0001107712972662836
13599,4.4913388297374013e-7,0.00011072605289381282
13600,4.4902939411173293e-7,0.00011068082701096507
13601,4.4892519568406897e-7,0.00011063561961020124
13602,4.488212939079972e-7,0.00011059043068460672
13603,4.4871768789533917e-7,0.00011054526022563627
13604,4.486143767579165e-7,0.00011050010822639955
13605,4.485113578311939e-7,0.00011045497467935053
13606,4.484086364442419e-7,0.00011040985957624927
13607,4.483062037152763e-7,0.00011036476291048994
13608,4.482040676379029e-7,0.00011031968467389505
13609,4.4810222288305113e-7,0.00011027462485899489
13610,4.4800067122707787e-7,0.00011022958345813239
13611,4.478994117818047e-7,0.00011018456046453864
13612,4.477984436590532e-7,0.00011013955587008475
13613,4.476977686351802e-7,0.0001100945696670616
13614,4.475973822692936e-7,0.00011004960184804805
13615,4.4749728722592863e-7,0.00011000465240618498
13616,4.473974861696206e-7,0.0001099597213331388
13617,4.472979711067637e-7,0.00010991480862172082
13618,4.4719874914278535e-7,0.00010986991426463477
13619,4.470998167249718e-7,0.00010982503825352971
13620,4.4700116941243095e-7,0.00010978018058206696
13621,4.469028151987686e-7,0.00010973534124220086
13622,4.4680474697855743e-7,0.00010969052022611822
13623,4.467069700808679e-7,0.00010964571752672403
13624,4.466094791766295e-7,0.00010960093313665611
13625,4.465122787067344e-7,0.0001095561670475878
13626,4.4641536245393354e-7,0.00010951141925312491
13627,4.463187339709407e-7,0.00010946668974501361
13628,4.4622239148139897e-7,0.00010942197851654054
13629,4.461263394262005e-7,0.00010937728555947615
13630,4.460305706999179e-7,0.0001093326108664687
13631,4.459350844143728e-7,0.00010928795443003458
13632,4.458398876749925e-7,0.00010924331624312736
13633,4.457449742645281e-7,0.0001091986962978228
13634,4.4565034507115797e-7,0.00010915409458730693
13635,4.4555600453577426e-7,0.00010910951110314551
13636,4.4546194377659276e-7,0.00010906494583873619
13637,4.453681698990408e-7,0.0001090203987859327
13638,4.4527467757404793e-7,0.00010897586993784125
13639,4.451814685779709e-7,0.00010893135928671804
13640,4.450885437989882e-7,0.00010888686682553744
13641,4.4499590146074297e-7,0.00010884239254625727
13642,4.4490353978687835e-7,0.00010879793644164026
13643,4.4481146321828646e-7,0.00010875349850457752
13644,4.447196637613615e-7,0.00010870907872718993
13645,4.446281494097093e-7,0.00010866467710255248
13646,4.445369148342593e-7,0.00010862029362292483
13647,4.4444596003501147e-7,0.00010857592828044521
13648,4.443552867883227e-7,0.00010853158106829269
13649,4.4426489420601456e-7,0.00010848725197923001
13650,4.441747805117302e-7,0.00010844294100492008
13651,4.440849439291128e-7,0.00010839864813894096
13652,4.4399538978723285e-7,0.00010835437337321924
13653,4.439061136451983e-7,0.0001083101167010242
13654,4.438171172793659e-7,0.00010826587811431712
13655,4.4372839624884364e-7,0.00010822165760624933
13656,4.43639955882702e-7,0.00010817745516890007
13657,4.435517917400489e-7,0.00010813327079485513
13658,4.434639038208843e-7,0.0001080891044771444
13659,4.433762956779219e-7,0.00010804495620803448
13660,4.432889610939128e-7,0.00010800082598058647
13661,4.4320190450974906e-7,0.0001079567137868831
13662,4.431151232608954e-7,0.0001079126196201173
13663,4.430286191237087e-7,0.0001078685434723961
13664,4.429423876572969e-7,0.00010782448533625671
13665,4.428564341907304e-7,0.00010778044520486779
13666,4.427707542831172e-7,0.00010773642307097125
13667,4.426853497108141e-7,0.00010769241892659778
13668,4.426002178092858e-7,0.00010764843276438174
13669,4.4251535946671083e-7,0.00010760446457752648
13670,4.4243077734762437e-7,0.00010756051435812514
13671,4.4234646701113434e-7,0.00010751658209924922
13672,4.4226242845724073e-7,0.00010747266779323819
13673,4.421786643504788e-7,0.00010742877143319132
13674,4.4209517380267016e-7,0.00010738489301134052
13675,4.4201195059656584e-7,0.00010734103252030627
13676,4.419290018375932e-7,0.00010729718995361459
13677,4.418463257493954e-7,0.00010725336530244614
13678,4.417639196674372e-7,0.00010720955856067735
13679,4.416817818153618e-7,0.00010716576972056788
13680,4.4159991929859643e-7,0.0001071219987744329
13681,4.415183241235354e-7,0.00010707824571560415
13682,4.414369998428924e-7,0.00010703451053626842
13683,4.4135594379213217e-7,0.0001069907932296256
13684,4.412751568594331e-7,0.00010694709378816086
13685,4.4119463904479517e-7,0.00010690341220438715
13686,4.411143930127537e-7,0.00010685974847060922
13687,4.410344134342381e-7,0.0001068161025802282
13688,4.4095470030924844e-7,0.00010677247452614558
13689,4.408752554141415e-7,0.00010672886430019776
13690,4.407960805252742e-7,0.00010668527189580668
13691,4.4071717120175435e-7,0.00010664169730506198
13692,4.406385283317604e-7,0.00010659814052133704
13693,4.405601519152924e-7,0.00010655460153728702
13694,4.4048204372870714e-7,0.00010651108034499812
13695,4.4040420021929094e-7,0.00010646757693723308
13696,4.403266213870438e-7,0.00010642409130760463
13697,4.402493090083226e-7,0.00010638062344785204
13698,4.4017226041859203e-7,0.00010633717335176845
13699,4.400954782823874e-7,0.00010629374101089883
13700,4.400189608233518e-7,0.00010625032641879001
13701,4.3994270537695e-7,0.0001062069295677294
13702,4.398667146077173e-7,0.00010616355045092035
13703,4.3979098762747526e-7,0.00010612018906065376
13704,4.397155253244023e-7,0.00010607684538987625
13705,4.396403250339631e-7,0.00010603351943167666
13706,4.3956538675615775e-7,0.00010599021117820712
13707,4.394907104909862e-7,0.00010594692062258423
13708,4.394162971266269e-7,0.00010590364775732442
13709,4.393421457749014e-7,0.00010586039257530142
13710,4.392682573239881e-7,0.00010581715506966308
13711,4.3919462644481655e-7,0.00010577393523245049
13712,4.391212584664572e-7,0.00010573073305708211
13713,4.390481516125533e-7,0.00010568754853632761
13714,4.389753032185695e-7,0.00010564438166225584
13715,4.389027177253979e-7,0.00010560123242832342
13716,4.388303880276112e-7,0.000105558100827359
13717,4.3875832211881516e-7,0.00010551498685137939
13718,4.386865137817608e-7,0.00010547189049394529
13719,4.386149621282698e-7,0.00010542881174718105
13720,4.3854367248741255e-7,0.00010538575060516087
13721,4.384726395301186e-7,0.00010534270705904458
13722,4.384018641445664e-7,0.00010529968110261148
13723,4.3833134544257746e-7,0.00010525667272835368
13724,4.382610860886871e-7,0.00010521368192932187
13725,4.381910825301816e-7,0.00010517070869838635
13726,4.381213365434178e-7,0.00010512775302779637
13727,4.3805184546386045e-7,0.00010508481491093222
13728,4.379826119560448e-7,0.00010504189434057051
13729,4.3791363424361407e-7,0.00010499899130930399
13730,4.378449123265682e-7,0.00010495610581015558
13731,4.377764462049072e-7,0.00010491323783539883
13732,4.377082367668095e-7,0.00010487038737851118
13733,4.376402777950261e-7,0.00010482755443200556
13734,4.375725763949845e-7,0.0001047847389890541
13735,4.375051263494356e-7,0.00010474194104221832
13736,4.3743793387562846e-7,0.00010469916058473278
13737,4.3737099186813566e-7,0.0001046563976086351
13738,4.373043047678493e-7,0.0001046136521074166
13739,4.37237871686591e-7,0.00010457092407320512
13740,4.3717168907164705e-7,0.00010452821350030034
13741,4.3710575781119587e-7,0.00010448552038027498
13742,4.3704008145795115e-7,0.00010444284470641566
13743,4.369746564591992e-7,0.00010440018647172103
13744,4.3690948281494e-7,0.0001043575456684577
13745,4.368445605251736e-7,0.00010431492229001985
13746,4.3677988692536474e-7,0.0001042723163293506
13747,4.3671547000911914e-7,0.00010422972777937925
13748,4.3665129734193897e-7,0.00010418715663249034
13749,4.3658737869378683e-7,0.00010414460288201213
13750,4.365237087355922e-7,0.00010410206652048531
13751,4.364602865791767e-7,0.0001040595475411514
13752,4.363971140008971e-7,0.00010401704593650599
13753,4.363341927771103e-7,0.00010397456169987385
13754,4.36271520243281e-7,0.00010393209482361526
13755,4.3620909462305235e-7,0.0001038896453011591
13756,4.3614691858095966e-7,0.00010384721312524381
13757,4.3608498856428923e-7,0.00010380479828890274
13758,4.360233072375763e-7,0.00010376240078440943
13759,4.359618728244641e-7,0.00010372002060576868
13760,4.3590068621313094e-7,0.00010367765774477872
13761,4.3583974562722005e-7,0.00010363531219503494
13762,4.3577905106673143e-7,0.00010359298394898783
13763,4.3571860164348664e-7,0.00010355067299991014
13764,4.3565840091019936e-7,0.00010350837934076582
13765,4.355984444259775e-7,0.00010346610296439393
13766,4.355387330789995e-7,0.00010342384386356068
13767,4.3547926953380056e-7,0.00010338160203145555
13768,4.3542004579677496e-7,0.00010333937746090718
13769,4.353610680851716e-7,0.00010329717014443546
13770,4.3530233817534736e-7,0.00010325498007590639
13771,4.3524384807369643e-7,0.0001032128072473576
13772,4.351856022211109e-7,0.00010317065165245734
13773,4.351276006175908e-7,0.00010312851328391284
13774,4.350698423749577e-7,0.00010308639213438969
13775,4.3501232838139003e-7,0.00010304428819679287
13776,4.3495505330781725e-7,0.00010300220146440206
13777,4.3489802514784515e-7,0.00010296013193048306
13778,4.348412350196895e-7,0.00010291807958712901
13779,4.347846891405993e-7,0.00010287604442845572
13780,4.3472838040514716e-7,0.00010283402644623366
13781,4.3467232035965253e-7,0.00010279202563406864
13782,4.346164939050823e-7,0.00010275004198493157
13783,4.345609099232206e-7,0.00010270807549177252
13784,4.3450556663771067e-7,0.00010266612614749301
13785,4.344504649367309e-7,0.00010262419394531028
13786,4.343956012675676e-7,0.00010258227887799745
13787,4.343409774065776e-7,0.00010254038093832421
13788,4.3428659335376096e-7,0.0001024985001196535
13789,4.342324491091176e-7,0.00010245663641503255
13790,4.341785411199339e-7,0.0001024147898168841
13791,4.3412487293892355e-7,0.0001023729603186127
13792,4.3407144367790806e-7,0.00010233114791381726
13793,4.340182506723522e-7,0.00010228935259436883
13794,4.3396529569861286e-7,0.00010224757435389406
13795,4.339125796448684e-7,0.00010220581318539854
13796,4.3386009807022674e-7,0.00010216406908177336
13797,4.3380785541558e-7,0.00010212234203648557
13798,4.33755847240036e-7,0.0001020806320391962
13799,4.337040753199517e-7,0.00010203893908866321
13800,4.336525387671486e-7,0.00010199726317478702
13801,4.33601240246162e-7,0.00010195560429138856
13802,4.335501770924566e-7,0.00010191396243102238
13803,4.33499348417854e-7,0.0001018723375867947
13804,4.334487551105326e-7,0.00010183072975176316
13805,4.3339839272960035e-7,0.00010178913891905478
13806,4.333482701568414e-7,0.00010174756508122065
13807,4.3329837673411475e-7,0.00010170600823168618
13808,4.3324871956684774e-7,0.00010166446836386636
13809,4.331992959905051e-7,0.00010162294547046494
13810,4.3315010600508685e-7,0.00010158143954444587
13811,4.331011469460577e-7,0.0001015399505791062
13812,4.330524223661314e-7,0.00010149847856697272
13813,4.330039287125942e-7,0.0001014570235014986
13814,4.329556695381598e-7,0.00010141558537607107
13815,4.3290763951375766e-7,0.00010137416418346673
13816,4.328598421921015e-7,0.00010133275991664262
13817,4.3281227579683446e-7,0.00010129137256878473
13818,4.3276494121613496e-7,0.00010125000213294377
13819,4.32717838450003e-7,0.00010120864860216003
13820,4.326709639457249e-7,0.00010116731196950501
13821,4.3262432036783594e-7,0.00010112599222822025
13822,4.3257790682815767e-7,0.00010108468937129397
13823,4.325317242148685e-7,0.00010104340339179771
13824,4.3248577163979007e-7,0.0001010021342830493
13825,4.3244004555020865e-7,0.00010096088203809597
13826,4.3239454949883793e-7,0.0001009196466494923
13827,4.323492825974995e-7,0.00010087842811126041
13828,4.3230424484619334e-7,0.00010083722641548651
13829,4.322594335803842e-7,0.0001007960415562413
13830,4.322148488000721e-7,0.00010075487352577753
13831,4.321704940579707e-7,0.00010071372231795078
13832,4.3212636668954474e-7,0.00010067258792561748
13833,4.320824649184374e-7,0.00010063147034190117
13834,4.320387922973623e-7,0.00010059036955961664
13835,4.319953443854274e-7,0.00010054928557223786
13836,4.3195212295898955e-7,0.00010050821837275306
13837,4.319091280180487e-7,0.00010046716795427887
13838,4.3186635867442646e-7,0.00010042613431054254
13839,4.318238140399444e-7,0.00010038511743352269
13840,4.317814967791378e-7,0.00010034411731752249
13841,4.317394015629361e-7,0.00010030313395464896
13842,4.3169753372040987e-7,0.00010026216733891383
13843,4.316558905870238e-7,0.00010022121746311799
13844,4.3161446861006425e-7,0.00010018028432027051
13845,4.315732722304233e-7,0.0001001393679039321
13846,4.315322996717441e-7,0.00010009846820693141
13847,4.314915509340267e-7,0.0001000575852222324
13848,4.314510251290926e-7,0.00010001671894378436
13849,4.314107222569419e-7,9.997586936403083e-5
13850,4.3137063965303923e-7,9.993503647597393e-5
13851,4.313307826464552e-7,9.989422027369133e-5
13852,4.3129114679629765e-7,9.985342074949125e-5
13853,4.312517321025666e-7,9.981263789683031e-5
13854,4.312125394534405e-7,9.977187170940108e-5
13855,4.3117356618438407e-7,9.973112217957075e-5
13856,4.311348167362894e-7,9.969038930071963e-5
13857,4.310962875564428e-7,9.964967306646047e-5
13858,4.3105798042120114e-7,9.960897346988906e-5
13859,4.3101988911331546e-7,9.956829050399713e-5
13860,4.3098202162639154e-7,9.952762416193597e-5
13861,4.309443726313589e-7,9.948697443691937e-5
13862,4.309069439045743e-7,9.944634132233107e-5
13863,4.3086973366968095e-7,9.940572481156526e-5
13864,4.3083274192667886e-7,9.936512489731528e-5
13865,4.3079596956374644e-7,9.932454157272202e-5
13866,4.307594165808837e-7,9.928397483173132e-5
13867,4.3072308120173375e-7,9.924342466698793e-5
13868,4.3068696342629664e-7,9.920289107179237e-5
13869,4.3065106325457236e-7,9.916237403985104e-5
13870,4.3061538157473933e-7,9.912187356329871e-5
13871,4.3057991394590545e-7,9.908138963640387e-5
13872,4.305446683616765e-7,9.904092225194658e-5
13873,4.3050963682844667e-7,9.900047140307816e-5
13874,4.3047482201075127e-7,9.896003708377218e-5
13875,4.3044022213223343e-7,9.891961928655893e-5
13876,4.3040584163378526e-7,9.887921800453073e-5
13877,4.30371672521801e-7,9.883883323112339e-5
13878,4.3033772190170794e-7,9.879846495966862e-5
13879,4.3030398444443563e-7,9.875811318380001e-5
13880,4.302704637026977e-7,9.871777789621436e-5
13881,4.3023715612378055e-7,9.867745909022604e-5
13882,4.3020406437221936e-7,9.863715675967333e-5
13883,4.301711857834789e-7,9.859687089719057e-5
13884,4.301385212457376e-7,9.855660149602624e-5
13885,4.3010607075899543e-7,9.851634854959532e-5
13886,4.300738343232524e-7,9.847611205145157e-5
13887,4.3004180838579487e-7,9.843589199438896e-5
13888,4.300099982756933e-7,9.839568837227003e-5
13889,4.299783986638772e-7,9.835550117752445e-5
13890,4.2994701221488185e-7,9.831533040441029e-5
13891,4.299158424814209e-7,9.82751760455515e-5
13892,4.298848779171749e-7,9.823503809424511e-5
13893,4.2985412918028487e-7,9.819491654428428e-5
13894,4.298235900535019e-7,9.815481138856358e-5
13895,4.2979326320136124e-7,9.811472262023432e-5
13896,4.2976314595932763e-7,9.807465023269069e-5
13897,4.2973324099193633e-7,9.803459421958011e-5
13898,4.2970354385829523e-7,9.799455457396022e-5
13899,4.2967405988747487e-7,9.795453128957216e-5
13900,4.296447837504047e-7,9.791452435900516e-5
13901,4.2961571811162e-7,9.787453377560484e-5
13902,4.295868620829424e-7,9.783455953290762e-5
13903,4.295582147761934e-7,9.779460162464074e-5
13904,4.29529776191373e-7,9.77546600435808e-5
13905,4.295015472166597e-7,9.771473478356954e-5
13906,4.294735278520534e-7,9.767482583726561e-5
13907,4.2944571276848365e-7,9.763493319821931e-5
13908,4.294181108477346e-7,9.759505685976236e-5
13909,4.293907105434869e-7,9.75551968155769e-5
13910,4.2936352251388143e-7,9.751535305882464e-5
13911,4.2933653965349095e-7,9.747552558259445e-5
13912,4.2930976373867225e-7,9.743571438045745e-5
13913,4.292831965457822e-7,9.739591944548862e-5
13914,4.2925683363392864e-7,9.735614077157478e-5
13915,4.2923067677946847e-7,9.731637835159318e-5
13916,4.2920472864693693e-7,9.727663217932309e-5
13917,4.291789847954419e-7,9.723690224742315e-5
13918,4.2915344522498344e-7,9.719718854986348e-5
13919,4.291281108237399e-7,9.715749107977456e-5
13920,4.291029833680682e-7,9.711780983051588e-5
13921,4.29078060193433e-7,9.707814479550242e-5
13922,4.290533412998343e-7,9.703849596818387e-5
13923,4.290288249109153e-7,9.699886334164215e-5
13924,4.2900451635574655e-7,9.695924690973634e-5
13925,4.289804085289006e-7,9.691964666536101e-5
13926,4.2895650498309124e-7,9.688006260182361e-5
13927,4.289328057183184e-7,9.684049471304912e-5
13928,4.289093080700468e-7,9.680094299187661e-5
13929,4.288860138146333e-7,9.676140743241496e-5
13930,4.2886292206389953e-7,9.6721888027302e-5
13931,4.2884003370602386e-7,9.668238477058763e-5
13932,4.2881734696464946e-7,9.664289765503806e-5
13933,4.2879486183977633e-7,9.660342667430766e-5
13934,4.287725792195829e-7,9.656397182155815e-5
13935,4.287504973277123e-7,9.652453309107537e-5
13936,4.287286161641646e-7,9.648511047517447e-5
13937,4.287069357289397e-7,9.644570396789495e-5
13938,4.2868545602203767e-7,9.640631356233609e-5
13939,4.286641779316369e-7,9.63669392522841e-5
13940,4.286430996813806e-7,9.632758103048089e-5
13941,4.286222212712687e-7,9.62882388913372e-5
13942,4.286015418131228e-7,9.624891282740411e-5
13943,4.285810621951214e-7,9.620960283247479e-5
13944,4.2856078241726436e-7,9.617030890022443e-5
13945,4.2854070070319494e-7,9.613103102355455e-5
13946,4.2852081794109154e-7,9.60917691957934e-5
13947,4.2850113501913256e-7,9.605252341121986e-5
13948,4.284816510491396e-7,9.601329366287423e-5
13949,4.284623633665774e-7,9.597407994385576e-5
13950,4.2844327285962436e-7,9.593488224757946e-5
13951,4.2842438219281576e-7,9.589570056814031e-5
13952,4.2840568603708107e-7,9.585653489883536e-5
13953,4.283871888333124e-7,9.581738523260427e-5
13954,4.283688888051529e-7,9.577825156283082e-5
13955,4.283507841762457e-7,9.573913388366898e-5
13956,4.2833287849930457e-7,9.570003218854067e-5
13957,4.283151655570805e-7,9.566094647034742e-5
13958,4.282976515668224e-7,9.562187672243136e-5
13959,4.2828033119945985e-7,9.558282293906789e-5
13960,4.2826320800770645e-7,9.554378511340833e-5
13961,4.2824627755067013e-7,9.550476323861787e-5
13962,4.282295451574214e-7,9.546575730861803e-5
13963,4.2821300549888974e-7,9.542676731632768e-5
13964,4.2819666212778884e-7,9.538779325591121e-5
13965,4.281805106032266e-7,9.53488351200793e-5
13966,4.281645544779167e-7,9.530989290303798e-5
13967,4.281487928636807e-7,9.527096659815368e-5
13968,4.2813322309598334e-7,9.523205619861932e-5
13969,4.2811784872753833e-7,9.519316169762787e-5
13970,4.281026635410967e-7,9.515428308956922e-5
13971,4.280876755302643e-7,9.511542036726162e-5
13972,4.280728784777921e-7,9.507657352449475e-5
13973,4.280582759363938e-7,9.503774255449626e-5
13974,4.280438634651773e-7,9.499892745148605e-5
13975,4.2802964550503475e-7,9.496012820816094e-5
13976,4.2801561583871717e-7,9.492134481826897e-5
13977,4.280017797952951e-7,9.488257727568311e-5
13978,4.279881338220548e-7,9.48438255732216e-5
13979,4.2797467791899635e-7,9.480508970509047e-5
13980,4.279614165270118e-7,9.476636966443408e-5
13981,4.279483425406738e-7,9.472766544488948e-5
13982,4.279354612890529e-7,9.46889770401943e-5
13983,4.27922768331257e-7,9.465030444365252e-5
13984,4.279102672199997e-7,9.461164764849178e-5
13985,4.2789795351438897e-7,9.457300664876545e-5
13986,4.2788582899078165e-7,9.453438143803422e-5
13987,4.2787389542553456e-7,9.449577200932105e-5
13988,4.278621519304693e-7,9.44571783566793e-5
13989,4.2785059584105056e-7,9.44186004734511e-5
13990,4.2783922893363524e-7,9.438003835324574e-5
13991,4.2782804854368806e-7,9.434149198958575e-5
13992,4.278170591121011e-7,9.430296137570918e-5
13993,4.2780625530980387e-7,9.42644465055445e-5
13994,4.277956398013316e-7,9.422594737294385e-5
13995,4.277852108103275e-7,9.418746397074976e-5
13996,4.2777497011314836e-7,9.414899629322376e-5
13997,4.2776491504525893e-7,9.411054433326391e-5
13998,4.2775505093572974e-7,9.407210808508315e-5
13999,4.277453689027766e-7,9.403368754201669e-5
14000,4.2773587249911316e-7,9.399528269694174e-5
14001,4.277265652774531e-7,9.395689354493864e-5
14002,4.277174436850828e-7,9.391852007818724e-5
14003,4.277085077220022e-7,9.388016229086582e-5
14004,4.2769975472367605e-7,9.38418201765559e-5
14005,4.2769118824281804e-7,9.38034937287939e-5
14006,4.276828056148929e-7,9.376518294131053e-5
14007,4.2767461039261434e-7,9.372688780724323e-5
14008,4.276665981350902e-7,9.368860832093331e-5
14009,4.27658769730499e-7,9.365034447546619e-5
14010,4.2765112517884063e-7,9.361209626439909e-5
14011,4.27643666256472e-7,9.357386368145232e-5
14012,4.276363894106794e-7,9.353564672035658e-5
14013,4.276292946414628e-7,9.349744537476973e-5
14014,4.2762238461335755e-7,9.345925963819002e-5
14015,4.276156593263636e-7,9.342108950417469e-5
14016,4.2760911522776723e-7,9.338293496605893e-5
14017,4.276027532057469e-7,9.334479601795509e-5
14018,4.2759657237212423e-7,9.330667265328857e-5
14019,4.2759057627961283e-7,9.326856486600518e-5
14020,4.2758476048732064e-7,9.323047264914869e-5
14021,4.2757912499524764e-7,9.319239599697715e-5
14022,4.275736733561075e-7,9.315433490239902e-5
14023,4.27568402905365e-7,9.311628935970012e-5
14024,4.275633118666633e-7,9.307825936227462e-5
14025,4.275584020163592e-7,9.30402449034265e-5
14026,4.275536724662743e-7,9.300224597776768e-5
14027,4.275491232164086e-7,9.296426257800194e-5
14028,4.275447551549405e-7,9.292629469781141e-5
14029,4.2754056384097794e-7,9.288834233127721e-5
14030,4.2753655549176983e-7,9.285040547192536e-5
14031,4.2753272477824567e-7,9.281248411329227e-5
14032,4.275290734767623e-7,9.277457824945906e-5
14033,4.2752560158731967e-7,9.273668787378522e-5
14034,4.275223108862747e-7,9.269881297949839e-5
14035,4.2751919338002153e-7,9.26609535612348e-5
14036,4.27516257062166e-7,9.262310961172249e-5
14037,4.27513497491816e-7,9.258528112509115e-5
14038,4.275109182216852e-7,9.254746809521722e-5
14039,4.275085156990599e-7,9.250967051516179e-5
14040,4.2750629170029697e-7,9.247188837935294e-5
14041,4.275042408963259e-7,9.243412168087606e-5
14042,4.2750237216893083e-7,9.23963704134445e-5
14043,4.2750067841268447e-7,9.235863457135104e-5
14044,4.274991605157652e-7,9.232091414744514e-5
14045,4.2749781847817303e-7,9.228320913652263e-5
14046,4.274966531880864e-7,9.224551953114155e-5
14047,4.274956655336837e-7,9.220784532520954e-5
14048,4.2749485196225123e-7,9.217018651292916e-5
14049,4.2749421247378905e-7,9.213254308802765e-5
14050,4.274937497328324e-7,9.20949150434898e-5
14051,4.274934619630244e-7,9.205730237386509e-5
14052,4.274933482761867e-7,9.201970507233953e-5
14053,4.2749341044867606e-7,9.198212313281384e-5
14054,4.274936475923141e-7,9.194455654876893e-5
14055,4.274940570425656e-7,9.190700531453225e-5
14056,4.2749464146396576e-7,9.18694694228804e-5
14057,4.274954008565146e-7,9.183194886876536e-5
14058,4.274963334438553e-7,9.179444364473127e-5
14059,4.2749743656145256e-7,9.175695374502926e-5
14060,4.274987137620201e-7,9.171947916357392e-5
14061,4.275001659337363e-7,9.168201989357208e-5
14062,4.2750179218842277e-7,9.164457592918812e-5
14063,4.2750358630883056e-7,9.160714726431582e-5
14064,4.275055545122086e-7,9.156973389199893e-5
14065,4.275076959103785e-7,9.1532335806839e-5
14066,4.27510007838805e-7,9.149495300215735e-5
14067,4.275124929620233e-7,9.145758547147304e-5
14068,4.2751514950367664e-7,9.14202332089123e-5
14069,4.2751797657558654e-7,9.13828962079144e-5
14070,4.275209732895746e-7,9.134557446238353e-5
14071,4.2752414497471136e-7,9.130826796662286e-5
14072,4.2752748097285576e-7,9.127097671381493e-5
14073,4.2753099194214883e-7,9.123370069732267e-5
14074,4.2753467255352007e-7,9.11964399116956e-5
14075,4.275385201424342e-7,9.115919435057421e-5
14076,4.275425409261402e-7,9.112196400720696e-5
14077,4.2754673135192434e-7,9.108474887584497e-5
14078,4.275510887552514e-7,9.10475489501357e-5
14079,4.2755561846519186e-7,9.101036422400413e-5
14080,4.2756031248813997e-7,9.097319469109078e-5
14081,4.275651788177015e-7,9.093604034526512e-5
14082,4.2757021212480595e-7,9.089890118032032e-5
14083,4.2757541418581013e-7,9.086177718995933e-5
14084,4.275807858888925e-7,9.08246683677845e-5
14085,4.275863236813393e-7,9.078757470782489e-5
14086,4.2759202933950746e-7,9.075049620412001e-5
14087,4.2759790375157536e-7,9.071343284976219e-5
14088,4.2760394425300774e-7,9.06763846395646e-5
14089,4.276101508438046e-7,9.063935156655711e-5
14090,4.2761652707667963e-7,9.060233362476189e-5
14091,4.276230667343839e-7,9.056533080768064e-5
14092,4.276297760341663e-7,9.052834311017513e-5
14093,4.276366505351348e-7,9.049137052463338e-5
14094,4.276436902372893e-7,9.045441304598306e-5
14095,4.276508942524515e-7,9.041747066749692e-5
14096,4.276582643569782e-7,9.03805433829924e-5
14097,4.276658032154046e-7,9.034363118675184e-5
14098,4.276735046104818e-7,9.030673407219719e-5
14099,4.276813712067451e-7,9.026985203311813e-5
14100,4.2768940389237287e-7,9.023298506337027e-5
14101,4.27697598226473e-7,9.019613315762107e-5
14102,4.277059595381161e-7,9.015929630840774e-5
14103,4.2771448338640994e-7,9.012247451014102e-5
14104,4.2772317243588986e-7,9.008566775726631e-5
14105,4.2773202668655586e-7,9.004887604237635e-5
14106,4.277410408093374e-7,9.001209936011778e-5
14107,4.27750220133305e-7,8.997533770483193e-5
14108,4.2775956465845866e-7,8.993859106913929e-5
14109,4.2776906905572787e-7,8.990185944775936e-5
14110,4.277787377660047e-7,8.986514283446795e-5
14111,4.2778856812475397e-7,8.982844122267311e-5
14112,4.2779856190833243e-7,8.979175460672659e-5
14113,4.2780871645220486e-7,8.975508298070603e-5
14114,4.278190344209065e-7,8.971842633727009e-5
14115,4.2782951403808056e-7,8.968178467181828e-5
14116,4.2784015352737015e-7,8.964515797712028e-5
14117,4.2785095555331054e-7,8.960854624745843e-5
14118,4.278619183395449e-7,8.957194947702488e-5
14119,4.2787304366243006e-7,8.953536765929013e-5
14120,4.2788432708107393e-7,8.949880078827285e-5
14121,4.278957730363686e-7,8.94622488577454e-5
14122,4.279073779756004e-7,8.942571186169174e-5
14123,4.279191436751262e-7,8.93891897938981e-5
14124,4.279310692467675e-7,8.935268264832416e-5
14125,4.2794315557870277e-7,8.931619041945352e-5
14126,4.2795540000639676e-7,8.927971310003849e-5
14127,4.2796780252984945e-7,8.924325068475e-5
14128,4.2798036670177453e-7,8.920680316735347e-5
14129,4.2799308985763673e-7,8.91703705418398e-5
14130,4.2800597110925764e-7,8.91339528018599e-5
14131,4.280190113448157e-7,8.90975499412694e-5
14132,4.2803220701159717e-7,8.90611619544443e-5
14133,4.280455625504942e-7,8.902478883503553e-5
14134,4.2805907796150677e-7,8.898843057708605e-5
14135,4.280727479155644e-7,8.895208717447228e-5
14136,4.2808657951809437e-7,8.891575862060921e-5
14137,4.2810056477549097e-7,8.887944491038635e-5
14138,4.2811470812864627e-7,8.884314603663582e-5
14139,4.281290113539171e-7,8.880686199426793e-5
14140,4.2814346734587616e-7,8.877059277683993e-5
14141,4.281580805454155e-7,8.873433837814845e-5
14142,4.2817284917617826e-7,8.869809879225726e-5
14143,4.281877776790566e-7,8.866187401287626e-5
14144,4.282028598368015e-7,8.862566403452024e-5
14145,4.2821809564941304e-7,8.858946885061808e-5
14146,4.282334913341401e-7,8.855328845556315e-5
14147,4.282490406737338e-7,8.851712284291269e-5
14148,4.282647436681941e-7,8.848097200679986e-5
14149,4.282806029820563e-7,8.84448359409172e-5
14150,4.282966186153203e-7,8.840871463938402e-5
14151,4.283127852389157e-7,8.837260809644448e-5
14152,4.2832910907009136e-7,8.833651630570441e-5
14153,4.2834558655613364e-7,8.830043926149125e-5
14154,4.2836221947339936e-7,8.826437695740388e-5
14155,4.28379002492818e-7,8.822832938758587e-5
14156,4.2839594183163854e-7,8.819229654567773e-5
14157,4.284130321607904e-7,8.815627842668691e-5
14158,4.2843027880934414e-7,8.812027502322697e-5
14159,4.2844767644822923e-7,8.808428632998966e-5
14160,4.284652277419809e-7,8.804831234136487e-5
14161,4.2848293269059923e-7,8.801235305062882e-5
14162,4.2850078685319204e-7,8.797640845176549e-5
14163,4.285187964470083e-7,8.794047853939377e-5
14164,4.285369570311559e-7,8.790456330706048e-5
14165,4.285552712701701e-7,8.786866274867328e-5
14166,4.2857373383498043e-7,8.783277685832022e-5
14167,4.285923491664789e-7,8.779690562990203e-5
14168,4.2861111815284403e-7,8.776104905803411e-5
14169,4.286300345768268e-7,8.772520713624596e-5
14170,4.286491046556762e-7,8.768937985841746e-5
14171,4.286683239485001e-7,8.76535672188622e-5
14172,4.286876933434769e-7,8.761776921134903e-5
14173,4.2870721372878506e-7,8.75819858301291e-5
14174,4.287268851044246e-7,8.75462170689921e-5
14175,4.287467048058602e-7,8.751046292193934e-5
14176,4.2876667549762715e-7,8.747472338354115e-5
14177,4.2878679629154703e-7,8.74389984469176e-5
14178,4.2880706363490617e-7,8.740328810683679e-5
14179,4.2882748552131034e-7,8.736759235713348e-5
14180,4.2884805306897533e-7,8.733191119142739e-5
14181,4.288687671660796e-7,8.729624460452126e-5
14182,4.288896322535152e-7,8.726059258986132e-5
14183,4.2891064566674686e-7,8.722495514157727e-5
14184,4.289318091821315e-7,8.718933225417003e-5
14185,4.289531183587769e-7,8.715372392121765e-5
14186,4.289745767493969e-7,8.711813013672493e-5
14187,4.289961816894561e-7,8.708255089458217e-5
14188,4.290179349553114e-7,8.704698618973786e-5
14189,4.290398347706059e-7,8.701143601557923e-5
14190,4.2906188202351814e-7,8.6975900366007e-5
14191,4.29084076714048e-7,8.694037923536249e-5
14192,4.2910641795401716e-7,8.690487261753949e-5
14193,4.291289039670687e-7,8.686938050687237e-5
14194,4.2915153830591635e-7,8.683390289765391e-5
14195,4.2917431919420324e-7,8.679843978291399e-5
14196,4.2919724485557254e-7,8.676299115771904e-5
14197,4.292203170663811e-7,8.672755701626816e-5
14198,4.292435358266289e-7,8.669213735147674e-5
14199,4.292668984717807e-7,8.665673215852918e-5
14200,4.292904076663717e-7,8.662134143093414e-5
14201,4.293140589695099e-7,8.658596516334521e-5
14202,4.293378594866226e-7,8.655060334931963e-5
14203,4.293618021122825e-7,8.651525598293852e-5
14204,4.293858886228463e-7,8.64799230584877e-5
14205,4.29410120794671e-7,8.644460456981931e-5
14206,4.2943449596322125e-7,8.640930051175694e-5
14207,4.294590159048539e-7,8.637401087752128e-5
14208,4.2948367884321215e-7,8.633873566178327e-5
14209,4.295084874428312e-7,8.630347485827708e-5
14210,4.29533437262819e-7,8.626822846159732e-5
14211,4.295585318558892e-7,8.623299646493346e-5
14212,4.2958376678114973e-7,8.619777886343868e-5
14213,4.296091473676711e-7,8.616257565029206e-5
14214,4.2963466917456117e-7,8.612738682042473e-5
14215,4.2966033486635524e-7,8.609221236811557e-5
14216,4.2968614177851805e-7,8.605705228613425e-5
14217,4.29712090799228e-7,8.602190657015785e-5
14218,4.2973818281666354e-7,8.59867752132891e-5
14219,4.2976441338993254e-7,8.595165821017464e-5
14220,4.2979078873628396e-7,8.59165555545903e-5
14221,4.298173061911825e-7,8.588146724061718e-5
14222,4.29843963090093e-7,8.584639326284643e-5
14223,4.298707612093722e-7,8.581133361558121e-5
14224,4.298976996608417e-7,8.577628829178896e-5
14225,4.2992478022085834e-7,8.57412572870947e-5
14226,4.2995199844853005e-7,8.570624059458729e-5
14227,4.2997935967292733e-7,8.567123820890643e-5
14228,4.3000685767680125e-7,8.563625012372386e-5
14229,4.3003450045375757e-7,8.560127633400888e-5
14230,4.3006228001019053e-7,8.5566316833173e-5
14231,4.3009020256334907e-7,8.553137161561308e-5
14232,4.3011825745509213e-7,8.54964406755386e-5
14233,4.3014645800809603e-7,8.546152400727355e-5
14234,4.3017479534057657e-7,8.542662160472905e-5
14235,4.3020327034071215e-7,8.539173346194459e-5
14236,4.3023188478485963e-7,8.53568595732268e-5
14237,4.302606395611974e-7,8.532199993295173e-5
14238,4.3028953111701185e-7,8.528715453517965e-5
14239,4.303185603404813e-7,8.525232337396049e-5
14240,4.303477290079627e-7,8.521750644346904e-5
14241,4.303770335667423e-7,8.518270373827214e-5
14242,4.3040647668135534e-7,8.514791525189233e-5
14243,4.3043605746362346e-7,8.511314097933709e-5
14244,4.304657741371898e-7,8.50783809139416e-5
14245,4.3049562847841116e-7,8.504363505073415e-5
14246,4.305256204872876e-7,8.500890338312278e-5
14247,4.3055574927564066e-7,8.497418590541414e-5
14248,4.3058601484347037e-7,8.493948261241446e-5
14249,4.3061641541441986e-7,8.490479349809385e-5
14250,4.306469536530244e-7,8.487011855640506e-5
14251,4.3067762689474876e-7,8.483545778127655e-5
14252,4.307084351395929e-7,8.480081116770885e-5
14253,4.3073938016391367e-7,8.476617870911696e-5
14254,4.3077046019135423e-7,8.473156040051527e-5
14255,4.30801676110093e-7,8.469695623564144e-5
14256,4.3083302880830843e-7,8.46623662084274e-5
14257,4.3086451295692996e-7,8.462779031384593e-5
14258,4.308961329968497e-7,8.459322854532936e-5
14259,4.3092788892806766e-7,8.455868089805169e-5
14260,4.3095977719787015e-7,8.452414736488667e-5
14261,4.3099180047079244e-7,8.448962794172649e-5
14262,4.310239587468345e-7,8.445512262097304e-5
14263,4.3105624936146114e-7,8.442063139869893e-5
14264,4.3108867586738597e-7,8.438615426760443e-5
14265,4.311212338237169e-7,8.435169122295721e-5
14266,4.311539250068108e-7,8.431724225849493e-5
14267,4.311867503048461e-7,8.428280736829524e-5
14268,4.3121971060600117e-7,8.42483865471852e-5
14269,4.312527988048487e-7,8.421397978883305e-5
14270,4.3128602467135124e-7,8.417958708799994e-5
14271,4.3131937932372466e-7,8.41452084389821e-5
14272,4.313528698673963e-7,8.411084383541656e-5
14273,4.313864909732956e-7,8.407649327167241e-5
14274,4.3142024264142265e-7,8.404215674235466e-5
14275,4.314541275363126e-7,8.400783424202668e-5
14276,4.314881438816087e-7,8.397352576416592e-5
14277,4.315222907891325e-7,8.393923130362718e-5
14278,4.31556568258884e-7,8.390495085414812e-5
14279,4.3159097895539844e-7,8.387068441060436e-5
14280,4.316255202141406e-7,8.383643196655313e-5
14281,4.316601920351104e-7,8.380219351702967e-5
14282,4.3169499530648636e-7,8.376796905620876e-5
14283,4.3172992647555475e-7,8.373375857777948e-5
14284,4.3176498909502925e-7,8.369956207664522e-5
14285,4.3180018227673145e-7,8.366537954645689e-5
14286,4.318355042443045e-7,8.363121098215257e-5
14287,4.3187095677410525e-7,8.359705637734152e-5
14288,4.319065398661337e-7,8.356291572701735e-5
14289,4.3194224996767616e-7,8.352878902544505e-5
14290,4.3197809240780316e-7,8.349467626620963e-5
14291,4.320140618574442e-7,8.346057744407567e-5
14292,4.3205016009295605e-7,8.34264925536031e-5
14293,4.320863871143388e-7,8.339242158858853e-5
14294,4.3212274292159236e-7,8.335836454332127e-5
14295,4.321592266265384e-7,8.332432141279836e-5
14296,4.321958400055337e-7,8.329029219054235e-5
14297,4.322325795058646e-7,8.325627687165091e-5
14298,4.322694469038879e-7,8.322227544968475e-5
14299,4.323064439759605e-7,8.318828791898866e-5
14300,4.3234356805754715e-7,8.315431427469155e-5
14301,4.3238081648411253e-7,8.312035451013555e-5
14302,4.324181945847272e-7,8.308640862055017e-5
14303,4.324557005830343e-7,8.305247659946141e-5
14304,4.3249333181449856e-7,8.301855844190797e-5
14305,4.325310918318337e-7,8.298465414135342e-5
14306,4.3256897441779074e-7,8.295076369288848e-5
14307,4.3260698578961865e-7,8.291688709085795e-5
14308,4.3264512328278215e-7,8.288302432879827e-5
14309,4.3268338778545967e-7,8.284917540201178e-5
14310,4.3272177574493753e-7,8.281534030420493e-5
14311,4.327602907139294e-7,8.278151903020822e-5
14312,4.327989326924353e-7,8.274771157388422e-5
14313,4.328376972395631e-7,8.271391792950486e-5
14314,4.3287658879620494e-7,8.268013809197006e-5
14315,4.3291560558600395e-7,8.264637205548583e-5
14316,4.329547449444249e-7,8.261261981452883e-5
14317,4.329940104241814e-7,8.257888136278813e-5
14318,4.3303339936073826e-7,8.254515669541343e-5
14319,4.3307291619498756e-7,8.251144580618056e-5
14320,4.331125511569667e-7,8.24777486899686e-5
14321,4.3315231490481665e-7,8.244406534082399e-5
14322,4.3319220122128854e-7,8.241039575265438e-5
14323,4.332322127709176e-7,8.237673992085928e-5
14324,4.332723460009902e-7,8.234309783926655e-5
14325,4.333126026878631e-7,8.230946950210302e-5
14326,4.3335298283153634e-7,8.22758549041333e-5
14327,4.333934846556531e-7,8.224225403973343e-5
14328,4.33434111712927e-7,8.220866690268613e-5
14329,4.3347485778610917e-7,8.217509348795032e-5
14330,4.3351572998062693e-7,8.214153378976324e-5
14331,4.3355672296740977e-7,8.210798780253215e-5
14332,4.3359784029917137e-7,8.207445552087592e-5
14333,4.336390775350196e-7,8.204093693852527e-5
14334,4.336804373394898e-7,8.200743205038358e-5
14335,4.337219161598682e-7,8.1973940850983e-5
14336,4.337635193252254e-7,8.194046333408547e-5
14337,4.338052450592045e-7,8.190699949525704e-5
14338,4.3384709069727023e-7,8.187354932781207e-5
14339,4.3388905712760106e-7,8.184011282602946e-5
14340,4.3393114346201855e-7,8.180668998557933e-5
14341,4.339733505887011e-7,8.177328079968238e-5
14342,4.340156793958272e-7,8.173988526333914e-5
14343,4.3405812899521834e-7,8.170650337054747e-5
14344,4.3410069849869615e-7,8.167313511634605e-5
14345,4.341433870180822e-7,8.163978049445172e-5
14346,4.3418619721791174e-7,8.160643949987542e-5
14347,4.342291264336495e-7,8.157311212701399e-5
14348,4.3427217466529555e-7,8.153979836960507e-5
14349,4.3431534280102824e-7,8.150649822301695e-5
14350,4.34358631729026e-7,8.14732116810879e-5
14351,4.3440203789657517e-7,8.143993873818006e-5
14352,4.344455604154973e-7,8.140667938943622e-5
14353,4.344892055030414e-7,8.137343362831298e-5
14354,4.345329669419584e-7,8.134020145000864e-5
14355,4.345768509494974e-7,8.130698284879168e-5
14356,4.3462084864387407e-7,8.127377781924974e-5
14357,4.3466496713051583e-7,8.124058635510661e-5
14358,4.3470920108035216e-7,8.120740845149466e-5
14359,4.3475355582245356e-7,8.117424410307439e-5
14360,4.3479802691592795e-7,8.114109330352101e-5
14361,4.3484261524895373e-7,8.110795604814036e-5
14362,4.3488732259788776e-7,8.107483233042376e-5
14363,4.3493214452183793e-7,8.104172214580888e-5
14364,4.3497708634987475e-7,8.10086254885295e-5
14365,4.350221418647493e-7,8.097554235228857e-5
14366,4.3506731461917525e-7,8.09424727323399e-5
14367,4.35112605501331e-7,8.090941662328502e-5
14368,4.3515801184668135e-7,8.08763740188477e-5
14369,4.352035372079399e-7,8.084334491408052e-5
14370,4.3524917447967937e-7,8.081032930333867e-5
14371,4.352949316555055e-7,8.077732718109187e-5
14372,4.3534079985363405e-7,8.074433854141083e-5
14373,4.3538678706767087e-7,8.071136337977833e-5
14374,4.354328888567238e-7,8.067840168968568e-5
14375,4.3547910699714976e-7,8.064545346615423e-5
14376,4.355254388244134e-7,8.061251870356695e-5
14377,4.3557188611487163e-7,8.05795973964768e-5
14378,4.35618447980346e-7,8.054668953945063e-5
14379,4.356651253090149e-7,8.051379512628853e-5
14380,4.3571191632452155e-7,8.04809141528029e-5
14381,4.3575882280322276e-7,8.044804661218319e-5
14382,4.358058429687617e-7,8.041519249956872e-5
14383,4.3585297682113833e-7,8.03823518095402e-5
14384,4.359002243603527e-7,8.034952453647021e-5
14385,4.359475864745832e-7,8.03167106747868e-5
14386,4.3599506227565143e-7,8.028391021901518e-5
14387,4.3604265087537897e-7,8.025112316390609e-5
14388,4.360903513855874e-7,8.021834950392576e-5
14389,4.3613816647081194e-7,8.01855892331102e-5
14390,4.361860952428742e-7,8.015284234662301e-5
14391,4.3623413503723896e-7,8.012010883873266e-5
14392,4.362822885184414e-7,8.008738870403723e-5
14393,4.3633055391012476e-7,8.00546819372007e-5
14394,4.3637893476500267e-7,8.00219885318601e-5
14395,4.364274257540046e-7,7.998930848400129e-5
14396,4.364760259889522e-7,7.995664178683803e-5
14397,4.3652473902255906e-7,7.99239884361827e-5
14398,4.365735675193605e-7,7.98913484253011e-5
14399,4.366225070384644e-7,7.985872174941233e-5
14400,4.3667155402715707e-7,7.982610840307977e-5
14401,4.3672071381450905e-7,7.979350838074536e-5
14402,4.3676998640052034e-7,7.976092167710086e-5
14403,4.3681936823247725e-7,7.972834828662637e-5
14404,4.3686886286309345e-7,7.969578820381934e-5
14405,4.3691846407512003e-7,7.966324142265335e-5
14406,4.3696818075034116e-7,7.963070793898241e-5
14407,4.370180057833295e-7,7.95981877463707e-5
14408,4.370679409504419e-7,7.956568083965221e-5
14409,4.3711798447532146e-7,7.953318721327929e-5
14410,4.3716814168703877e-7,7.950070686249533e-5
14411,4.3721840548016644e-7,7.946823978091308e-5
14412,4.3726877940741815e-7,7.943578596348103e-5
14413,4.373192634687939e-7,7.940334540515459e-5
14414,4.373698567761153e-7,7.937091810023347e-5
14415,4.3742055755302545e-7,7.933850404301043e-5
14416,4.3747136935223807e-7,7.930610322836457e-5
14417,4.375222895092179e-7,7.927371565080027e-5
14418,4.375733171357865e-7,7.924134130496072e-5
14419,4.3762445489647916e-7,7.920898018545439e-5
14420,4.376757001267606e-7,7.917663228676833e-5
14421,4.377270554911661e-7,7.914429760365674e-5
14422,4.3777851832516035e-7,7.911197613032217e-5
14423,4.3783008685238656e-7,7.907966786168535e-5
14424,4.378817646255584e-7,7.904737279262539e-5
14425,4.379335507564974e-7,7.901509091745931e-5
14426,4.3798544435702524e-7,7.898282223076786e-5
14427,4.380374427626066e-7,7.89505667269097e-5
14428,4.3808955041413356e-7,7.891832440077781e-5
14429,4.381417664234277e-7,7.888609524723741e-5
14430,4.381940854614186e-7,7.885387926055004e-5
14431,4.382465155217119e-7,7.882167643553928e-5
14432,4.382990494988803e-7,7.878948676628278e-5
14433,4.383516900574591e-7,7.875731024787475e-5
14434,4.384044380856267e-7,7.872514687506937e-5
14435,4.384572926952046e-7,7.869299664249596e-5
14436,4.385102521098361e-7,7.866085954433971e-5
14437,4.385633181058779e-7,7.862873557533748e-5
14438,4.38616486242438e-7,7.85966247301706e-5
14439,4.3866976628947896e-7,7.856452700385694e-5
14440,4.3872314670068135e-7,7.853244239081764e-5
14441,4.387766372460078e-7,7.850037088547382e-5
14442,4.3883022726731724e-7,7.846831248265948e-5
14443,4.3888392475821547e-7,7.843626717683044e-5
14444,4.389377261659888e-7,7.840423496289703e-5
14445,4.389916341551725e-7,7.837221583522486e-5
14446,4.3904564694940973e-7,7.834020978865486e-5
14447,4.390997618841652e-7,7.830821681840267e-5
14448,4.3915398251215265e-7,7.827623691779653e-5
14449,4.3920830883337203e-7,7.824427008221516e-5
14450,4.39262733742396e-7,7.821231630627395e-5
14451,4.3931726612100874e-7,7.818037558520591e-5
14452,4.393719015283182e-7,7.814844791268274e-5
14453,4.3942664262885955e-7,7.811653328415949e-5
14454,4.394814867580976e-7,7.808463169348481e-5
14455,4.395364312514971e-7,7.805274313642599e-5
14456,4.395914787735933e-7,7.802086760687679e-5
14457,4.3964663376527824e-7,7.798900509932427e-5
14458,4.3970188556841094e-7,7.795715560885222e-5
14459,4.39757243952954e-7,7.792531913032238e-5
14460,4.3981270447801535e-7,7.789349565803447e-5
14461,4.3986826625541653e-7,7.786168518711736e-5
14462,4.39923930173336e-7,7.782988771196445e-5
14463,4.3997969889630895e-7,7.77981032268199e-5
14464,4.4003556443072966e-7,7.776633172682304e-5
14465,4.400915338820255e-7,7.773457320711663e-5
14466,4.401476054738396e-7,7.770282766167425e-5
14467,4.4020378009435035e-7,7.767109508513559e-5
14468,4.4026005596720097e-7,7.763937547294528e-5
14469,4.403164313160346e-7,7.76076688193024e-5
14470,4.4037290702902965e-7,7.757597511880154e-5
14471,4.404294866588998e-7,7.754429436628713e-5
14472,4.4048616398839613e-7,7.751262655638844e-5
14473,4.4054294434658914e-7,7.748097168431764e-5
14474,4.4059982329258673e-7,7.744932974412116e-5
14475,4.40656805267281e-7,7.741770073099383e-5
14476,4.407138858297799e-7,7.738608463889879e-5
14477,4.407710667564402e-7,7.735448146363108e-5
14478,4.4082834538272664e-7,7.732289119912958e-5
14479,4.4088572526135295e-7,7.729131384027685e-5
14480,4.4094320461596226e-7,7.725974938243077e-5
14481,4.4100078611108984e-7,7.722819781913123e-5
14482,4.4105846441766516e-7,7.719665914592347e-5
14483,4.411162413120451e-7,7.716513335724248e-5
14484,4.41174117682408e-7,7.713362044812697e-5
14485,4.412320935287539e-7,7.710212041303621e-5
14486,4.4129016796290443e-7,7.707063324677993e-5
14487,4.4134834187303795e-7,7.703915894417476e-5
14488,4.4140661437097606e-7,7.700769749970429e-5
14489,4.4146498545671875e-7,7.697624890865701e-5
14490,4.4152345157755235e-7,7.694481316488852e-5
14491,4.4158202072708264e-7,7.691339026402733e-5
14492,4.416406840235254e-7,7.688198020057435e-5
14493,4.416994467959512e-7,7.685058296875644e-5
14494,4.4175830815618156e-7,7.681919856369554e-5
14495,4.4181726455150283e-7,7.678782698062811e-5
14496,4.4187631864645027e-7,7.675646821374976e-5
14497,4.419354713292023e-7,7.672512225787367e-5
14498,4.4199471904704524e-7,7.669378910781649e-5
14499,4.420540671290496e-7,7.666246875885283e-5
14500,4.4211350846978803e-7,7.663116120444624e-5
14501,4.421730501746879e-7,7.659986644070402e-5
14502,4.4223268602650023e-7,7.656858446168993e-5
14503,4.422924186897603e-7,7.653731526235594e-5
14504,4.4235224727628975e-7,7.650605883790726e-5
14505,4.4241217445062375e-7,7.647481518191501e-5
14506,4.4247219577187025e-7,7.644358429044484e-5
14507,4.4253231301638607e-7,7.641236615767502e-5
14508,4.4259252351963596e-7,7.638116077876914e-5
14509,4.4265283261069044e-7,7.634996814792627e-5
14510,4.4271323762501424e-7,7.63187882604835e-5
14511,4.427737358980721e-7,7.62876211106156e-5
14512,4.4283433098257774e-7,7.625646669376374e-5
14513,4.4289502021399585e-7,7.622532500419985e-5
14514,4.429558053686833e-7,7.619419603734773e-5
14515,4.430166846702832e-7,7.616307978725728e-5
14516,4.430776581187956e-7,7.613197624947027e-5
14517,4.4313872660239895e-7,7.610088541804352e-5
14518,4.431998901210932e-7,7.606980728828983e-5
14519,4.4326114512216463e-7,7.603874185458173e-5
14520,4.433224987110407e-7,7.600768911228059e-5
14521,4.4338394378229395e-7,7.597664905647367e-5
14522,4.434454812241029e-7,7.594562168070779e-5
14523,4.435071128128243e-7,7.591460698097227e-5
14524,4.4356884032481503e-7,7.5883604951376e-5
14525,4.43630659319183e-7,7.585261558725603e-5
14526,4.4369257246046345e-7,7.58216388830682e-5
14527,4.4375457797229956e-7,7.579067483384772e-5
14528,4.4381667763104815e-7,7.575972343424123e-5
14529,4.438788696603524e-7,7.5728784679506e-5
14530,4.43941151395677e-7,7.569785856346989e-5
14531,4.440035308306278e-7,7.56669450820667e-5
14532,4.4406600085977743e-7,7.563604422973144e-5
14533,4.4412856237130427e-7,7.560515600114198e-5
14534,4.4419121625338676e-7,7.557428039133007e-5
14535,4.442539625060249e-7,7.554341739500481e-5
14536,4.443168020173971e-7,7.551256700709733e-5
14537,4.443797321229681e-7,7.548172922236529e-5
14538,4.444427519345595e-7,7.5450904035778e-5
14539,4.44505865004885e-7,7.542009144224926e-5
14540,4.445690695575877e-7,7.538929143638753e-5
14541,4.4463236825720287e-7,7.535850401327315e-5
14542,4.4469575311012477e-7,7.532772916731337e-5
14543,4.4475923210995916e-7,7.529696689432056e-5
14544,4.4482280081581393e-7,7.526621718803583e-5
14545,4.448864601158675e-7,7.52354800441779e-5
14546,4.449502135628336e-7,7.520475545680014e-5
14547,4.4501405138674954e-7,7.517404342163858e-5
14548,4.4507798246939956e-7,7.514334393294089e-5
14549,4.451420041462484e-7,7.51126569862072e-5
14550,4.452061155291176e-7,7.508198257514392e-5
14551,4.452703157298288e-7,7.505132069596937e-5
14552,4.453346083010956e-7,7.502067134285487e-5
14553,4.453989879138476e-7,7.499003451095013e-5
14554,4.4546345900897677e-7,7.495941019471444e-5
14555,4.455280171455911e-7,7.492879838907548e-5
14556,4.4559266765276107e-7,7.489819908947787e-5
14557,4.456574060895946e-7,7.486761229032884e-5
14558,4.4572223245609166e-7,7.483703798703834e-5
14559,4.457871476404307e-7,7.4806476173854e-5
14560,4.45852154307147e-7,7.477592684585962e-5
14561,4.4591724623899154e-7,7.474538999805228e-5
14562,4.4598242965321333e-7,7.471486562535268e-5
14563,4.4604770010892025e-7,7.468435372266075e-5
14564,4.461130584942907e-7,7.465385428464394e-5
14565,4.4617850392114633e-7,7.462336730644156e-5
14566,4.462440381658439e-7,7.459289278318251e-5
14567,4.4630966122838345e-7,7.456243070943017e-5
14568,4.4637537310876496e-7,7.45319810798728e-5
14569,4.4644116847791793e-7,7.450154388988564e-5
14570,4.465070553294481e-7,7.447111913422289e-5
14571,4.465730265579282e-7,7.444070680792669e-5
14572,4.4663908838060706e-7,7.441030690549452e-5
14573,4.467052345802358e-7,7.437991942244732e-5
14574,4.467714687095281e-7,7.434954435304661e-5
14575,4.4683778988030554e-7,7.431918169285845e-5
14576,4.469041972043897e-7,7.428883143625539e-5
14577,4.4697069156995894e-7,7.425849357874104e-5
14578,4.470372712006565e-7,7.422816811478508e-5
14579,4.471039369846608e-7,7.419785503970724e-5
14580,4.471706906983286e-7,7.416755434805355e-5
14581,4.4723753056530313e-7,7.413726603466494e-5
14582,4.4730445569740596e-7,7.410699009502072e-5
14583,4.4737146520645865e-7,7.40767265235559e-5
14584,4.474385626451749e-7,7.404647531552427e-5
14585,4.47505744460841e-7,7.401623646610331e-5
14586,4.47573010653457e-7,7.398600996932556e-5
14587,4.476403621112013e-7,7.395579582102074e-5
14588,4.477078006104307e-7,7.392559401578347e-5
14589,4.4777532259843156e-7,7.389540454882243e-5
14590,4.478429298515607e-7,7.386522741469406e-5
14591,4.47910624146175e-7,7.383506260883604e-5
14592,4.4797839926502547e-7,7.380491012577359e-5
14593,4.480462632017179e-7,7.377476996031987e-5
14594,4.481142052981113e-7,7.374464210806522e-5
14595,4.4818223710052507e-7,7.371452656409691e-5
14596,4.4825035416806713e-7,7.368442332254463e-5
14597,4.4831855117166697e-7,7.365433237866564e-5
14598,4.483868325522167e-7,7.362425372779355e-5
14599,4.4845519742153783e-7,7.35941873643911e-5
14600,4.485236484441657e-7,7.356413328397232e-5
14601,4.485921811792082e-7,7.353409148113874e-5
14602,4.486607974030221e-7,7.350406195087006e-5
14603,4.487294971156075e-7,7.347404468861785e-5
14604,4.4879828120514276e-7,7.344403968847363e-5
14605,4.488671470070926e-7,7.341404694620815e-5
14606,4.4893609718599237e-7,7.338406645685316e-5
14607,4.490051273009499e-7,7.335409821488531e-5
14608,4.490742426810357e-7,7.332414221523226e-5
14609,4.4914343710900084e-7,7.32941984534323e-5
14610,4.492127168020943e-7,7.326426692463167e-5
14611,4.4928207820760235e-7,7.323434762308845e-5
14612,4.493515239900603e-7,7.32044405438656e-5
14613,4.4942104704404073e-7,7.317454568247367e-5
14614,4.494906562513279e-7,7.314466303407624e-5
14615,4.495603453946728e-7,7.311479259292444e-5
14616,4.4963011536225395e-7,7.308493435418881e-5
14617,4.496999688186065e-7,7.305508831335905e-5
14618,4.497699030991953e-7,7.302525446545305e-5
14619,4.498399164276634e-7,7.299543280476703e-5
14620,4.4991001146854614e-7,7.296562332664153e-5
14621,4.4998018999820033e-7,7.293582602645177e-5
14622,4.5005044757573387e-7,7.290604089925032e-5
14623,4.50120786865682e-7,7.287626793950688e-5
14624,4.501912096444016e-7,7.284650714252036e-5
14625,4.5026170614193006e-7,7.281675850364516e-5
14626,4.503322879045868e-7,7.278702201699364e-5
14627,4.504029487151229e-7,7.275729767907205e-5
14628,4.5047368946171673e-7,7.272758548313926e-5
14629,4.505445119207252e-7,7.26978854258438e-5
14630,4.50615413427613e-7,7.266819750113493e-5
14631,4.506863930942018e-7,7.263852170462728e-5
14632,4.5075745447320514e-7,7.2608858031082e-5
14633,4.5082859401190944e-7,7.257920647540939e-5
14634,4.508998125984931e-7,7.25495670330957e-5
14635,4.5097111289749137e-7,7.251993969917617e-5
14636,4.5104249135619057e-7,7.249032446832171e-5
14637,4.5111394619823386e-7,7.24607213358694e-5
14638,4.511854836408702e-7,7.243113029656648e-5
14639,4.5125709835502903e-7,7.240155134585063e-5
14640,4.513287921170672e-7,7.237198447818463e-5
14641,4.5140056403880635e-7,7.234242968947799e-5
14642,4.51472413232068e-7,7.231288697451266e-5
14643,4.5154434413774425e-7,7.228335632786936e-5
14644,4.516163505385862e-7,7.225383774510374e-5
14645,4.516884386518427e-7,7.222433122097693e-5
14646,4.517606013720865e-7,7.21948367507913e-5
14647,4.518328413638528e-7,7.21653543292386e-5
14648,4.519051612916769e-7,7.213588395191609e-5
14649,4.519775584910235e-7,7.210642561395614e-5
14650,4.520500320737142e-7,7.207697930981458e-5
14651,4.521225838161058e-7,7.204754503514765e-5
14652,4.521952110536631e-7,7.201812278464365e-5
14653,4.522679191154566e-7,7.198871255380962e-5
14654,4.5234070089605893e-7,7.195931433682731e-5
14655,4.524135617245406e-7,7.192992813002952e-5
14656,4.524864989363664e-7,7.19005539274245e-5
14657,4.52559509867001e-7,7.18711917251022e-5
14658,4.5263260339822864e-7,7.184184151742476e-5
14659,4.5270576798372986e-7,7.181250329988537e-5
14660,4.5277901161711043e-7,7.178317706690862e-5
14661,4.5285233074565667e-7,7.175386281442139e-5
14662,4.529257253693686e-7,7.172456053711196e-5
14663,4.529991954882462e-7,7.169527023037983e-5
14664,4.530727428786463e-7,7.16659918888092e-5
14665,4.531463675405689e-7,7.163672550789674e-5
14666,4.5322006414494354e-7,7.160747108265336e-5
14667,4.5329383802084067e-7,7.15782286083641e-5
14668,4.533676882800819e-7,7.154899807968254e-5
14669,4.534416140344888e-7,7.15197794921539e-5
14670,4.5351561439588295e-7,7.149057284107363e-5
14671,4.535896875879075e-7,7.146137812083508e-5
14672,4.5366383538691935e-7,7.143219532717779e-5
14673,4.537380613456321e-7,7.140302445534166e-5
14674,4.538123619113321e-7,7.137386549965763e-5
14675,4.5388673441948413e-7,7.13447184560248e-5
14676,4.539611824228018e-7,7.131558331946453e-5
14677,4.5403570414492833e-7,7.128646008456793e-5
14678,4.541103004740421e-7,7.125734874693576e-5
14679,4.541849740746784e-7,7.122824930190161e-5
14680,4.5425971872958826e-7,7.11991617439317e-5
14681,4.543345353269501e-7,7.1170086068717e-5
14682,4.544094291958345e-7,7.114102227114005e-5
14683,4.5448439500717086e-7,7.111197034656222e-5
14684,4.5455943364913765e-7,7.108293028991117e-5
14685,4.546345486744485e-7,7.105390209639212e-5
14686,4.5470973386585456e-7,7.102488576133867e-5
14687,4.5478499455242627e-7,7.099588127958481e-5
14688,4.5486032629327156e-7,7.09668886466619e-5
14689,4.549357317529257e-7,7.093790785716453e-5
14690,4.5501121181956705e-7,7.090893890668304e-5
14691,4.5508676027594674e-7,7.087998179064123e-5
14692,4.551623842274921e-7,7.085103650392166e-5
14693,4.552380810096679e-7,7.082210304127853e-5
14694,4.5531384795793883e-7,7.07931813983334e-5
14695,4.5538968951319703e-7,7.07642715700521e-5
14696,4.5546560389908564e-7,7.073537355194864e-5
14697,4.555415884510694e-7,7.070648733866619e-5
14698,4.55617646721862e-7,7.067761292596855e-5
14699,4.556937733823929e-7,7.064875030827686e-5
14700,4.557699746499111e-7,7.061989948185105e-5
14701,4.5584624785988126e-7,7.059106044099428e-5
14702,4.5592259034776816e-7,7.056223318056137e-5
14703,4.5599900477810706e-7,7.053341769703778e-5
14704,4.5607549115089796e-7,7.050461398450808e-5
14705,4.5615205035431927e-7,7.047582203872221e-5
14706,4.562286770593005e-7,7.044704185454886e-5
14707,4.563053757067337e-7,7.04182734273702e-5
14708,4.5638214540844046e-7,7.038951675223185e-5
14709,4.564589861644208e-7,7.036077182465128e-5
14710,4.5653589797467475e-7,7.033203863964638e-5
14711,4.566128817273807e-7,7.030331719188113e-5
14712,4.5668993386982493e-7,7.027460747729627e-5
14713,4.567670544020075e-7,7.02459094909548e-5
14714,4.5684424687664205e-7,7.021722322802029e-5
14715,4.569215077410149e-7,7.01885486833094e-5
14716,4.5699884232419663e-7,7.015988585235694e-5
14717,4.5707624440893824e-7,7.013123473064917e-5
14718,4.5715371488341816e-7,7.010259531302354e-5
14719,4.5723125641217166e-7,7.007396759456733e-5
14720,4.573088672188419e-7,7.004535157135658e-5
14721,4.573865481916073e-7,7.001674723746201e-5
14722,4.574642984422894e-7,6.998815458850866e-5
14723,4.57542115306353e-7,6.995957362001051e-5
14724,4.5762000411286863e-7,6.99310043270722e-5
14725,4.5769796130912255e-7,6.990244670500648e-5
14726,4.577759842305795e-7,6.987390074873062e-5
14727,4.578540782063101e-7,6.984536645325556e-5
14728,4.5793224057177895e-7,6.981684381478573e-5
14729,4.58010473103343e-7,6.978833282748897e-5
14730,4.5808877136011006e-7,6.975983348727482e-5
14731,4.5816713800661546e-7,6.973134578929646e-5
14732,4.58245574819216e-7,6.970286972880074e-5
14733,4.583240764688412e-7,6.967440530102412e-5
14734,4.5840264917274e-7,6.964595250064792e-5
14735,4.5848128849002023e-7,6.961751132355393e-5
14736,4.5855999442068196e-7,6.958908176482939e-5
14737,4.586387696292604e-7,6.956066381996404e-5
14738,4.587176123393988e-7,6.953225748352124e-5
14739,4.587965216629186e-7,6.950386275150419e-5
14740,4.5887549848799836e-7,6.947547961855954e-5
14741,4.58954542814638e-7,6.944710808048579e-5
14742,4.590336528664807e-7,6.941874813218979e-5
14743,4.591128321962401e-7,6.939039976923064e-5
14744,4.5919207458666733e-7,6.936206298653255e-5
14745,4.592713871431897e-7,6.933373777963728e-5
14746,4.593507636485583e-7,6.930542414348984e-5
14747,4.5943020854366523e-7,6.927712207362158e-5
14748,4.595097200521536e-7,6.924883156529324e-5
14749,4.5958929550948824e-7,6.922055261391474e-5
14750,4.596689402447396e-7,6.919228521464968e-5
14751,4.5974864804065874e-7,6.916402936214122e-5
14752,4.598284251144946e-7,6.913578505267706e-5
14753,4.5990826347264147e-7,6.910755228119181e-5
14754,4.599881728850619e-7,6.90793310425715e-5
14755,4.600681444699717e-7,6.905112133249319e-5
14756,4.6014818266826296e-7,6.902292314604416e-5
14757,4.6022828481540046e-7,6.899473647866208e-5
14758,4.6030845446409785e-7,6.896656132588871e-5
14759,4.6038868806164146e-7,6.893839768229784e-5
14760,4.6046898827256655e-7,6.89102455436949e-5
14761,4.60549350655981e-7,6.888210490558003e-5
14762,4.6062977965277696e-7,6.88539757628219e-5
14763,4.607102725984191e-7,6.8825858110938e-5
14764,4.6079083215744276e-7,6.87977519449115e-5
14765,4.608714538889558e-7,6.87696572606103e-5
14766,4.609521422338503e-7,6.874157405290654e-5
14767,4.6103289275123416e-7,6.87135023171824e-5
14768,4.611137089938211e-7,6.868544204870208e-5
14769,4.611945874088974e-7,6.865739324308714e-5
14770,4.6127553510189045e-7,6.862935589554975e-5
14771,4.6135653963830237e-7,6.86013300011841e-5
14772,4.61437613452631e-7,6.857331555526133e-5
14773,4.615187485512706e-7,6.854531255313934e-5
14774,4.61599946710578e-7,6.851732099024885e-5
14775,4.616812105950885e-7,6.848934086239877e-5
14776,4.617625357639099e-7,6.846137216406575e-5
14777,4.6184392576975597e-7,6.843341489106217e-5
14778,4.61925377059913e-7,6.840546903867303e-5
14779,4.6200689229891623e-7,6.83775346021695e-5
14780,4.620884723749441e-7,6.83496115766527e-5
14781,4.621701128471045e-7,6.83216999577442e-5
14782,4.6225181815628957e-7,6.82937997406527e-5
14783,4.623335847497856e-7,6.826591092094769e-5
14784,4.62415413515771e-7,6.823803349392116e-5
14785,4.624973062306026e-7,6.821016745476444e-5
14786,4.6257926022974516e-7,6.818231279884582e-5
14787,4.626612755131987e-7,6.815446952157175e-5
14788,4.6274335474549844e-7,6.812663761836951e-5
14789,4.628254979266444e-7,6.809881708376778e-5
14790,4.6290769795120923e-7,6.807100791466139e-5
14791,4.629899619246203e-7,6.804321010541944e-5
14792,4.630722880705207e-7,6.801542365100083e-5
14793,4.6315467816526734e-7,6.798764854795344e-5
14794,4.632371268797897e-7,6.795988479038617e-5
14795,4.633196377668014e-7,6.793213237469425e-5
14796,4.6340220904994567e-7,6.790439129580536e-5
14797,4.634848425055793e-7,6.787666154874777e-5
14798,4.6356753813370233e-7,6.784894312956286e-5
14799,4.6365029149342263e-7,6.782123603336562e-5
14800,4.6373310880198915e-7,6.779354025517048e-5
14801,4.638159856185098e-7,6.776585579053654e-5
14802,4.638989254956982e-7,6.773818263535597e-5
14803,4.639819222163055e-7,6.771052078466053e-5
14804,4.640649819975806e-7,6.768287023337094e-5
14805,4.6414810128680983e-7,6.765523097723367e-5
14806,4.642312809721716e-7,6.762760301171067e-5
14807,4.643145219418443e-7,6.759998633217718e-5
14808,4.643978206431143e-7,6.757238093395637e-5
14809,4.6448118062869526e-7,6.75447868126941e-5
14810,4.6456460101040875e-7,6.75172039632764e-5
14811,4.646480791237195e-7,6.748963238163361e-5
14812,4.6473161852134126e-7,6.746207206262053e-5
14813,4.6481521831509554e-7,6.743452300186914e-5
14814,4.6489887495226867e-7,6.740698519485874e-5
14815,4.649825937619312e-7,6.73794586368015e-5
14816,4.65066370303191e-7,6.73519433233502e-5
14817,4.6515020812876173e-7,6.732443924975517e-5
14818,4.6523410279775135e-7,6.729694641174205e-5
14819,4.6531805608651666e-7,6.726946480442933e-5
14820,4.6540207154777136e-7,6.724199442285916e-5
14821,4.654861429642665e-7,6.721453526287516e-5
14822,4.6557027300053733e-7,6.718708732007805e-5
14823,4.656544625447623e-7,6.715965058971818e-5
14824,4.6573871159694136e-7,6.713222506665034e-5
14825,4.658230174925393e-7,6.710481074680835e-5
14826,4.659073802315561e-7,6.707740762617112e-5
14827,4.6599180514306227e-7,6.70500156990314e-5
14828,4.6607628423345204e-7,6.7022634961722e-5
14829,4.661608210554391e-7,6.699526540881323e-5
14830,4.662454191617371e-7,6.6967907036794e-5
14831,4.663300749996324e-7,6.69405598398426e-5
14832,4.664147850164113e-7,6.691322381466303e-5
14833,4.6649955454114433e-7,6.688589895605807e-5
14834,4.6658438268565305e-7,6.685858525885824e-5
14835,4.666692667854022e-7,6.683128271972941e-5
14836,4.667542095049271e-7,6.680399133345352e-5
14837,4.668392081796924e-7,6.677671109552377e-5
14838,4.669242628096981e-7,6.674944200135355e-5
14839,4.6700937605947956e-7,6.672218404639788e-5
14840,4.6709454526450145e-7,6.669493722602851e-5
14841,4.6717977397747745e-7,6.666770153614457e-5
14842,4.672650550929802e-7,6.664047697177433e-5
14843,4.673503948282587e-7,6.661326352809527e-5
14844,4.6743579229513443e-7,6.658606120123547e-5
14845,4.6752124749360746e-7,6.655886998623364e-5
14846,4.6760675509460725e-7,6.653168987893338e-5
14847,4.676923204272043e-7,6.650452087374192e-5
14848,4.6777794260322025e-7,6.647736296757495e-5
14849,4.678636189581198e-7,6.645021615508603e-5
14850,4.6794935126825976e-7,6.642308043179612e-5
14851,4.6803514219817544e-7,6.63959557931533e-5
14852,4.681209864187963e-7,6.63688422347479e-5
14853,4.682068865946576e-7,6.634173975186841e-5
14854,4.6829284450211617e-7,6.631464834071579e-5
14855,4.6837885570027993e-7,6.628756799556199e-5
14856,4.6846492285368413e-7,6.626049871295489e-5
14857,4.6855104596232877e-7,6.623344048761748e-5
14858,4.6863722502621386e-7,6.620639331528233e-5
14859,4.687234556044473e-7,6.617935719168896e-5
14860,4.68809743914278e-7,6.615233211209812e-5
14861,4.6889608462663546e-7,6.612531807188848e-5
14862,4.689824839587686e-7,6.609831506714653e-5
14863,4.690689321407149e-7,6.607132309224828e-5
14864,4.6915543894243683e-7,6.60443421436202e-5
14865,4.6924199903486397e-7,6.601737221639467e-5
14866,4.6932861597070996e-7,6.599041330623487e-5
14867,4.694152853090827e-7,6.59634654084848e-5
14868,4.695020088263391e-7,6.593652851864806e-5
14869,4.6958878652247904e-7,6.590960263224907e-5
14870,4.6967561573296734e-7,6.588268774498571e-5
14871,4.697625008986961e-7,6.585578385198687e-5
14872,4.6984944113148686e-7,6.5828890949058e-5
14873,4.699364355431612e-7,6.580200903138003e-5
14874,4.700234796928271e-7,6.57751380949631e-5
14875,4.7011058068591183e-7,6.574827813494999e-5
14876,4.701977331933449e-7,6.572142914715307e-5
14877,4.702849416560184e-7,6.569459112683654e-5
14878,4.7037220074486186e-7,6.566776406913277e-5
14879,4.7045951578894574e-7,6.564094797044742e-5
14880,4.7054688145919954e-7,6.561414282587122e-5
14881,4.706342995319801e-7,6.558734863067531e-5
14882,4.707217735600011e-7,6.556056538059227e-5
14883,4.708092999905489e-7,6.553379307160101e-5
14884,4.7089687615908815e-7,6.55070316981296e-5
14885,4.709845047301542e-7,6.548028125689248e-5
14886,4.7107218836828224e-7,6.54535417427965e-5
14887,4.711599226325802e-7,6.542681315137994e-5
14888,4.7124770929940496e-7,6.540009547814293e-5
14889,4.7133554836875646e-7,6.537338871928644e-5
14890,4.714234389524563e-7,6.534669286912057e-5
14891,4.715113854913966e-7,6.532000792425913e-5
14892,4.715993791037931e-7,6.529333387988306e-5
14893,4.7168742600689484e-7,6.52666707314474e-5
14894,4.7177552708888015e-7,6.524001847495187e-5
14895,4.718636743561433e-7,6.521337710492514e-5
14896,4.719518793550037e-7,6.51867466179637e-5
14897,4.720401323154988e-7,6.516012700917215e-5
14898,4.7212843767852064e-7,6.513351827430389e-5
14899,4.7221679544406925e-7,6.510692040861271e-5
14900,4.723052038357878e-7,6.508033340795957e-5
14901,4.723936610773194e-7,6.505375726744908e-5
14902,4.7248217072137777e-7,6.502719198295606e-5
14903,4.7257073099160607e-7,6.500063755028943e-5
14904,4.726593418880043e-7,6.49740939643248e-5
14905,4.72748002522394e-7,6.494756122150946e-5
14906,4.728367155593105e-7,6.492103931689946e-5
14907,4.729254774460401e-7,6.489452824588043e-5
14908,4.7301429351165325e-7,6.486802800483027e-5
14909,4.731031584270795e-7,6.484153858789601e-5
14910,4.731920695277836e-7,6.481505999213905e-5
14911,4.7328103480737127e-7,6.478859221250438e-5
14912,4.7337004893677204e-7,6.476213524450602e-5
14913,4.734591136923427e-7,6.473568908373778e-5
14914,4.735482272977265e-7,6.470925372558875e-5
14915,4.736373915292802e-7,6.468282916643336e-5
14916,4.7372660727518223e-7,6.46564154010848e-5
14917,4.738158700945405e-7,6.463001242532768e-5
14918,4.739051817637119e-7,6.460362023464478e-5
14919,4.739945449472316e-7,6.457723882506011e-5
14920,4.740839569805644e-7,6.455086819196626e-5
14921,4.7417341697553184e-7,6.452450833060314e-5
14922,4.742629267084908e-7,6.449815923664434e-5
14923,4.743524879557981e-7,6.447182090645737e-5
14924,4.7444209627656164e-7,6.444549333473049e-5
14925,4.7453175344713827e-7,6.441917651759527e-5
14926,4.7462145857934956e-7,6.439287045032285e-5
14927,4.7471121344955236e-7,6.436657512864583e-5
14928,4.74801014505033e-7,6.434029054818227e-5
14929,4.7489086796304036e-7,6.431401670447742e-5
14930,4.74980768494504e-7,6.428775359324651e-5
14931,4.750707178757807e-7,6.426150121065233e-5
14932,4.7516071433051366e-7,6.423525955101886e-5
14933,4.7525076141141653e-7,6.420902861069971e-5
14934,4.75340852013062e-7,6.418280838590279e-5
14935,4.7543099412905576e-7,6.415659887088962e-5
14936,4.7552118243032737e-7,6.413040006253076e-5
14937,4.756114213577689e-7,6.410421195574348e-5
14938,4.757017046941314e-7,6.407803454674607e-5
14939,4.75792036880307e-7,6.405186782993538e-5
14940,4.758824179162957e-7,6.402571180235891e-5
14941,4.759728451375622e-7,6.399956645936067e-5
14942,4.7606331854410655e-7,6.397343179552137e-5
14943,4.7615384080046397e-7,6.394730780769076e-5
14944,4.7624441013027763e-7,6.392119449140365e-5
14945,4.763350256453691e-7,6.389509184121997e-5
14946,4.764256900102737e-7,6.386899985378475e-5
14947,4.7651639967227766e-7,6.384291852448709e-5
14948,4.766071572959163e-7,6.381684784924346e-5
14949,4.766979619930112e-7,6.379078782317582e-5
14950,4.7678881198720546e-7,6.37647384419196e-5
14951,4.76879709054856e-7,6.373869970184923e-5
14952,4.769706523077843e-7,6.371267159766686e-5
14953,4.77061642634169e-7,6.368665412582672e-5
14954,4.771526791458314e-7,6.366064728112117e-5
14955,4.772437618427716e-7,6.363465106020566e-5
14956,4.773348916131681e-7,6.360866545829583e-5
14957,4.774260675688424e-7,6.358269047074608e-5
14958,4.775172879334377e-7,6.355672609371921e-5
14959,4.77608552706954e-7,6.353077232243778e-5
14960,4.77699865442105e-7,6.350482915306113e-5
14961,4.777912234743553e-7,6.34788965808604e-5
14962,4.778826276918835e-7,6.34529746012906e-5
14963,4.779740772065111e-7,6.342706321080943e-5
14964,4.780655729064165e-7,6.340116240438967e-5
14965,4.781571130152429e-7,6.337527217784716e-5
14966,4.782486984211687e-7,6.334939252717123e-5
14967,4.783403309005507e-7,6.33235234475775e-5
14968,4.784320033479617e-7,6.329766493550285e-5
14969,4.785237255333641e-7,6.327181698578821e-5
14970,4.786154921276875e-7,6.324597959426678e-5
14971,4.787073031309319e-7,6.322015275682033e-5
14972,4.787991603194541e-7,6.319433646930286e-5
14973,4.788910574760052e-7,6.316853072715206e-5
14974,4.78983002594191e-7,6.314273552634336e-5
14975,4.790749930094762e-7,6.311695086202648e-5
14976,4.79167026945504e-7,6.3091176729934e-5
14977,4.792591052904527e-7,6.306541312640218e-5
14978,4.793512253797871e-7,6.303966004722952e-5
14979,4.794433934307563e-7,6.301391748671573e-5
14980,4.795356041142895e-7,6.298818544230381e-5
14981,4.796278583185654e-7,6.296246390844959e-5
14982,4.797201569317622e-7,6.293675288139913e-5
14983,4.798124990657016e-7,6.291105235663522e-5
14984,4.799048856085619e-7,6.288536233021655e-5
14985,4.799973156721649e-7,6.285968279746632e-5
14986,4.800897892565104e-7,6.283401375454384e-5
14987,4.8018230547342e-7,6.280835519658495e-5
14988,4.802748652110722e-7,6.278270711947143e-5
14989,4.80367468469467e-7,6.27570695192689e-5
14990,4.804601161367827e-7,6.273144239117914e-5
14991,4.805528064366626e-7,6.270582573175698e-5
14992,4.806455384809283e-7,6.268021953568029e-5
14993,4.807383149341149e-7,6.265462379899736e-5
14994,4.808311349080441e-7,6.26290385179959e-5
14995,4.809239957381806e-7,6.260346368792968e-5
14996,4.81016900977238e-7,6.257789930443763e-5
14997,4.811098479606812e-7,6.255234536367213e-5
14998,4.812028366885102e-7,6.252680186091472e-5
14999,4.812958707134385e-7,6.250126879205065e-5
15000,4.813889429300389e-7,6.247574615325657e-5
15001,4.814820622200955e-7,6.245023393957119e-5
15002,4.815752223663594e-7,6.242473214679994e-5
15003,4.816684215924738e-7,6.239924077118542e-5
15004,4.817616643393308e-7,6.237375980809937e-5
15005,4.818549497187519e-7,6.23482892535207e-5
15006,4.819482777307371e-7,6.232282910282813e-5
15007,4.820416474871081e-7,6.229737935233015e-5
15008,4.821350580996864e-7,6.227193999723893e-5
15009,4.822285113448288e-7,6.224651103372766e-5
15010,4.823220036698217e-7,6.222109245719934e-5
15011,4.824155377392003e-7,6.21956842631402e-5
15012,4.825091179938568e-7,6.21702864480149e-5
15013,4.826027373283637e-7,6.21448990076566e-5
15014,4.826963948545426e-7,6.211952193720463e-5
15015,4.827900941251073e-7,6.209415523234646e-5
15016,4.82883837804593e-7,6.206879888949815e-5
15017,4.829776196757507e-7,6.204345290399677e-5
15018,4.830714441794726e-7,6.201811727149509e-5
15019,4.831653077630449e-7,6.199279198857571e-5
15020,4.832592139791814e-7,6.196747704979161e-5
15021,4.833531610515251e-7,6.194217245176353e-5
15022,4.834471472037194e-7,6.191687819008876e-5
15023,4.835411733239425e-7,6.189159426021884e-5
15024,4.836352420767298e-7,6.186632065846229e-5
15025,4.837293499093676e-7,6.184105738002085e-5
15026,4.838234977100342e-7,6.18158044212759e-5
15027,4.839176854787297e-7,6.179056177748818e-5
15028,4.84011914991811e-7,6.176532944490026e-5
15029,4.841061844729211e-7,6.17401074187382e-5
15030,4.842004930338817e-7,6.171489569541111e-5
15031,4.842948406746928e-7,6.168969427045035e-5
15032,4.843892300598895e-7,6.166450313925195e-5
15033,4.8448365674858e-7,6.163932229858934e-5
15034,4.845781251816561e-7,6.161415174336243e-5
15035,4.846726309182259e-7,6.158899146923094e-5
15036,4.847671792873598e-7,6.156384147278093e-5
15037,4.848617658481658e-7,6.153870174910314e-5
15038,4.849563888242869e-7,6.151357229452689e-5
15039,4.850510526566154e-7,6.148845310496517e-5
15040,4.851457564569728e-7,6.146334417565791e-5
15041,4.852405011135374e-7,6.143824550259441e-5
15042,4.853352821854173e-7,6.141315708204503e-5
15043,4.854301023371477e-7,6.13880789086807e-5
15044,4.855249633450853e-7,6.136301097934421e-5
15045,4.856198616565166e-7,6.133795328980632e-5
15046,4.857147981596199e-7,6.131290583542143e-5
15047,4.858097737425737e-7,6.128786861253274e-5
15048,4.859047875171996e-7,6.126284161681386e-5
15049,4.85999838595319e-7,6.123782484328266e-5
15050,4.860949323060026e-7,6.121281828876807e-5
15051,4.861900588792878e-7,6.118782194854816e-5
15052,4.862852263087802e-7,6.116283581907023e-5
15053,4.863804328181232e-7,6.113785989529663e-5
15054,4.864756757427813e-7,6.111289417346302e-5
15055,4.865709568591114e-7,6.108793864962464e-5
15056,4.866662770552921e-7,6.106299331913936e-5
15057,4.867616318904311e-7,6.103805817834693e-5
15058,4.868570258054206e-7,6.101313322274399e-5
15059,4.869524614647958e-7,6.0988218448243536e-5
15060,4.870479335394862e-7,6.096331385092857e-5
15061,4.871434393649565e-7,6.093841942576492e-5
15062,4.872389824939205e-7,6.0913535170150496e-5
15063,4.873345655909134e-7,6.0888661078381534e-5
15064,4.874301851032214e-7,6.086379714722104e-5
15065,4.875258410308447e-7,6.083894337212056e-5
15066,4.876215351501401e-7,6.081409974926372e-5
15067,4.87717266572929e-7,6.078926627406389e-5
15068,4.878130352992116e-7,6.076444294280878e-5
15069,4.879088386644526e-7,6.07396297507834e-5
15070,4.880046793331871e-7,6.071482669437259e-5
15071,4.881005590817722e-7,6.069003376958995e-5
15072,4.881964734693156e-7,6.066525097156439e-5
15073,4.882924251603526e-7,6.064047829680563e-5
15074,4.883884123785265e-7,6.0615715740553605e-5
15075,4.884844377883724e-7,6.059096329927294e-5
15076,4.885804969489982e-7,6.05662209689356e-5
15077,4.886765951894745e-7,6.054148874458029e-5
15078,4.887727271807307e-7,6.0516766622921436e-5
15079,4.888688964754806e-7,6.0492054599032424e-5
15080,4.889651012973673e-7,6.046735266953748e-5
15081,4.890613434227475e-7,6.0442660830162254e-5
15082,4.891576210752646e-7,6.04179790762889e-5
15083,4.892539342549185e-7,6.039330740440288e-5
15084,4.893502811853523e-7,6.036864581026799e-5
15085,4.894466645311013e-7,6.034399428937742e-5
15086,4.895430842921655e-7,6.03193528380154e-5
15087,4.896395413567234e-7,6.029472145187634e-5
15088,4.897360303957043e-7,6.027010012692527e-5
15089,4.898325576263574e-7,6.02454888584715e-5
15090,4.899291186077903e-7,6.022088764368744e-5
15091,4.900257168927169e-7,6.019629647728217e-5
15092,4.901223471520666e-7,6.0171715355550326e-5
15093,4.902190138267315e-7,6.0147144274637354e-5
15094,4.903157133639979e-7,6.012258323024461e-5
15095,4.904124510929364e-7,6.009803221791732e-5
15096,4.90509220796298e-7,6.007349123424502e-5
15097,4.9060602957951e-7,6.004896027453355e-5
15098,4.907028694489668e-7,6.0024439334692425e-5
15099,4.907997457337387e-7,5.9999928411571396e-5
15100,4.908966548811122e-7,5.9975427499865674e-5
15101,4.909935995556225e-7,5.9950936595727644e-5
15102,4.910905753163775e-7,5.9926455695701736e-5
15103,4.911875901569829e-7,5.990198479503134e-5
15104,4.912846369720114e-7,5.9877523890288636e-5
15105,4.913817193141767e-7,5.985307297664416e-5
15106,4.914788336307652e-7,5.982863205065969e-5
15107,4.915759816981335e-7,5.980420110810597e-5
15108,4.91673167957174e-7,5.9779780144351286e-5
15109,4.917703835261023e-7,5.975536915588456e-5
15110,4.918676346221673e-7,5.97309681386847e-5
15111,4.919649203571907e-7,5.9706577088116525e-5
15112,4.920622371784589e-7,5.9682196000682836e-5
15113,4.921595895268638e-7,5.96578248721856e-5
15114,4.922569756260486e-7,5.9633463698364336e-5
15115,4.923543954760135e-7,5.960911247547204e-5
15116,4.924518446358661e-7,5.95847711987417e-5
15117,4.925493319873908e-7,5.95604398646761e-5
15118,4.926468495369818e-7,5.953611846912579e-5
15119,4.927443990609959e-7,5.951180700822234e-5
15120,4.928419832239683e-7,5.9487505477809344e-5
15121,4.929396020258991e-7,5.946321387333489e-5
15122,4.930372545786099e-7,5.9438932191333005e-5
15123,4.931349346648517e-7,5.941466042769933e-5
15124,4.932326529427655e-7,5.939039857809705e-5
15125,4.933304014187456e-7,5.936614663874101e-5
15126,4.934281809809704e-7,5.9341904605072354e-5
15127,4.93525996070332e-7,5.931767247354183e-5
15128,4.936238422459382e-7,5.929345024045449e-5
15129,4.937217195077892e-7,5.9269237900869826e-5
15130,4.938196322967769e-7,5.924503545088472e-5
15131,4.939175735074741e-7,5.9220842887078295e-5
15132,4.940155484689512e-7,5.919666020481884e-5
15133,4.941135562930299e-7,5.9172487400529356e-5
15134,4.942115969797101e-7,5.914832447009161e-5
15135,4.943096678644565e-7,5.912417140921736e-5
15136,4.944077707236261e-7,5.910002821415267e-5
15137,4.945059064453972e-7,5.9075894880501745e-5
15138,4.946040741415914e-7,5.905177140434065e-5
15139,4.947022729240302e-7,5.90276577818738e-5
15140,4.94800501016357e-7,5.900355400870194e-5
15141,4.948987637476421e-7,5.8979460081320934e-5
15142,4.949970566769935e-7,5.8955375995591724e-5
15143,4.950953798044111e-7,5.893130174670913e-5
15144,4.951937357944303e-7,5.890723733177963e-5
15145,4.952921219825157e-7,5.888318274615764e-5
15146,4.953905419213811e-7,5.885913798580472e-5
15147,4.954889920583128e-7,5.8835103047182036e-5
15148,4.955874715051323e-7,5.8811077925512156e-5
15149,4.95685981150018e-7,5.8787062617395025e-5
15150,4.957845236575054e-7,5.87630571186222e-5
15151,4.958830963630589e-7,5.8739061424891575e-5
15152,4.959817010430356e-7,5.8715075533125743e-5
15153,4.960803341447217e-7,5.8691099438311356e-5
15154,4.96178999220831e-7,5.86671331368159e-5
15155,4.962776944950065e-7,5.864317662464605e-5
15156,4.963764199672482e-7,5.8619229897777236e-5
15157,4.964751756375563e-7,5.8595292952191846e-5
15158,4.965739632822874e-7,5.857136578393818e-5
15159,4.96672779348728e-7,5.854744838916168e-5
15160,4.967716273895917e-7,5.852354076392799e-5
15161,4.968705029639864e-7,5.849964290343887e-5
15162,4.969694105128042e-7,5.847575480443998e-5
15163,4.970683473715098e-7,5.845187646304206e-5
15164,4.971673135401034e-7,5.842800787501587e-5
15165,4.972663107949415e-7,5.8404149036548475e-5
15166,4.973653373596676e-7,5.8380299943028985e-5
15167,4.974643923461031e-7,5.835646059099142e-5
15168,4.975634784187832e-7,5.833263097674429e-5
15169,4.976625955777081e-7,5.830881109545813e-5
15170,4.977617393819855e-7,5.8285000944166554e-5
15171,4.978609116079724e-7,5.826120051781805e-5
15172,4.979601166965608e-7,5.8237409813831353e-5
15173,4.980593493186802e-7,5.8213628826773306e-5
15174,4.981586121388659e-7,5.818985755356304e-5
15175,4.98257903380761e-7,5.816609598960354e-5
15176,4.983572230443656e-7,5.814234413152944e-5
15177,4.98456572017858e-7,5.8118601974913725e-5
15178,4.985559485248814e-7,5.809486951668941e-5
15179,4.986553561181495e-7,5.80711467516766e-5
15180,4.987547939094839e-7,5.804743367625667e-5
15181,4.988542574579924e-7,5.8023730286883846e-5
15182,4.989537494282104e-7,5.800003657968622e-5
15183,4.990532715964946e-7,5.7976352549959226e-5
15184,4.991528212983098e-7,5.795267819458383e-5
15185,4.992524003100129e-7,5.792901350885893e-5
15186,4.993520059670686e-7,5.790535848954059e-5
15187,4.994516418221906e-7,5.788171313193466e-5
15188,4.995513069872004e-7,5.78580774329325e-5
15189,4.99650997021206e-7,5.783445138748261e-5
15190,4.997507172532778e-7,5.7810834993229226e-5
15191,4.998504641307022e-7,5.7787228244617767e-5
15192,4.999502403180145e-7,5.776363113849797e-5
15193,5.000500449270362e-7,5.774004367087304e-5
15194,5.001498761814105e-7,5.771646583783638e-5
15195,5.002497358574942e-7,5.769289763499566e-5
15196,5.003496221789305e-7,5.766933905906532e-5
15197,5.004495360338979e-7,5.7645790105531614e-5
15198,5.005494809751099e-7,5.762225077091121e-5
15199,5.006494490089608e-7,5.759872105138772e-5
15200,5.007494463526996e-7,5.757520094262433e-5
15201,5.00849470341791e-7,5.7551690440516695e-5
15202,5.009495227525917e-7,5.752818954182087e-5
15203,5.010496000323883e-7,5.750469824244986e-5
15204,5.011497083984295e-7,5.748121653770602e-5
15205,5.012498407452881e-7,5.7457744424727064e-5
15206,5.013499997374993e-7,5.743428189875985e-5
15207,5.014501871514199e-7,5.7410828956206555e-5
15208,5.015504012106931e-7,5.738738559327508e-5
15209,5.016506436916757e-7,5.7363951806010255e-5
15210,5.017509101534756e-7,5.734052759046038e-5
15211,5.01851205036985e-7,5.73171129427813e-5
15212,5.019515256776685e-7,5.7293707858455806e-5
15213,5.020518747400615e-7,5.727031233471527e-5
15214,5.02152246006915e-7,5.7246926366532475e-5
15215,5.022526483600132e-7,5.722354995107981e-5
15216,5.023530764702855e-7,5.720018308333352e-5
15217,5.024535276731967e-7,5.7176825760004574e-5
15218,5.02554006409639e-7,5.7153477977134326e-5
15219,5.026545117914338e-7,5.713013973087863e-5
15220,5.027550447067597e-7,5.710681101729967e-5
15221,5.028556042674381e-7,5.7083491832522065e-5
15222,5.029561869207555e-7,5.706018217264963e-5
15223,5.030567962194255e-7,5.703688203326576e-5
15224,5.03157432163448e-7,5.701359141144571e-5
15225,5.032580920882879e-7,5.699031030269308e-5
15226,5.033587786584803e-7,5.6967038703184536e-5
15227,5.034594927622038e-7,5.694377660895103e-5
15228,5.035602299585662e-7,5.692052401664455e-5
15229,5.036609920239243e-7,5.689728092159521e-5
15230,5.037617825109919e-7,5.687404732030582e-5
15231,5.038625969788768e-7,5.685082320891835e-5
15232,5.03963435427579e-7,5.682760858359906e-5
15233,5.040643005216339e-7,5.680440344035115e-5
15234,5.041651931492197e-7,5.67812077754519e-5
15235,5.042661062049092e-7,5.6758021584977364e-5
15236,5.043670476823081e-7,5.6734844864930745e-5
15237,5.044680140287028e-7,5.671167761171422e-5
15238,5.045690034677364e-7,5.66885198211263e-5
15239,5.046700168875873e-7,5.666537148902792e-5
15240,5.047710578409692e-7,5.6642232612449245e-5
15241,5.048721227751685e-7,5.6619103187091624e-5
15242,5.049732125783635e-7,5.659598320845172e-5
15243,5.050743263623758e-7,5.657287267389968e-5
15244,5.051754641272055e-7,5.6549771578335434e-5
15245,5.052766285373878e-7,5.652667991914995e-5
15246,5.053778142638521e-7,5.650359769120844e-5
15247,5.05479026635669e-7,5.6480524891936584e-5
15248,5.055802629883033e-7,5.645746151613021e-5
15249,5.056815233217549e-7,5.6434407561388455e-5
15250,5.057828094123806e-7,5.641136302247593e-5
15251,5.058841141547532e-7,5.638832789614176e-5
15252,5.05985449095192e-7,5.636530217924263e-5
15253,5.060868062400914e-7,5.634228586668885e-5
15254,5.061881864776296e-7,5.6319278955153235e-5
15255,5.062895889196284e-7,5.629628144118021e-5
15256,5.063910180069797e-7,5.6273293320523166e-5
15257,5.0649247018697e-7,5.6250314589324085e-5
15258,5.065939463477775e-7,5.622734524374923e-5
15259,5.06695445601224e-7,5.620438528033955e-5
15260,5.06796967059131e-7,5.618143469502193e-5
15261,5.068985142742122e-7,5.6158493483518535e-5
15262,5.070000836937538e-7,5.613556164258543e-5
15263,5.071016779822912e-7,5.6112639168375e-5
15264,5.072032909225754e-7,5.6089726056883504e-5
15265,5.073049322845691e-7,5.606682230405169e-5
15266,5.074065940746664e-7,5.6043927906181124e-5
15267,5.07508279845581e-7,5.602104286025339e-5
15268,5.076099860445993e-7,5.5998167161133705e-5
15269,5.07711720665327e-7,5.597530080561977e-5
15270,5.078134757141584e-7,5.595244379042949e-5
15271,5.079152511910934e-7,5.592959611067094e-5
15272,5.080170515370241e-7,5.590675776306897e-5
15273,5.081188723110586e-7,5.58839287442478e-5
15274,5.082207188422672e-7,5.586110904953062e-5
15275,5.083225875779362e-7,5.5838298676075954e-5
15276,5.084244785180658e-7,5.58154976188531e-5
15277,5.085263916626559e-7,5.579270587545773e-5
15278,5.086283270117065e-7,5.576992344056772e-5
15279,5.087302854533959e-7,5.574715031187241e-5
15280,5.088322652113675e-7,5.572438648444866e-5
15281,5.089342662856211e-7,5.570163195506295e-5
15282,5.090362904525136e-7,5.5678886719881526e-5
15283,5.091383377120451e-7,5.565615077500474e-5
15284,5.09240407176037e-7,5.563342411632824e-5
15285,5.093424970681326e-7,5.5610706740292365e-5
15286,5.094446100528671e-7,5.558799864350747e-5
15287,5.095467452420621e-7,5.556529982173042e-5
15288,5.096489017475392e-7,5.5542610271363396e-5
15289,5.097510786811199e-7,5.551992998836103e-5
15290,5.09853279595518e-7,5.5497258969448154e-5
15291,5.099554982734844e-7,5.54745972104545e-5
15292,5.10057742708625e-7,5.5451944707258366e-5
15293,5.101600075718693e-7,5.5429301456487445e-5
15294,5.102622928632172e-7,5.540666745482495e-5
15295,5.103646003590256e-7,5.53840426973963e-5
15296,5.104669282829377e-7,5.536142718166187e-5
15297,5.105692775231319e-7,5.5338820902535446e-5
15298,5.106716489677865e-7,5.531622385736984e-5
15299,5.107740408405448e-7,5.5293636041928856e-5
15300,5.108764540295851e-7,5.527105745212896e-5
15301,5.109788885349076e-7,5.5248488084518044e-5
15302,5.110813425801553e-7,5.52259279355434e-5
15303,5.111838170535066e-7,5.520337700150313e-5
15304,5.112863163958536e-7,5.518083527824777e-5
15305,5.113888326135907e-7,5.515830276176317e-5
15306,5.114913728121451e-7,5.513577944865275e-5
15307,5.115939307742678e-7,5.511326533552338e-5
15308,5.116965082763159e-7,5.509076041780234e-5
15309,5.117991097591812e-7,5.506826469262038e-5
15310,5.119017307819718e-7,5.504577815540132e-5
15311,5.120043704565092e-7,5.5023300802710395e-5
15312,5.121070332236854e-7,5.500083263108857e-5
15313,5.12209715530787e-7,5.497837363636557e-5
15314,5.123124156014569e-7,5.495592381529399e-5
15315,5.124151387647657e-7,5.493348316375213e-5
15316,5.125178823561782e-7,5.491105167768767e-5
15317,5.126206419348023e-7,5.488862935379771e-5
15318,5.127234254942437e-7,5.4866216188258904e-5
15319,5.128262250408966e-7,5.484381217754283e-5
15320,5.1292904679201e-7,5.482141731755208e-5
15321,5.130318898594055e-7,5.4799031604695764e-5
15322,5.131347515785478e-7,5.477665503507076e-5
15323,5.132376328376154e-7,5.4754287604978635e-5
15324,5.133405336366081e-7,5.473192931079729e-5
15325,5.134434548637046e-7,5.470958014932442e-5
15326,5.135463947425478e-7,5.468724011544607e-5
15327,5.136493550494947e-7,5.4664909206844636e-5
15328,5.1375233312001e-7,5.4642587419204136e-5
15329,5.138553307304505e-7,5.462027474874634e-5
15330,5.139583496571731e-7,5.459797119160628e-5
15331,5.140613836829289e-7,5.4575676744324925e-5
15332,5.141644425776803e-7,5.455339140323506e-5
15333,5.142675156832865e-7,5.4531115164457855e-5
15334,5.143706101051748e-7,5.4508848024523854e-5
15335,5.144737249551667e-7,5.4486589979012984e-5
15336,5.145768566805486e-7,5.446434102501785e-5
15337,5.146800079458558e-7,5.4442101158656137e-5
15338,5.147831778629097e-7,5.4419870375747165e-5
15339,5.148863664317105e-7,5.4397648672765975e-5
15340,5.149895736522581e-7,5.437543604663517e-5
15341,5.15092798636374e-7,5.4353232493063036e-5
15342,5.151960458249505e-7,5.433103800823666e-5
15343,5.152993072243817e-7,5.430885258863108e-5
15344,5.154025899400949e-7,5.4286676230422964e-5
15345,5.155058904193766e-7,5.426450893000756e-5
15346,5.156092068858698e-7,5.4242350684012564e-5
15347,5.157125455568234e-7,5.422020148855913e-5
15348,5.158158993268103e-7,5.419806133954638e-5
15349,5.159192726367223e-7,5.4175930233497926e-5
15350,5.160226637102028e-7,5.4153808166639006e-5
15351,5.161260752117869e-7,5.413169513589569e-5
15352,5.162294991478689e-7,5.410959113652872e-5
15353,5.163329470647682e-7,5.408749616573477e-5
15354,5.164364100807006e-7,5.406541021941991e-5
15355,5.165398908602015e-7,5.404333329396896e-5
15356,5.166433911796275e-7,5.402126538599228e-5
15357,5.167469074862652e-7,5.3999206490920604e-5
15358,5.168504424446496e-7,5.397715660620389e-5
15359,5.169539951666025e-7,5.39551157273388e-5
15360,5.170575638757668e-7,5.3933083850935676e-5
15361,5.171611521248565e-7,5.3911060973715896e-5
15362,5.172647563611577e-7,5.388904709096448e-5
15363,5.173683783610272e-7,5.386704220011057e-5
15364,5.174720163481084e-7,5.3845046296702864e-5
15365,5.1757567653965e-7,5.382305937731355e-5
15366,5.176793491656895e-7,5.380108143863624e-5
15367,5.177830422198326e-7,5.3779112476483315e-5
15368,5.178867485966521e-7,5.3757152487465126e-5
15369,5.179904745133967e-7,5.373520146784855e-5
15370,5.18094216417353e-7,5.3713259413702696e-5
15371,5.181979760848776e-7,5.369132632220691e-5
15372,5.183017526277922e-7,5.3669402188386006e-5
15373,5.184055469342752e-7,5.364748700974545e-5
15374,5.185093572279698e-7,5.362558078199353e-5
15375,5.186131843970543e-7,5.360368350229572e-5
15376,5.187170266651719e-7,5.3581795165468654e-5
15377,5.188208875850364e-7,5.355991576931618e-5
15378,5.189247653802909e-7,5.353804530936618e-5
15379,5.190286564982216e-7,5.351618378247186e-5
15380,5.191325662678992e-7,5.3494331184619076e-5
15381,5.192364929129667e-7,5.347248751239389e-5
15382,5.193404373216026e-7,5.345065276186542e-5
15383,5.19444393276558e-7,5.3428826929387274e-5
15384,5.195483687714386e-7,5.340701001174675e-5
15385,5.196523611417092e-7,5.3385202004697235e-5
15386,5.197563677228345e-7,5.3363402905258484e-5
15387,5.198603902911714e-7,5.3341612709579406e-5
15388,5.199644306230766e-7,5.331983141382626e-5
15389,5.20068486054015e-7,5.329805901453308e-5
15390,5.20172557472165e-7,5.3276295507786314e-5
15391,5.202766466538833e-7,5.325454089002632e-5
15392,5.203807491582779e-7,5.323279515757548e-5
15393,5.204848685380625e-7,5.321105830733558e-5
15394,5.205890021287018e-7,5.3189330335240426e-5
15395,5.206931508183743e-7,5.3167611237924656e-5
15396,5.207973172716152e-7,5.3145901011207586e-5
15397,5.209014979357107e-7,5.3124199652074267e-5
15398,5.210056954751963e-7,5.310250715648279e-5
15399,5.211099081137149e-7,5.308082352085963e-5
15400,5.212141358512667e-7,5.3059148742026774e-5
15401,5.213183795760301e-7,5.3037482815977005e-5
15402,5.214226366234698e-7,5.301582573893904e-5
15403,5.215269123226562e-7,5.2994177507571794e-5
15404,5.216311995681622e-7,5.2972538118110923e-5
15405,5.217355019127012e-7,5.295090756720841e-5
15406,5.218398211326303e-7,5.292928585146767e-5
15407,5.219441572279493e-7,5.2907672966166774e-5
15408,5.220485057577662e-7,5.288606890867936e-5
15409,5.221528684984378e-7,5.28644736750121e-5
15410,5.222572463381425e-7,5.2842887262240235e-5
15411,5.223616410532372e-7,5.282130966594717e-5
15412,5.224660482028298e-7,5.2799740882604473e-5
15413,5.22570471339634e-7,5.2778180908524125e-5
15414,5.226749095754712e-7,5.275662974090975e-5
15415,5.227793620221632e-7,5.273508737535515e-5
15416,5.228838304560668e-7,5.271355380849843e-5
15417,5.229883104362898e-7,5.2692029037067906e-5
15418,5.230928046273675e-7,5.267051305705636e-5
15419,5.231973156938352e-7,5.264900586477231e-5
15420,5.233018391948008e-7,5.262750745668038e-5
15421,5.234063777947995e-7,5.2606017829748275e-5
15422,5.235109306056529e-7,5.258453697982654e-5
15423,5.236154967391826e-7,5.2563064903893286e-5
15424,5.237200779717455e-7,5.254160159780599e-5
15425,5.238246716388062e-7,5.2520147057956434e-5
15426,5.239292804049001e-7,5.2498701280743326e-5
15427,5.240339051582055e-7,5.247726426321417e-5
15428,5.241385423460088e-7,5.2455836001209094e-5
15429,5.242431919683099e-7,5.2434416491206615e-5
15430,5.243478558014658e-7,5.2413005729730344e-5
15431,5.244525347336548e-7,5.239160371332818e-5
15432,5.245572269885201e-7,5.237021043857926e-5
15433,5.246619316778833e-7,5.2348825901275126e-5
15434,5.247666505781012e-7,5.23274500985188e-5
15435,5.248713836891739e-7,5.230608302590409e-5
15436,5.249761310111012e-7,5.2284724680915634e-5
15437,5.25080889879348e-7,5.226337505903969e-5
15438,5.251856629584495e-7,5.2242034157341105e-5
15439,5.252904493602273e-7,5.2220701971816136e-5
15440,5.253952490846814e-7,5.219937849965106e-5
15441,5.255000621318118e-7,5.217806373640846e-5
15442,5.256048885016185e-7,5.215675767902481e-5
15443,5.257097281941014e-7,5.2135460323610855e-5
15444,5.258145785447255e-7,5.211417166716553e-5
15445,5.25919444882561e-7,5.209289170561571e-5
15446,5.260243245430729e-7,5.207162043530458e-5
15447,5.261292139735474e-7,5.2050357853307416e-5
15448,5.262341193912334e-7,5.2029103955558015e-5
15449,5.263390363552389e-7,5.200785873854877e-5
15450,5.264439666419207e-7,5.19866221989837e-5
15451,5.265489075867436e-7,5.1965394333091525e-5
15452,5.266538609660643e-7,5.194417513775321e-5
15453,5.267588303325965e-7,5.1922964608906025e-5
15454,5.268638103572698e-7,5.190176274289665e-5
15455,5.26968802816441e-7,5.1880569536845444e-5
15456,5.270738059337532e-7,5.1859384986738255e-5
15457,5.27178825038277e-7,5.183820908877257e-5
15458,5.272838565772986e-7,5.1817041840259565e-5
15459,5.273888987744613e-7,5.1795883236921414e-5
15460,5.274939525179434e-7,5.1774733275888885e-5
15461,5.275990204722802e-7,5.175359195298823e-5
15462,5.277040990847581e-7,5.173245926459388e-5
15463,5.278091927962691e-7,5.171133520804824e-5
15464,5.279142918368507e-7,5.169021977903532e-5
15465,5.280194086410006e-7,5.166911297423485e-5
15466,5.281245361032916e-7,5.164801479011147e-5
15467,5.282296742237236e-7,5.1626925223733494e-5
15468,5.283348247786535e-7,5.160584427055595e-5
15469,5.284399877680812e-7,5.158477192800104e-5
15470,5.285451623038284e-7,5.1563708191502966e-5
15471,5.286503474977167e-7,5.1542653058470056e-5
15472,5.28755547790638e-7,5.152160652545021e-5
15473,5.288607560771652e-7,5.1500568587679874e-5
15474,5.289659785745471e-7,5.147953924345208e-5
15475,5.290712099537132e-7,5.1458518487496746e-5
15476,5.291764537673771e-7,5.1437506317485865e-5
15477,5.292817091273605e-7,5.141650272981815e-5
15478,5.293869760336634e-7,5.1395507720632116e-5
15479,5.294922553744641e-7,5.137452128605932e-5
15480,5.295975427088706e-7,5.135354342352544e-5
15481,5.297028460304887e-7,5.1332574128776925e-5
15482,5.298081564575341e-7,5.131161339862189e-5
15483,5.29913478430899e-7,5.129066122951456e-5
15484,5.300188146151186e-7,5.126971761804794e-5
15485,5.301241587929439e-7,5.124878256060686e-5
15486,5.302295145170888e-7,5.122785605357269e-5
15487,5.303348826757315e-7,5.120693809387844e-5
15488,5.304402614925152e-7,5.1186028677530776e-5
15489,5.305456483029047e-7,5.1165127801587607e-5
15490,5.306510466596137e-7,5.114423546192029e-5
15491,5.307564601153558e-7,5.112335165545143e-5
15492,5.3086187801199e-7,5.110247637858667e-5
15493,5.309673118958358e-7,5.108160962799882e-5
15494,5.310727528851089e-7,5.106075139998251e-5
15495,5.311782045325231e-7,5.1039901690946854e-5
15496,5.312836703907919e-7,5.101906049788038e-5
15497,5.313891442426666e-7,5.0998227816723835e-5
15498,5.314946269763254e-7,5.09774036446288e-5
15499,5.316001221444822e-7,5.095658797756031e-5
15500,5.317056261944231e-7,5.093578081256933e-5
15501,5.318111400143266e-7,5.091498214556192e-5
15502,5.31916666268728e-7,5.089419197325251e-5
15503,5.320222014049136e-7,5.0873410292362475e-5
15504,5.321277471992403e-7,5.0852637099921966e-5
15505,5.322333018753511e-7,5.083187239151091e-5
15506,5.323388698741383e-7,5.081111616368761e-5
15507,5.324444440901743e-7,5.079036841377366e-5
15508,5.325500298525299e-7,5.0769629138171235e-5
15509,5.326556262730264e-7,5.074889833251925e-5
15510,5.327612289107719e-7,5.072817599436827e-5
15511,5.328668448711937e-7,5.070746211983945e-5
15512,5.329724697133997e-7,5.068675670511294e-5
15513,5.330781034373899e-7,5.066605974747215e-5
15514,5.331837469313427e-7,5.064537124274682e-5
15515,5.332894001952582e-7,5.062469118832097e-5
15516,5.333950641173146e-7,5.060401957985086e-5
15517,5.335007378093337e-7,5.058335641461298e-5
15518,5.336064177186017e-7,5.056270168851337e-5
15519,5.337121118387245e-7,5.0542055398714036e-5
15520,5.338178103997393e-7,5.052141754114184e-5
15521,5.339235196188952e-7,5.050078811305245e-5
15522,5.340292403843705e-7,5.048016711038661e-5
15523,5.341349673670948e-7,5.045955453020917e-5
15524,5.342407067843169e-7,5.043895036849905e-5
15525,5.343464550833232e-7,5.041835462234537e-5
15526,5.344522095995785e-7,5.0397767288240525e-5
15527,5.345579756621532e-7,5.0377188362180775e-5
15528,5.346637479419769e-7,5.0356617841799955e-5
15529,5.3476953176812e-7,5.0336055722473294e-5
15530,5.348753235878689e-7,5.03155020015883e-5
15531,5.34981124289402e-7,5.0294956675432656e-5
15532,5.350869347608977e-7,5.027441974019345e-5
15533,5.351927514496424e-7,5.0253891193178385e-5
15534,5.352985787965281e-7,5.023337103064393e-5
15535,5.354044141370196e-7,5.021285924869043e-5
15536,5.355102583592952e-7,5.019235584496559e-5
15537,5.356161123515335e-7,5.017186081514302e-5
15538,5.357219725610207e-7,5.015137415605858e-5
15539,5.358278425404706e-7,5.013089586457242e-5
15540,5.359337205135262e-7,5.01104259364657e-5
15541,5.360396091447228e-7,5.008996436889346e-5
15542,5.361455013286331e-7,5.006951115883035e-5
15543,5.362514077233982e-7,5.0049066302165074e-5
15544,5.363573158945201e-7,5.0028629796000645e-5
15545,5.364632382764967e-7,5.000820163657271e-5
15546,5.365691668757222e-7,4.9987781820321625e-5
15547,5.366751008040183e-7,4.9967370344638357e-5
15548,5.367810453904553e-7,4.994696720523814e-5
15549,5.368869961941414e-7,4.99265723987001e-5
15550,5.369929549914332e-7,4.9906185922325014e-5
15551,5.37098924446866e-7,4.988580777248383e-5
15552,5.372049001195478e-7,4.986543794548853e-5
15553,5.373108828976569e-7,4.984507643809172e-5
15554,5.374168763339071e-7,4.9824723246716385e-5
15555,5.375228724346925e-7,4.980437836833371e-5
15556,5.376288809699759e-7,4.9784041799685874e-5
15557,5.377348957225081e-7,4.976371353656445e-5
15558,5.378409184686461e-7,4.97433935759059e-5
15559,5.379469483202115e-7,4.972308191463978e-5
15560,5.380529852772042e-7,4.9702778549442356e-5
15561,5.381590293396243e-7,4.9682483476344574e-5
15562,5.382650822838286e-7,4.96621966925119e-5
15563,5.383711414452819e-7,4.964191819456856e-5
15564,5.384772094885193e-7,4.962164797863919e-5
15565,5.385832828608272e-7,4.9601386041285556e-5
15566,5.38689364226741e-7,4.958113237989517e-5
15567,5.387954535862605e-7,4.956088699028041e-5
15568,5.389015482748505e-7,4.9540649870009196e-5
15569,5.390076509570463e-7,4.952042101475859e-5
15570,5.391137634092047e-7,4.9500200421121604e-5
15571,5.392198803022552e-7,4.947998808635043e-5
15572,5.393260043007331e-7,4.945978400709705e-5
15573,5.394321354046383e-7,4.94395881792363e-5
15574,5.39538271837614e-7,4.941940060020772e-5
15575,5.396444198169092e-7,4.9399221266534926e-5
15576,5.397505660198476e-7,4.9379050174307854e-5
15577,5.398567273218191e-7,4.935888732027563e-5
15578,5.399628930646827e-7,4.933873270163147e-5
15579,5.400690632484384e-7,4.931858631447919e-5
15580,5.401752414257999e-7,4.929844815541179e-5
15581,5.402814284849455e-7,4.927831822132411e-5
15582,5.403876190968049e-7,4.9258196509128355e-5
15583,5.404938168140916e-7,4.923808301500812e-5
15584,5.406000234131625e-7,4.921797773574724e-5
15585,5.407062344531255e-7,4.919788066789707e-5
15586,5.40812450822159e-7,4.917779180809573e-5
15587,5.409186742966199e-7,4.9157711153290096e-5
15588,5.410249039883297e-7,4.913763869984766e-5
15589,5.411311398972884e-7,4.9117574444795115e-5
15590,5.412373820234961e-7,4.909751838378176e-5
15591,5.413436339196664e-7,4.907747051485084e-5
15592,5.414498875921936e-7,4.905743083363778e-5
15593,5.415561465937913e-7,4.903739933683621e-5
15594,5.416624127008163e-7,4.9017376021490144e-5
15595,5.417686885778039e-7,4.899736088448403e-5
15596,5.418749644547916e-7,4.897735392222005e-5
15597,5.419812518780986e-7,4.8957355130933855e-5
15598,5.420875410777626e-7,4.8937364507790904e-5
15599,5.421938373828539e-7,4.8917382049044195e-5
15600,5.423001399051941e-7,4.889740775180715e-5
15601,5.424064486447833e-7,4.887744161261379e-5
15602,5.425127600489077e-7,4.8857483627800374e-5
15603,5.426190812229947e-7,4.8837533794452576e-5
15604,5.427254059497955e-7,4.881759210935768e-5
15605,5.428317351174883e-7,4.8797658568435626e-5
15606,5.429380740551437e-7,4.8777733169053095e-5
15607,5.430444138809776e-7,4.8757815907535945e-5
15608,5.431507608122388e-7,4.873790678104617e-5
15609,5.432571130725705e-7,4.871800578563554e-5
15610,5.433634706619728e-7,4.8698112917931746e-5
15611,5.434698335804455e-7,4.867822817539863e-5
15612,5.435762036043457e-7,4.865835155420245e-5
15613,5.436825754046026e-7,4.8638483050908454e-5
15614,5.43788954310287e-7,4.861862266224842e-5
15615,5.438953376568634e-7,4.859877038529761e-5
15616,5.440017263325103e-7,4.857892621654494e-5
15617,5.441081203372278e-7,4.8559090152233e-5
15618,5.442145196710158e-7,4.8539262189707666e-5
15619,5.443209243338742e-7,4.851944232515601e-5
15620,5.444273307730896e-7,4.8499630555625534e-5
15621,5.445337452059107e-7,4.847982687765026e-5
15622,5.446401658559807e-7,4.846003128742421e-5
15623,5.447465882824076e-7,4.844024378307388e-5
15624,5.448530178142619e-7,4.842046435980796e-5
15625,5.449594500106514e-7,4.8400693014642726e-5
15626,5.45065886647933e-7,4.8380929745118345e-5
15627,5.451723295024635e-7,4.836117454700556e-5
15628,5.452787759097077e-7,4.834142741760514e-5
15629,5.453852294223793e-7,4.8321688352757214e-5
15630,5.454916855995862e-7,4.830195735013379e-5
15631,5.455981444413283e-7,4.828223440612664e-5
15632,5.457046086121409e-7,4.826251951767571e-5
15633,5.458110798883808e-7,4.8242812680711344e-5
15634,5.459175502764424e-7,4.822311389256553e-5
15635,5.460240286581097e-7,4.820342314979312e-5
15636,5.46130513257026e-7,4.8183740449264656e-5
15637,5.462370005204775e-7,4.816406578743784e-5
15638,5.463434904484643e-7,4.8144399161335893e-5
15639,5.464499830409864e-7,4.8124740566951596e-5
15640,5.46556485403471e-7,4.81050900018945e-5
15641,5.466629868777773e-7,4.808544746263618e-5
15642,5.467694927929756e-7,4.806581294595352e-5
15643,5.468760040372445e-7,4.8046186447939926e-5
15644,5.46982518834227e-7,4.802656796591004e-5
15645,5.470890398484585e-7,4.80069574967483e-5
15646,5.471955617508684e-7,4.798735503690893e-5
15647,5.473020880941704e-7,4.796776058275595e-5
15648,5.474086188783645e-7,4.794817413155891e-5
15649,5.475151532152722e-7,4.792859567997673e-5
15650,5.476216902167153e-7,4.790902522423118e-5
15651,5.477282316590504e-7,4.788946276165079e-5
15652,5.478347766540992e-7,4.786990828884244e-5
15653,5.479413252018617e-7,4.785036180251015e-5
15654,5.480478781905163e-7,4.783082329909774e-5
15655,5.481544311791708e-7,4.781129277568047e-5
15656,5.48260993937788e-7,4.779177022903522e-5
15657,5.483675566964052e-7,4.777225565589724e-5
15658,5.484741212313793e-7,4.775274905242932e-5
15659,5.485806919836023e-7,4.773325041611265e-5
15660,5.486872645121821e-7,4.7713759743460427e-5
15661,5.487938405934756e-7,4.7694277031024024e-5
15662,5.489004202274828e-7,4.7674802275826655e-5
15663,5.490070016378468e-7,4.765533547437806e-5
15664,5.491135874891029e-7,4.763587662361124e-5
15665,5.492201777812511e-7,4.761642571983124e-5
15666,5.493267689615777e-7,4.759698276090088e-5
15667,5.494333619182612e-7,4.757754774237233e-5
15668,5.495399602040152e-7,4.7558120661542885e-5
15669,5.49646560266126e-7,4.753870151473147e-5
15670,5.497531629927721e-7,4.7519290299627426e-5
15671,5.498597701603103e-7,4.7499887012102116e-5
15672,5.499663799923837e-7,4.7480491649348755e-5
15673,5.500729924889924e-7,4.7461104208165045e-5
15674,5.501796058737796e-7,4.7441724684599285e-5
15675,5.502862236994588e-7,4.7422353076208984e-5
15676,5.503928441896733e-7,4.740298937963572e-5
15677,5.50499467344423e-7,4.7383633591635554e-5
15678,5.506060922755296e-7,4.7364285708999254e-5
15679,5.507127207593498e-7,4.7344945727986754e-5
15680,5.508193527958838e-7,4.732561364578433e-5
15681,5.509259848324177e-7,4.7306289459456835e-5
15682,5.510326213098438e-7,4.7286973165434204e-5
15683,5.511392595636266e-7,4.726766476031638e-5
15684,5.512458987055879e-7,4.724836424128617e-5
15685,5.513525405120845e-7,4.7229071604735356e-5
15686,5.514591876476516e-7,4.7209786847638574e-5
15687,5.515658347832186e-7,4.719050996652291e-5
15688,5.516724819187857e-7,4.717124095900485e-5
15689,5.517791352716017e-7,4.715197982077535e-5
15690,5.518857886244177e-7,4.713272654919415e-5
15691,5.51992444641769e-7,4.711348114116304e-5
15692,5.520991024354771e-7,4.7094243593334e-5
15693,5.522057628937205e-7,4.707501390210922e-5
15694,5.523124242401423e-7,4.705579206486926e-5
15695,5.524190891392777e-7,4.703657807816897e-5
15696,5.525257531502348e-7,4.7017371938552766e-5
15697,5.526324216020839e-7,4.699817364288775e-5
15698,5.527390909421115e-7,4.697898318866203e-5
15699,5.528457620584959e-7,4.695980057166718e-5
15700,5.529524340630587e-7,4.694062578923866e-5
15701,5.530591105085136e-7,4.692145883817764e-5
15702,5.531657869539686e-7,4.690229971529916e-5
15703,5.532724633994235e-7,4.6883148417452974e-5
15704,5.533791451739489e-7,4.686400494072207e-5
15705,5.53485826060296e-7,4.684486928272988e-5
15706,5.535925096111782e-7,4.682574144001736e-5
15707,5.536991922738821e-7,4.680662140952793e-5
15708,5.538058784892996e-7,4.678750918809052e-5
15709,5.53912566481074e-7,4.676840477247507e-5
15710,5.540192544728484e-7,4.674930815883396e-5
15711,5.541259433528012e-7,4.673021934479757e-5
15712,5.542326357854677e-7,4.671113832687909e-5
15713,5.543393264417773e-7,4.669206510204624e-5
15714,5.54446021538979e-7,4.667299966717303e-5
15715,5.545527157480024e-7,4.665394201895656e-5
15716,5.546594135097394e-7,4.663489215355615e-5
15717,5.547661086069411e-7,4.661585006861951e-5
15718,5.548728081450349e-7,4.659681576106578e-5
15719,5.549795067949503e-7,4.65777892273006e-5
15720,5.550862063330442e-7,4.655877046388229e-5
15721,5.551929076474948e-7,4.653975946848979e-5
15722,5.552996116264808e-7,4.652075623723037e-5
15723,5.554063138291099e-7,4.650176076721746e-5
15724,5.555130178080958e-7,4.6482773055061405e-5
15725,5.556197226752602e-7,4.646379309775073e-5
15726,5.557264284306029e-7,4.644482089230864e-5
15727,5.558331341859457e-7,4.6425856435355906e-5
15728,5.559398417176453e-7,4.640689972392961e-5
15729,5.560465501375234e-7,4.638795075409888e-5
15730,5.56153257669223e-7,4.63690095239902e-5
15731,5.562599652009226e-7,4.635007602928759e-5
15732,5.563666753971575e-7,4.6331150267288346e-5
15733,5.564733864815707e-7,4.631223223486303e-5
15734,5.565800993423409e-7,4.629332192900362e-5
15735,5.566868068740405e-7,4.627441934634477e-5
15736,5.567935197348106e-7,4.625552448378825e-5
15737,5.569002317074023e-7,4.623663733775013e-5
15738,5.57006943679994e-7,4.621775790596139e-5
15739,5.571136547644073e-7,4.6198886184383586e-5
15740,5.572203702897127e-7,4.618002217028627e-5
15741,5.57327081374126e-7,4.616116586063715e-5
15742,5.574337968994314e-7,4.614231725209861e-5
15743,5.575405079838447e-7,4.612347634173897e-5
15744,5.576472217327932e-7,4.6104643126178985e-5
15745,5.577539354817418e-7,4.60858176020186e-5
15746,5.578606474543335e-7,4.606699976688819e-5
15747,5.579673629796389e-7,4.604818961677706e-5
15748,5.580740785049443e-7,4.602938714951682e-5
15749,5.581807913657144e-7,4.601059236105168e-5
15750,5.582875060028414e-7,4.599180524852628e-5
15751,5.583942188636115e-7,4.597302580894996e-5
15752,5.585009317243816e-7,4.595425403922104e-5
15753,5.586076445851518e-7,4.593548993626559e-5
15754,5.587143574459219e-7,4.591673349634354e-5
15755,5.58821070306692e-7,4.589798471699852e-5
15756,5.589277813911053e-7,4.587924359505946e-5
15757,5.590344969164107e-7,4.586051012681752e-5
15758,5.591412071126456e-7,4.5841784310003686e-5
15759,5.592479181970589e-7,4.582306614075646e-5
15760,5.593546275051153e-7,4.580435561612681e-5
15761,5.594613403658855e-7,4.578565273317958e-5
15762,5.595680487857635e-7,4.576695748866738e-5
15763,5.596747580938199e-7,4.574826987964464e-5
15764,5.597814691782332e-7,4.572958990277029e-5
15765,5.598881758217544e-7,4.571091755517162e-5
15766,5.599948824652756e-7,4.5692252833521435e-5
15767,5.601015908851537e-7,4.5673595734541106e-5
15768,5.602082966404964e-7,4.5654946255340584e-5
15769,5.603150032840176e-7,4.5636304393113086e-5
15770,5.604217054866467e-7,4.561767014391732e-5
15771,5.605284103538111e-7,4.5599043505456516e-5
15772,5.606351134446186e-7,4.558042447441041e-5
15773,5.607418156472477e-7,4.5561813047233224e-5
15774,5.608485178498768e-7,4.554320922130553e-5
15775,5.609552173879706e-7,4.552461299356034e-5
15776,5.610619178142429e-7,4.5506024360778e-5
15777,5.61168613799623e-7,4.548744331956192e-5
15778,5.612753106731816e-7,4.5468869866990835e-5
15779,5.613820075467402e-7,4.545030400005326e-5
15780,5.614887026439419e-7,4.543174571540812e-5
15781,5.615953959647868e-7,4.541319501015495e-5
15782,5.617020901738101e-7,4.539465188146963e-5
15783,5.618087817182982e-7,4.5376116326059646e-5
15784,5.61915470598251e-7,4.535758834062209e-5
15785,5.620221585900254e-7,4.533906792179854e-5
15786,5.621288474699782e-7,4.532055506748997e-5
15787,5.622355336853957e-7,4.5302049773907754e-5
15788,5.62342217236278e-7,4.528355203771775e-5
15789,5.624488998989818e-7,4.5265061856553795e-5
15790,5.625555834498641e-7,4.524657922657174e-5
15791,5.626622643362111e-7,4.522810414553727e-5
15792,5.627689425580229e-7,4.520963660933561e-5
15793,5.628756198916562e-7,4.51911766157706e-5
15794,5.629822945607543e-7,4.517272416148729e-5
15795,5.630889692298524e-7,4.51542792430093e-5
15796,5.631956412344152e-7,4.513584185824801e-5
15797,5.633023105744428e-7,4.511741200290825e-5
15798,5.634089790262919e-7,4.509898967449549e-5
15799,5.635156465899627e-7,4.5080574870175194e-5
15800,5.636223123772766e-7,4.506216758665138e-5
15801,5.63728977276412e-7,4.5043767820527464e-5
15802,5.638356377346554e-7,4.5025375569107684e-5
15803,5.639422973047203e-7,4.500699082912382e-5
15804,5.640489559866069e-7,4.498861359791481e-5
15805,5.641556111157797e-7,4.497024387222284e-5
15806,5.642622626922389e-7,4.4951881648658265e-5
15807,5.643689178214117e-7,4.493352692416103e-5
15808,5.644755667333357e-7,4.491517969596251e-5
15809,5.645822129807243e-7,4.489683996138083e-5
15810,5.646888601162914e-7,4.487850771662735e-5
15811,5.647955019227879e-7,4.4860182958704475e-5
15812,5.649021446174629e-7,4.4841865684812354e-5
15813,5.650087793185321e-7,4.482355589154746e-5
15814,5.651154184604934e-7,4.4805253576543635e-5
15815,5.652220522733842e-7,4.478695873637306e-5
15816,5.65328686086275e-7,4.476867136807977e-5
15817,5.654353145700952e-7,4.475039146810411e-5
15818,5.655419412775586e-7,4.4732119033732975e-5
15819,5.656485644323084e-7,4.4713854062072844e-5
15820,5.657551875870581e-7,4.469559655048694e-5
15821,5.658618080772726e-7,4.467734649475641e-5
15822,5.659684250147734e-7,4.465910389256367e-5
15823,5.660750401759174e-7,4.464086874098397e-5
15824,5.661816508961692e-7,4.462264103671787e-5
15825,5.662882616164211e-7,4.460442077654572e-5
15826,5.663948687839593e-7,4.4586207957851565e-5
15827,5.665014697342485e-7,4.4568002577384525e-5
15828,5.666080742372515e-7,4.4549804631872914e-5
15829,5.66714671634827e-7,4.4531614119037305e-5
15830,5.668212690324026e-7,4.4513431034707424e-5
15831,5.669278602127292e-7,4.4495255377030585e-5
15832,5.670344505048774e-7,4.4477087141822635e-5
15833,5.671410363561336e-7,4.4458926327269055e-5
15834,5.672476222073897e-7,4.444077292961937e-5
15835,5.673542027295753e-7,4.4422626945227195e-5
15836,5.674607832517609e-7,4.440448837245148e-5
15837,5.675673584448759e-7,4.438635720742379e-5
15838,5.676739309734558e-7,4.43682334470806e-5
15839,5.677804981729651e-7,4.435011708853534e-5
15840,5.678870644842959e-7,4.4332008129008976e-5
15841,5.679936281310916e-7,4.4313906565323496e-5
15842,5.681001882251735e-7,4.429581239429742e-5
15843,5.682067447665418e-7,4.427772561311702e-5
15844,5.683132977551963e-7,4.425964621857653e-5
15845,5.684198463029588e-7,4.424157420807387e-5
15846,5.685263939625429e-7,4.422350957816387e-5
15847,5.686329398457701e-7,4.420545232557485e-5
15848,5.687394777353916e-7,4.4187402447673496e-5
15849,5.688460147368346e-7,4.416935994205548e-5
15850,5.689525472973855e-7,4.4151324804442976e-5
15851,5.690590771934012e-7,4.413329703297983e-5
15852,5.691656035367032e-7,4.411527662351658e-5
15853,5.692721272154699e-7,4.4097263574197076e-5
15854,5.69378647341523e-7,4.407925788144085e-5
15855,5.694851612503271e-7,4.406125954205947e-5
15856,5.695916751591312e-7,4.4043268553138615e-5
15857,5.696981828506864e-7,4.402528491212823e-5
15858,5.698046878777063e-7,4.400730861566296e-5
15859,5.699111884638342e-7,4.398933966099153e-5
15860,5.700176863854267e-7,4.3971378044845716e-5
15861,5.701241780897703e-7,4.395342376406139e-5
15862,5.70230669794114e-7,4.3935476815821356e-5
15863,5.703371535048518e-7,4.391753719771782e-5
15864,5.704436363274112e-7,4.38996049054903e-5
15865,5.705501147090786e-7,4.3881679937483875e-5
15866,5.706565895380322e-7,4.3863762289771124e-5
15867,5.707630590379154e-7,4.3845851959566084e-5
15868,5.708695249850848e-7,4.3827948944301365e-5
15869,5.709759873795406e-7,4.3810053240722624e-5
15870,5.710824453331043e-7,4.3792164845665726e-5
15871,5.711889006221327e-7,4.3774283756230215e-5
15872,5.71295351470269e-7,4.3756409970053395e-5
15873,5.71401795212978e-7,4.3738543482881725e-5
15874,5.715082389556869e-7,4.372068429274803e-5
15875,5.716146755929685e-7,4.370283239624184e-5
15876,5.71721107789358e-7,4.368498779082006e-5
15877,5.718275373212123e-7,4.366715047270098e-5
15878,5.719339624121744e-7,4.364932043952538e-5
15879,5.720403821740661e-7,4.3631497688222803e-5
15880,5.721467992714224e-7,4.361368221608708e-5
15881,5.722532110397083e-7,4.3595874019749375e-5
15882,5.723596157025668e-7,4.35780730960976e-5
15883,5.724660185890684e-7,4.356027944251231e-5
15884,5.725724188110348e-7,4.354249305578081e-5
15885,5.726788119275739e-7,4.35247139333704e-5
15886,5.727852006032208e-7,4.3506942071551424e-5
15887,5.728915848379756e-7,4.348917746805833e-5
15888,5.729979672963736e-7,4.34714201195778e-5
15889,5.73104339984809e-7,4.345367002356673e-5
15890,5.732107126732444e-7,4.3435927176219136e-5
15891,5.733170791444309e-7,4.341819157534926e-5
15892,5.734234393983684e-7,4.34004632176993e-5
15893,5.735297969877706e-7,4.338274210055962e-5
15894,5.736361483599239e-7,4.336502822063423e-5
15895,5.737424961793636e-7,4.3347321574741665e-5
15896,5.738488404460895e-7,4.332962216078637e-5
15897,5.739551758310313e-7,4.331192997489991e-5
15898,5.740615085514378e-7,4.3294245014473265e-5
15899,5.741678359427738e-7,4.3276567277060474e-5
15900,5.742741580050392e-7,4.3258896758959636e-5
15901,5.743804756264126e-7,4.324123345747499e-5
15902,5.744867888068939e-7,4.3223577369754657e-5
15903,5.74593097546483e-7,4.320592849286001e-5
15904,5.746994009570017e-7,4.3188286824227123e-5
15905,5.74805697262093e-7,4.317065235975165e-5
15906,5.749119900144706e-7,4.315302509744559e-5
15907,5.750182756614208e-7,4.313540503406155e-5
15908,5.751245577556574e-7,4.31177921670009e-5
15909,5.752308362971803e-7,4.310018649284972e-5
15910,5.753371068450974e-7,4.3082588008794276e-5
15911,5.754433729521224e-7,4.3064996712444126e-5
15912,5.75549633730077e-7,4.304741259975736e-5
15913,5.756558900671394e-7,4.302983566893681e-5
15914,5.757621428514881e-7,4.301226591644017e-5
15915,5.758683858658742e-7,4.2994703339304524e-5
15916,5.759746271039035e-7,4.297714793465371e-5
15917,5.76080860348327e-7,4.295959969954216e-5
15918,5.761870882636799e-7,4.294205863157943e-5
15919,5.762933117381408e-7,4.292452472672709e-5
15920,5.763995281071743e-7,4.290699798324693e-5
15921,5.765057409234942e-7,4.288947839747523e-5
15922,5.766119466343866e-7,4.287196596671275e-5
15923,5.76718147904387e-7,4.2854460688447615e-5
15924,5.768243429571385e-7,4.2836962558599756e-5
15925,5.76930531792641e-7,4.281947157560792e-5
15926,5.770367170754298e-7,4.280198773568e-5
15927,5.771428943646129e-7,4.278451103615494e-5
15928,5.77249065436547e-7,4.276704147387553e-5
15929,5.773552329557674e-7,4.274957904668378e-5
15930,5.774613933695605e-7,4.273212375097146e-5
15931,5.77567548454283e-7,4.2714675583643835e-5
15932,5.776736973217567e-7,4.269723454234514e-5
15933,5.777798417483382e-7,4.267980062406043e-5
15934,5.778859790694924e-7,4.266237382544863e-5
15935,5.779921101733976e-7,4.2644954144310104e-5
15936,5.780982341718754e-7,4.262754157724827e-5
15937,5.782043555058181e-7,4.2610136121404296e-5
15938,5.78310467069798e-7,4.259273777378059e-5
15939,5.784165733047075e-7,4.257534653175424e-5
15940,5.785226733223681e-7,4.255796239225132e-5
15941,5.786287688991365e-7,4.254058535246505e-5
15942,5.787348573704776e-7,4.252321540943252e-5
15943,5.788409405127481e-7,4.250585256001041e-5
15944,5.789470165495914e-7,4.248849680207889e-5
15945,5.790530863691856e-7,4.2471148131772996e-5
15946,5.791591508597094e-7,4.245380654657391e-5
15947,5.792652100211626e-7,4.243647204406342e-5
15948,5.793712576362964e-7,4.241914462080332e-5
15949,5.794773034750733e-7,4.2401824273893135e-5
15950,5.79583340432066e-7,4.238451100040813e-5
15951,5.79689375612702e-7,4.236720479786765e-5
15952,5.797953992470184e-7,4.2349905663277565e-5
15953,5.799014202167996e-7,4.233261359350149e-5
15954,5.800074323047966e-7,4.2315328585840195e-5
15955,5.80113439063723e-7,4.229805063723363e-5
15956,5.802194369408653e-7,4.228077974483338e-5
15957,5.803254303771155e-7,4.2263515905621024e-5
15958,5.804314175961167e-7,4.22462591175253e-5
15959,5.805373950451553e-7,4.222900937638635e-5
15960,5.806433707178371e-7,4.221176668061169e-5
15961,5.807493366205563e-7,4.219453102611084e-5
15962,5.808552963060265e-7,4.217730241100337e-5
15963,5.809612506624262e-7,4.21600808317088e-5
15964,5.810671943606849e-7,4.214286628577771e-5
15965,5.811731353944083e-7,4.212565877075372e-5
15966,5.812790684345259e-7,4.2108458282473504e-5
15967,5.813849934810378e-7,4.209126481916417e-5
15968,5.814909123103007e-7,4.207407837755056e-5
15969,5.815968249223147e-7,4.205689895473222e-5
15970,5.817027304289013e-7,4.2039726548256245e-5
15971,5.818086261655253e-7,4.202256115456646e-5
15972,5.819145183494356e-7,4.200540277116485e-5
15973,5.82020404316097e-7,4.198825139553955e-5
15974,5.821262796246174e-7,4.197110702392273e-5
15975,5.822321504922456e-7,4.195396965437498e-5
15976,5.823380133662681e-7,4.193683928363501e-5
15977,5.824438700230417e-7,4.191971590896196e-5
15978,5.825497169098526e-7,4.190259952727149e-5
15979,5.826555593557714e-7,4.1885490136037845e-5
15980,5.827613938080844e-7,4.186838773191301e-5
15981,5.828672211549701e-7,4.1851292312173466e-5
15982,5.829730413964285e-7,4.1834203874688974e-5
15983,5.83078853644281e-7,4.181712241585478e-5
15984,5.831846587867062e-7,4.1800047932815526e-5
15985,5.832904586000609e-7,4.178298042341322e-5
15986,5.833962495316314e-7,4.176591988360595e-5
15987,5.835020315814177e-7,4.174886631151675e-5
15988,5.836078056375982e-7,4.173181970451231e-5
15989,5.837135752528866e-7,4.17147800584744e-5
15990,5.838193377627476e-7,4.169774737183482e-5
15991,5.839250887262892e-7,4.168072164114148e-5
15992,5.840308361371171e-7,4.166370286400045e-5
15993,5.841365755543393e-7,4.164669103654678e-5
15994,5.842423052015988e-7,4.162968615696594e-5
15995,5.843480304079662e-7,4.161268822257952e-5
15996,5.844537467325495e-7,4.159569722936643e-5
15997,5.845594523989917e-7,4.1578713175477455e-5
15998,5.846651536245417e-7,4.156173605760621e-5
15999,5.847708459683076e-7,4.154476587364675e-5
16000,5.84876532983003e-7,4.152780261967512e-5
16001,5.849822075632005e-7,4.15108462937519e-5
16002,5.850878794788628e-7,4.149389689233826e-5
16003,5.85193540736384e-7,4.147695441336294e-5
16004,5.852991948884778e-7,4.146001885311015e-5
16005,5.854048410469659e-7,4.144309020960579e-5
16006,5.855104801000266e-7,4.142616847925204e-5
16007,5.856161093831247e-7,4.1409253660109474e-5
16008,5.857217315607954e-7,4.13923457485664e-5
16009,5.858273457448604e-7,4.137544474256197e-5
16010,5.859329545998548e-7,4.135855063859897e-5
16011,5.860385510203514e-7,4.1341663433999004e-5
16012,5.861441403354206e-7,4.1324783125729764e-5
16013,5.862497234332409e-7,4.13079097118102e-5
16014,5.863552967610985e-7,4.1291043188538407e-5
16015,5.864608647598857e-7,4.127418355332965e-5
16016,5.865664212123534e-7,4.125733080395308e-5
16017,5.866719723357505e-7,4.124048493689067e-5
16018,5.867775154655419e-7,4.122364594964442e-5
16019,5.868830461608354e-7,4.120681383916122e-5
16020,5.869885715270584e-7,4.118998860294654e-5
16021,5.870940906760325e-7,4.1173170238013174e-5
16022,5.871995982786871e-7,4.1156358741523125e-5
16023,5.873050996640927e-7,4.113955411073553e-5
16024,5.874105903913573e-7,4.1122756343051764e-5
16025,5.875160766777299e-7,4.110596543524872e-5
16026,5.876215505296045e-7,4.1089181384755535e-5
16027,5.87727015499695e-7,4.1072404188581546e-5
16028,5.878324760288933e-7,4.105563384448202e-5
16029,5.879379276763075e-7,4.1038870349077716e-5
16030,5.880433686655806e-7,4.102211369952716e-5
16031,5.881488025494264e-7,4.100536389364112e-5
16032,5.882542266633095e-7,4.098862092818609e-5
16033,5.883596418954085e-7,4.0971884800379554e-5
16034,5.884650509102585e-7,4.095515550738699e-5
16035,5.885704492669674e-7,4.0938433046436296e-5
16036,5.886758387418922e-7,4.092171741535214e-5
16037,5.887812202232112e-7,4.0905008610113425e-5
16038,5.888865919345676e-7,4.088830662913462e-5
16039,5.889919592050319e-7,4.0871611468672187e-5
16040,5.890973122646415e-7,4.085492312663752e-5
16041,5.892026608833589e-7,4.083824159985261e-5
16042,5.893079988439354e-7,4.082156688595823e-5
16043,5.894133279227276e-7,4.080489898171044e-5
16044,5.895186490079141e-7,4.078823788428165e-5
16045,5.896239585467811e-7,4.0771583591208554e-5
16046,5.897292627565776e-7,4.0754936099677425e-5
16047,5.898345571964114e-7,4.0738295406846786e-5
16048,5.899398400899258e-7,4.072166151012149e-5
16049,5.900451185425482e-7,4.0705034406236795e-5
16050,5.901503845606726e-7,4.068841409259061e-5
16051,5.902556416970128e-7,4.067180056687228e-5
16052,5.903608908397473e-7,4.065519382567828e-5
16053,5.904661302125191e-7,4.063859386692001e-5
16054,5.905713633680421e-7,4.062200068731536e-5
16055,5.906765858654239e-7,4.060541428388409e-5
16056,5.907817959283079e-7,4.0588834654582684e-5
16057,5.908869988857646e-7,4.057226179607354e-5
16058,5.909921965141507e-7,4.0555695706046e-5
16059,5.910973790435037e-7,4.0539136381034097e-5
16060,5.912025553556077e-7,4.052258381898044e-5
16061,5.91307723674106e-7,4.050603801637048e-5
16062,5.91412878669928e-7,4.0489498971438276e-5
16063,5.915180283366794e-7,4.047296668084274e-5
16064,5.916231673452899e-7,4.045644114185343e-5
16065,5.917282974721161e-7,4.043992235147273e-5
16066,5.918334178289797e-7,4.042341030735877e-5
16067,5.919385266395238e-7,4.040690500655558e-5
16068,5.920436283446406e-7,4.039040644652006e-5
16069,5.921487229443301e-7,4.0373914624299706e-5
16070,5.922538051095216e-7,4.035742953698365e-5
16071,5.923588766165722e-7,4.034095118231329e-5
16072,5.924639401300169e-7,4.032447955707591e-5
16073,5.925689974262127e-7,4.030801465838493e-5
16074,5.926740405115538e-7,4.029155648410665e-5
16075,5.927790747151107e-7,4.027510503110815e-5
16076,5.928841000368834e-7,4.025866029690531e-5
16077,5.929891155886935e-7,4.024222227840338e-5
16078,5.93094121370541e-7,4.0225790972677616e-5
16079,5.931991182706042e-7,4.0209366377764316e-5
16080,5.933041054007049e-7,4.0192948490166275e-5
16081,5.934090836490213e-7,4.017653730782611e-5
16082,5.935140512391968e-7,4.016013282731601e-5
16083,5.936190063948743e-7,4.014373504667226e-5
16084,5.937239553333029e-7,4.012734396241502e-5
16085,5.938288945017689e-7,4.011095957193178e-5
16086,5.939338221239154e-7,4.0094581872880675e-5
16087,5.940387399760994e-7,4.0078210862031644e-5
16088,5.941436489464991e-7,4.0061846537334245e-5
16089,5.942485472587578e-7,4.00454888953225e-5
16090,5.943534349128754e-7,4.0029137933470654e-5
16091,5.944583154615657e-7,4.0012793649402134e-5
16092,5.945631844639365e-7,3.9996456040442e-5
16093,5.946680410318095e-7,3.998012510315896e-5
16094,5.947728922706119e-7,3.9963800835322166e-5
16095,5.948777310749165e-7,3.994748323414912e-5
16096,5.949825601092584e-7,3.993117229710019e-5
16097,5.950873802618162e-7,3.9914868020726746e-5
16098,5.95192187979876e-7,3.989857040309977e-5
16099,5.952969859279733e-7,3.988227944159983e-5
16100,5.954017749942864e-7,3.986599513260136e-5
16101,5.9550655251428e-7,3.984971747422392e-5
16102,5.956113211524894e-7,3.983344646350459e-5
16103,5.957160782443793e-7,3.9817182097359044e-5
16104,5.958208246781282e-7,3.98009243736501e-5
16105,5.959255640064498e-7,3.9784673289286476e-5
16106,5.960302900120951e-7,3.976842884129139e-5
16107,5.961350071359561e-7,3.9752191027541545e-5
16108,5.962397136016762e-7,3.9735959845639546e-5
16109,5.963444102974336e-7,3.971973529199105e-5
16110,5.964490954468715e-7,3.9703517363952334e-5
16111,5.965537717145253e-7,3.968730605955276e-5
16112,5.966584355476812e-7,3.9671101375298584e-5
16113,5.967630904990529e-7,3.965490330910121e-5
16114,5.968677347922835e-7,3.963871185808099e-5
16115,5.969723693155515e-7,3.962252701913277e-5
16116,5.970769914043217e-7,3.9606348789793244e-5
16117,5.971816037231292e-7,3.959017716781074e-5
16118,5.972862062719742e-7,3.957401214980602e-5
16119,5.97390798162678e-7,3.9557853733801496e-5
16120,5.974953802834193e-7,3.954170191633119e-5
16121,5.975999490814843e-7,3.9525556694695874e-5
16122,5.977045098859435e-7,3.950941806698041e-5
16123,5.978090582559048e-7,3.949328603027741e-5
16124,5.979135959677251e-7,3.9477160581551096e-5
16125,5.980181230214043e-7,3.9461041717869794e-5
16126,5.981226411932994e-7,3.9444929437255916e-5
16127,5.98227147818875e-7,3.942882373690615e-5
16128,5.983316428981311e-7,3.941272461359044e-5
16129,5.984361282074246e-7,3.9396632064741394e-5
16130,5.985406010822203e-7,3.9380546088162854e-5
16131,5.986450641870533e-7,3.936446668053456e-5
16132,5.987495166337453e-7,3.934839383974362e-5
16133,5.988539593104747e-7,3.933232756295202e-5
16134,5.989583877763494e-7,3.931626784723849e-5
16135,5.990628082486182e-7,3.9300214690573404e-5
16136,5.991672171745677e-7,3.928416808912996e-5
16137,5.992716145541976e-7,3.9268128041267114e-5
16138,5.99376002163865e-7,3.925209454396297e-5
16139,5.994803773390345e-7,3.9236067594164425e-5
16140,5.995847400797061e-7,3.922004718976205e-5
16141,5.996890948267719e-7,3.920403332772701e-5
16142,5.997934380275183e-7,3.918802600567581e-5
16143,5.998977705701236e-7,3.917202522049981e-5
16144,6.000020897900527e-7,3.915603097015899e-5
16145,6.001064010163759e-7,3.9140043251600226e-5
16146,6.00210697143666e-7,3.912406206194041e-5
16147,6.003149852773504e-7,3.9108087399260943e-5
16148,6.004192609765369e-7,3.909211926016523e-5
16149,6.005235242412255e-7,3.907615764179445e-5
16150,6.006277777359514e-7,3.906020254229939e-5
16151,6.007320205725364e-7,3.9044253958207126e-5
16152,6.008362527509803e-7,3.902831188774131e-5
16153,6.009404707185695e-7,3.9012376327928616e-5
16154,6.010446789161961e-7,3.899644727565349e-5
16155,6.011488746793248e-7,3.898052472833119e-5
16156,6.012530633370261e-7,3.896460868378984e-5
16157,6.013572342311591e-7,3.894869913929899e-5
16158,6.014613989080431e-7,3.893279609171879e-5
16159,6.015655484858939e-7,3.8916899539057775e-5
16160,6.016696891819606e-7,3.890100947794364e-5
16161,6.017738192198863e-7,3.8885125906048396e-5
16162,6.018779341587788e-7,3.886924882105097e-5
16163,6.019820411040655e-7,3.8853378219426415e-5
16164,6.020861347266759e-7,3.883751409983205e-5
16165,6.021902168029669e-7,3.882165645841679e-5
16166,6.0229428644476e-7,3.8805805293265494e-5
16167,6.023983480929473e-7,3.878996060137016e-5
16168,6.025023937539231e-7,3.877412237989972e-5
16169,6.026064296449363e-7,3.875829062675862e-5
16170,6.0271045398963e-7,3.8742465339355187e-5
16171,6.028144667880042e-7,3.872664651442814e-5
16172,6.029184671518806e-7,3.871083414930601e-5
16173,6.030224559694375e-7,3.869502824248652e-5
16174,6.031264350170318e-7,3.867922878976124e-5
16175,6.032303998537714e-7,3.866343578973544e-5
16176,6.033343531441915e-7,3.8647649238977844e-5
16177,6.034382957764706e-7,3.863186913580924e-5
16178,6.035422277506086e-7,3.8616095476517315e-5
16179,6.03646145513892e-7,3.860032825878448e-5
16180,6.037500526190342e-7,3.85845674802654e-5
16181,6.038539464015003e-7,3.85688131383094e-5
16182,6.039578304140036e-7,3.855306523000562e-5
16183,6.040617002156523e-7,3.853732375308505e-5
16184,6.041655611355168e-7,3.852158870436967e-5
16185,6.042694069563481e-7,3.850586008182291e-5
16186,6.043732421190384e-7,3.8490137882343095e-5
16187,6.044770657354093e-7,3.847442210364038e-5
16188,6.045808769172822e-7,3.8458712743320855e-5
16189,6.046846756646573e-7,3.844300979803303e-5
16190,6.047884637538914e-7,3.8427313265691765e-5
16191,6.048922394086276e-7,3.8411623143594364e-5
16192,6.049960026288659e-7,3.83959394290416e-5
16193,6.050997543027847e-7,3.838026211911913e-5
16194,6.052034908776704e-7,3.8364591211845905e-5
16195,6.053072176825935e-7,3.834892670441861e-5
16196,6.054109320530188e-7,3.8333268593863934e-5
16197,6.055146339889461e-7,3.8317616877711624e-5
16198,6.05618324378554e-7,3.830197155372389e-5
16199,6.057220014454856e-7,3.828633261885803e-5
16200,6.058256678542762e-7,3.827070007039052e-5
16201,6.059293209403904e-7,3.825507390625704e-5
16202,6.060329624801852e-7,3.8239454123664696e-5
16203,6.061365915854822e-7,3.8223840719622815e-5
16204,6.062402073681028e-7,3.820823369204973e-5
16205,6.063438107162256e-7,3.819263303801029e-5
16206,6.064474025180289e-7,3.817703875488507e-5
16207,6.065509809971559e-7,3.816145084026279e-5
16208,6.066545479299634e-7,3.814586929129504e-5
16209,6.067581024282731e-7,3.813029410582383e-5
16210,6.068616436039065e-7,3.811472528122972e-5
16211,6.069651741213988e-7,3.809916281424103e-5
16212,6.070686904280365e-7,3.808360670225566e-5
16213,6.071721951883546e-7,3.806805694380258e-5
16214,6.072756866259965e-7,3.805251353507927e-5
16215,6.073791674054974e-7,3.80369764745106e-5
16216,6.074826330859651e-7,3.802144575869651e-5
16217,6.075860881082917e-7,3.800592138483369e-5
16218,6.07689531584299e-7,3.799040335169743e-5
16219,6.077929608494514e-7,3.797489165521112e-5
16220,6.078963750155708e-7,3.7959386293667796e-5
16221,6.079997794117276e-7,3.794388726412537e-5
16222,6.08103170485208e-7,3.7928394564228085e-5
16223,6.082065491241906e-7,3.7912908191002626e-5
16224,6.083099135523184e-7,3.7897428142159156e-5
16225,6.084132682104837e-7,3.78819544154807e-5
16226,6.085166077696158e-7,3.7866487007487404e-5
16227,6.0861993489425e-7,3.785102591634046e-5
16228,6.08723248696208e-7,3.7835571138764706e-5
16229,6.088265518400249e-7,3.782012267285195e-5
16230,6.089298407729871e-7,3.780468051608685e-5
16231,6.090331172714514e-7,3.7789244665176885e-5
16232,6.091363813354178e-7,3.77738151181653e-5
16233,6.092396294121727e-7,3.775839187242225e-5
16234,6.093428703835002e-7,3.774297492494319e-5
16235,6.094460927030809e-7,3.7727564273545844e-5
16236,6.095493043645206e-7,3.771215991527077e-5
16237,6.096525018151056e-7,3.7696761848275695e-5
16238,6.097556894957279e-7,3.768137006915015e-5
16239,6.098588611891387e-7,3.7665984576260025e-5
16240,6.099620222244084e-7,3.7650605366069956e-5
16241,6.100651699370019e-7,3.7635232436047245e-5
16242,6.101683034387406e-7,3.761986578489085e-5
16243,6.102714218414462e-7,3.760450540868723e-5
16244,6.103745295860108e-7,3.7589151305000845e-5
16245,6.104776257842559e-7,3.757380347204145e-5
16246,6.10580705107111e-7,3.755846190678716e-5
16247,6.106837746600036e-7,3.754312660665671e-5
16248,6.107868282256845e-7,3.75277975690827e-5
16249,6.108898711332245e-7,3.751247479159489e-5
16250,6.109929016062665e-7,3.749715827188957e-5
16251,6.11095916092097e-7,3.74818480068026e-5
16252,6.111989172552512e-7,3.7466543994228024e-5
16253,6.113019042075507e-7,3.745124623107804e-5
16254,6.114048813898876e-7,3.743595471543057e-5
16255,6.115078452495482e-7,3.742066944473904e-5
16256,6.116107931219972e-7,3.74053904163979e-5
16257,6.117137276717699e-7,3.7390117627319336e-5
16258,6.118166515634016e-7,3.737485107519617e-5
16259,6.119195603560001e-7,3.7359590757804484e-5
16260,6.120224567141008e-7,3.734433667224035e-5
16261,6.121253397495252e-7,3.732908881633884e-5
16262,6.122282076859165e-7,3.731384718702602e-5
16263,6.123310640759883e-7,3.729861178274063e-5
16264,6.124339053670269e-7,3.7283382599281184e-5
16265,6.125367342235677e-7,3.726815963581154e-5
16266,6.126395497574322e-7,3.72529428886853e-5
16267,6.127423484159067e-7,3.7237732356122655e-5
16268,6.128451364162402e-7,3.7222528034900476e-5
16269,6.129479110938973e-7,3.720732992295098e-5
16270,6.130506733370567e-7,3.7192138017592274e-5
16271,6.131534213693612e-7,3.717695231567064e-5
16272,6.132561534144543e-7,3.716177281561789e-5
16273,6.133588748014063e-7,3.714659951463764e-5
16274,6.134615793129683e-7,3.713143241025965e-5
16275,6.135642713900324e-7,3.711627149942387e-5
16276,6.136669519207771e-7,3.710111678013883e-5
16277,6.137696182406671e-7,3.7085968249910006e-5
16278,6.138722703497024e-7,3.707082590548999e-5
16279,6.139749073597045e-7,3.705568974537998e-5
16280,6.140775310470303e-7,3.7040559766114006e-5
16281,6.141801440762151e-7,3.702543596606142e-5
16282,6.142827384536531e-7,3.7010318341849924e-5
16283,6.143853221729501e-7,3.699520689143254e-5
16284,6.144878916813923e-7,3.6980101611738814e-5
16285,6.145904478671582e-7,3.6965002501544025e-5
16286,6.14692988953891e-7,3.694990955694505e-5
16287,6.147955158297691e-7,3.693482277572491e-5
16288,6.148980293829709e-7,3.691974215618357e-5
16289,6.150005305016748e-7,3.690466769475098e-5
16290,6.151030156331672e-7,3.688959938970629e-5
16291,6.152054892183401e-7,3.687453723777781e-5
16292,6.15307945928123e-7,3.6859481236942854e-5
16293,6.154103910915865e-7,3.684443138480056e-5
16294,6.155128202678384e-7,3.6829387678873754e-5
16295,6.156152370095924e-7,3.681435011597747e-5
16296,6.157176386523133e-7,3.6799318694269445e-5
16297,6.158200287487148e-7,3.6784293411196156e-5
16298,6.159224019697263e-7,3.676927426422491e-5
16299,6.160247627562399e-7,3.6754261250243614e-5
16300,6.161271084437203e-7,3.6739254367510604e-5
16301,6.162294408085245e-7,3.6724253612924196e-5
16302,6.163317589624739e-7,3.6709258984555376e-5
16303,6.164340629055687e-7,3.669427047950022e-5
16304,6.165363517496303e-7,3.667928809544807e-5
16305,6.166386272710156e-7,3.666431182977256e-5
16306,6.167408876933678e-7,3.6649341680180386e-5
16307,6.168431347930436e-7,3.663437764389252e-5
16308,6.169453676818648e-7,3.661941971868157e-5
16309,6.170475863598313e-7,3.660446790154648e-5
16310,6.171497890505862e-7,3.658952219082537e-5
16311,6.172519810832e-7,3.6574582583007165e-5
16312,6.173541562404239e-7,3.655964907672837e-5
16313,6.174563171867931e-7,3.654472166899833e-5
16314,6.175584648104859e-7,3.652980035674658e-5
16315,6.176605982233241e-7,3.651488513831125e-5
16316,6.177627156489507e-7,3.649997601057331e-5
16317,6.178648206400794e-7,3.648507297160028e-5
16318,6.17966910532175e-7,3.647017601842925e-5
16319,6.18068984437059e-7,3.645528514901325e-5
16320,6.181710459074452e-7,3.644040036082305e-5
16321,6.182730922787982e-7,3.6425521650635534e-5
16322,6.18375125327475e-7,3.641064901684782e-5
16323,6.184771415007617e-7,3.639578245673292e-5
16324,6.18579146127729e-7,3.638092196773732e-5
16325,6.186811347674848e-7,3.636606754709587e-5
16326,6.187831083082074e-7,3.635121919302875e-5
16327,6.188850676380753e-7,3.633637690230243e-5
16328,6.189870136452669e-7,3.6321540673019126e-5
16329,6.190889427770685e-7,3.6306710502673895e-5
16330,6.191908594743722e-7,3.6291886388272604e-5
16331,6.19292759296286e-7,3.627706832764685e-5
16332,6.193946466837019e-7,3.6262256318211894e-5
16333,6.194965180839063e-7,3.624745035782362e-5
16334,6.195983788259696e-7,3.623265044343238e-5
16335,6.197002209162861e-7,3.621785657325488e-5
16336,6.198020487957479e-7,3.620306874459883e-5
16337,6.199038597998197e-7,3.618828695504256e-5
16338,6.200056583693936e-7,3.617351120141152e-5
16339,6.201074453926481e-7,3.615874148212017e-5
16340,6.202092137641557e-7,3.614397779448664e-5
16341,6.203109679248087e-7,3.61292201360823e-5
16342,6.204127069864285e-7,3.6114468503770786e-5
16343,6.20514432725372e-7,3.609972289635513e-5
16344,6.206161442534608e-7,3.6084983310192414e-5
16345,6.207178371298028e-7,3.607024974289566e-5
16346,6.208195193480037e-7,3.605552219302505e-5
16347,6.209211864671715e-7,3.604080065709378e-5
16348,6.21022835822771e-7,3.602608513342265e-5
16349,6.211244709675157e-7,3.6011375619017516e-5
16350,6.212260910132272e-7,3.599667211140467e-5
16351,6.213276986244409e-7,3.598197460878e-5
16352,6.214292911366215e-7,3.5967283107660175e-5
16353,6.215308667734121e-7,3.595259760635905e-5
16354,6.216324281993479e-7,3.593791810230229e-5
16355,6.217339718617154e-7,3.5923244593012715e-5
16356,6.218355048659419e-7,3.590857707548231e-5
16357,6.219370218829567e-7,3.589391554828514e-5
16358,6.220385229127601e-7,3.587926000819461e-5
16359,6.221400097317087e-7,3.586461045295558e-5
16360,6.222414796752673e-7,3.584996688055578e-5
16361,6.223429362961497e-7,3.583532928828903e-5
16362,6.224443769298205e-7,3.5820697673043245e-5
16363,6.225458051289934e-7,3.5806072033163494e-5
16364,6.226472155645979e-7,3.579145236605463e-5
16365,6.227486100129909e-7,3.577683866903131e-5
16366,6.228499911387075e-7,3.576223093991818e-5
16367,6.229513571653911e-7,3.5747629175977846e-5
16368,6.230527063166846e-7,3.573303337554498e-5
16369,6.231540421453019e-7,3.5718443534966254e-5
16370,6.232553610985292e-7,3.5703859653058584e-5
16371,6.233566649527233e-7,3.56892817268209e-5
16372,6.234579545960628e-7,3.567470975327988e-5
16373,6.235592309167259e-7,3.566014373063489e-5
16374,6.236604876974639e-7,3.56455836564816e-5
16375,6.237617329318823e-7,3.5631029528335884e-5
16376,6.238629612909108e-7,3.561648134375872e-5
16377,6.239641727745493e-7,3.560193909975945e-5
16378,6.240653709355115e-7,3.558740279509254e-5
16379,6.241665531092622e-7,3.557287242609425e-5
16380,6.242677201839797e-7,3.5558347991054146e-5
16381,6.243688739360209e-7,3.5543829487179324e-5
16382,6.244700090363153e-7,3.5529316912322195e-5
16383,6.24571129925755e-7,3.551481026446354e-5
16384,6.246722357161616e-7,3.5500309540068e-5
16385,6.247733246311782e-7,3.5485814737497984e-5
16386,6.248743993353401e-7,3.5471325854210395e-5
16387,6.249754598286472e-7,3.545684288795009e-5
16388,6.250765016702076e-7,3.5442365835677836e-5
16389,6.251775301890916e-7,3.5427894695922585e-5
16390,6.252785436089425e-7,3.541342946532591e-5
16391,6.253795428179387e-7,3.539897014201779e-5
16392,6.254805242633665e-7,3.538451672362511e-5
16393,6.255814888334044e-7,3.537006920753885e-5
16394,6.256824400807659e-7,3.535562759152469e-5
16395,6.257833744527375e-7,3.534119187257809e-5
16396,6.25884291949319e-7,3.532676204937371e-5
16397,6.259851978995812e-7,3.5312338118455994e-5
16398,6.260860843099181e-7,3.529792007785082e-5
16399,6.261869573975787e-7,3.528350792522672e-5
16400,6.262878136098493e-7,3.526910165797467e-5
16401,6.263886547230868e-7,3.525470127379096e-5
16402,6.264894816254696e-7,3.5240306770701474e-5
16403,6.265902898761055e-7,3.5225918145406765e-5
16404,6.266910856922436e-7,3.521153539613048e-5
16405,6.267918637448133e-7,3.519715852036767e-5
16406,6.26892624921993e-7,3.518278751564463e-5
16407,6.269933727764965e-7,3.516842237986581e-5
16408,6.270941028674315e-7,3.515406311007177e-5
16409,6.271948187475118e-7,3.5139709704305744e-5
16410,6.272955177522022e-7,3.512536215976789e-5
16411,6.273962034342162e-7,3.511102047495246e-5
16412,6.27496869576305e-7,3.509668464640042e-5
16413,6.275975223957175e-7,3.508235467220358e-5
16414,6.276981592279185e-7,3.506803054966964e-5
16415,6.277987791847295e-7,3.505371227678633e-5
16416,6.278993831543289e-7,3.5039399851419933e-5
16417,6.279999720248952e-7,3.5025093270284885e-5
16418,6.281005440200715e-7,3.501079253186157e-5
16419,6.282011000280363e-7,3.499649763350973e-5
16420,6.283016409369679e-7,3.4982208572485046e-5
16421,6.28402165858688e-7,3.4967925346806455e-5
16422,6.285026765695534e-7,3.4953647953618605e-5
16423,6.286031659641367e-7,3.493937639114861e-5
16424,6.287036455887574e-7,3.4925110656884584e-5
16425,6.288041056734528e-7,3.4910850747933014e-5
16426,6.289045497709367e-7,3.4896596662808976e-5
16427,6.290049787693874e-7,3.488234839745322e-5
16428,6.291053935569835e-7,3.4868105951421646e-5
16429,6.292057888046543e-7,3.4853869321581354e-5
16430,6.293061689532919e-7,3.483963850562863e-5
16431,6.294065331147181e-7,3.482541350104118e-5
16432,6.29506882177111e-7,3.481119430549448e-5
16433,6.29607214364114e-7,3.4796980916382975e-5
16434,6.297075296757271e-7,3.4782773332121125e-5
16435,6.298078307764854e-7,3.476857154902091e-5
16436,6.299081141136753e-7,3.475437556575353e-5
16437,6.300083823518321e-7,3.474018538028589e-5
16438,6.301086337145989e-7,3.472600098905834e-5
16439,6.302088690901542e-7,3.471182239037779e-5
16440,6.303090884784979e-7,3.469764958188848e-5
16441,6.304092892150948e-7,3.468348256047832e-5
16442,6.305094766290154e-7,3.466932132501627e-5
16443,6.306096498320812e-7,3.4655165872744115e-5
16444,6.307098008306866e-7,3.4641016200508135e-5
16445,6.308099402829725e-7,3.4626872307125245e-5
16446,6.309100610835117e-7,3.4612734189157224e-5
16447,6.310101676731961e-7,3.4598601844890164e-5
16448,6.311102573874905e-7,3.458447527172892e-5
16449,6.312103293382165e-7,3.457035446766815e-5
16450,6.313103835253742e-7,3.455623942998087e-5
16451,6.314104252780339e-7,3.454213015610663e-5
16452,6.315104483789469e-7,3.452802664435928e-5
16453,6.316104546044699e-7,3.4513928892126317e-5
16454,6.317104448427813e-7,3.4499836896864644e-5
16455,6.318104199820596e-7,3.4485750655854214e-5
16456,6.319103773577694e-7,3.447167016780786e-5
16457,6.320103187462678e-7,3.445759542922491e-5
16458,6.321102441475546e-7,3.4443526438950045e-5
16459,6.322101526734514e-7,3.442946319336809e-5
16460,6.323100434357798e-7,3.4415405690851886e-5
16461,6.324099199872535e-7,3.4401353929000567e-5
16462,6.325097787751588e-7,3.438730790533001e-5
16463,6.326096215758525e-7,3.437326761777937e-5
16464,6.327094466129779e-7,3.435923306377431e-5
16465,6.328092556628917e-7,3.434520424108051e-5
16466,6.32909048725594e-7,3.433118114721384e-5
16467,6.330088249129062e-7,3.431716378005101e-5
16468,6.331085851130069e-7,3.430315213687196e-5
16469,6.332083275495393e-7,3.4289146215532584e-5
16470,6.333080548870385e-7,3.427514601408305e-5
16471,6.334077644609692e-7,3.426115152936615e-5
16472,6.335074562713316e-7,3.424716276005657e-5
16473,6.336071347590178e-7,3.4233179702702204e-5
16474,6.337067928186002e-7,3.421920235568629e-5
16475,6.338064384436848e-7,3.420523071704859e-5
16476,6.339060636406657e-7,3.419126478344109e-5
16477,6.340056755149703e-7,3.417730455308743e-5
16478,6.341052660729929e-7,3.4163350023638794e-5
16479,6.342048424201607e-7,3.414940119273943e-5
16480,6.34304402780117e-7,3.4135458058155016e-5
16481,6.344039453765049e-7,3.41215206174153e-5
16482,6.345034719856812e-7,3.410758886831719e-5
16483,6.346029799431108e-7,3.409366280840778e-5
16484,6.347024736896856e-7,3.407974243546316e-5
16485,6.348019478963352e-7,3.406582774716574e-5
16486,6.3490140789213e-7,3.4051918741187515e-5
16487,6.350008501243565e-7,3.403801541487436e-5
16488,6.351002763693714e-7,3.402411776623829e-5
16489,6.351996830744611e-7,3.4010225793249665e-5
16490,6.352990764568744e-7,3.399633949287967e-5
16491,6.353984485230058e-7,3.398245886327561e-5
16492,6.354978081546392e-7,3.396858390239052e-5
16493,6.355971491345258e-7,3.395471460699781e-5
16494,6.356964714626656e-7,3.394085097585195e-5
16495,6.357957795799507e-7,3.3926993005521655e-5
16496,6.35895069045489e-7,3.391314069494181e-5
16497,6.359943416356373e-7,3.389929404062561e-5
16498,6.36093598238574e-7,3.388545304137264e-5
16499,6.36192836189764e-7,3.387161769365099e-5
16500,6.362920590419208e-7,3.385778799590289e-5
16501,6.363912641305092e-7,3.384396394623054e-5
16502,6.36490453231886e-7,3.383014554133798e-5
16503,6.365896227933376e-7,3.381633277923027e-5
16504,6.366887772557561e-7,3.380252565846065e-5
16505,6.367879130664278e-7,3.3788724175469464e-5
16506,6.368870337780663e-7,3.37749283284873e-5
16507,6.369861367261365e-7,3.376113811522086e-5
16508,6.370852219106382e-7,3.3747353533921526e-5
16509,6.371842919961068e-7,3.3733574581296805e-5
16510,6.372833425416502e-7,3.371980125548013e-5
16511,6.373823779881604e-7,3.370603355417473e-5
16512,6.374813938947455e-7,3.369227147534404e-5
16513,6.375803938141189e-7,3.367851501650046e-5
16514,6.376793768581024e-7,3.366476417498987e-5
16515,6.377783448030527e-7,3.365101894879305e-5
16516,6.378772923198994e-7,3.3637279335675674e-5
16517,6.379762238495346e-7,3.3623545333379135e-5
16518,6.380751376156013e-7,3.360981693934992e-5
16519,6.381740345062781e-7,3.359609415167983e-5
16520,6.38272912745208e-7,3.358237696784311e-5
16521,6.383717776614617e-7,3.3568665385595026e-5
16522,6.384706221496117e-7,3.355495940267697e-5
16523,6.385694497623717e-7,3.3541259017059316e-5
16524,6.386682613879202e-7,3.352756422604977e-5
16525,6.387670534735435e-7,3.3513875027417483e-5
16526,6.388658286837767e-7,3.350019141873384e-5
16527,6.389645879067984e-7,3.3486513397986556e-5
16528,6.390633293662518e-7,3.3472840963440914e-5
16529,6.391620539503151e-7,3.3459174111568485e-5
16530,6.392607607708101e-7,3.3445512840867e-5
16531,6.393594498277366e-7,3.3431857148758654e-5
16532,6.394581211210948e-7,3.3418207033730774e-5
16533,6.395567746508846e-7,3.340456249233473e-5
16534,6.396554121934628e-7,3.3390923522818444e-5
16535,6.397540310842942e-7,3.337729012352353e-5
16536,6.398526348760925e-7,3.336366229095278e-5
16537,6.399512200161439e-7,3.3350040023895355e-5
16538,6.400497856162701e-7,3.3336423319558356e-5
16539,6.401483378937201e-7,3.3322812175475e-5
16540,6.402468697430663e-7,3.330920659025405e-5
16541,6.403453838288442e-7,3.32956065603289e-5
16542,6.404438837037674e-7,3.3282012084776685e-5
16543,6.4054236137423e-7,3.326842316041245e-5
16544,6.406408239456596e-7,3.325483978522392e-5
16545,6.407392705298776e-7,3.324126195724392e-5
16546,6.408376975741703e-7,3.322768967330483e-5
16547,6.409361086312515e-7,3.3214122932376244e-5
16548,6.410345010365859e-7,3.3200561731540346e-5
16549,6.41132873901995e-7,3.3187006068427505e-5
16550,6.41231231668371e-7,3.3173455940508495e-5
16551,6.413295707830002e-7,3.315991134642676e-5
16552,6.414278939104179e-7,3.3146372283382464e-5
16553,6.415261966097319e-7,3.313283874922801e-5
16554,6.416244859863696e-7,3.311931074155214e-5
16555,6.417227513821899e-7,3.310578825821073e-5
16556,6.418210043435124e-7,3.309227129686884e-5
16557,6.419192377649097e-7,3.307875985531991e-5
16558,6.420174543109169e-7,3.306525393134002e-5
16559,6.42115651316999e-7,3.3051753523149346e-5
16560,6.422138332240479e-7,3.3038258627368644e-5
16561,6.423119973675284e-7,3.302476924247483e-5
16562,6.424101419710837e-7,3.30112853665597e-5
16563,6.425082688110706e-7,3.299780699626484e-5
16564,6.426063778874891e-7,3.2984334130330834e-5
16565,6.427044718648744e-7,3.2970866766183354e-5
16566,6.428025445259777e-7,3.295740490180318e-5
16567,6.429006020880479e-7,3.294394853417537e-5
16568,6.429986401101928e-7,3.29304976621099e-5
16569,6.430966630333046e-7,3.291705228278957e-5
16570,6.431946646401343e-7,3.290361239395925e-5
16571,6.43292649371574e-7,3.28901779932389e-5
16572,6.433906172276238e-7,3.2876749078439294e-5
16573,6.434885673201052e-7,3.2863325648103264e-5
16574,6.435864978726613e-7,3.284990769898341e-5
16575,6.436844124380059e-7,3.2836495229483786e-5
16576,6.437823092397821e-7,3.2823088236703934e-5
16577,6.438801882779899e-7,3.280968671898199e-5
16578,6.439780477762724e-7,3.2796290674229345e-5
16579,6.44075890399165e-7,3.278290009938595e-5
16580,6.441737143703108e-7,3.2769514993223614e-5
16581,6.442715205778882e-7,3.275613535232841e-5
16582,6.443693072455403e-7,3.274276117577746e-5
16583,6.444670814786946e-7,3.2729392460534995e-5
16584,6.445648326192099e-7,3.271602920423833e-5
16585,6.446625677725137e-7,3.27026714049862e-5
16586,6.447602833858923e-7,3.2689319060738575e-5
16587,6.448579830120593e-7,3.267597216927501e-5
16588,6.449556639864795e-7,3.266263072802464e-5
16589,6.450533271973313e-7,3.2649294734735795e-5
16590,6.451509708682579e-7,3.263596418709783e-5
16591,6.452485976637945e-7,3.26226390836154e-5
16592,6.453462066957627e-7,3.2609319421044586e-5
16593,6.454437970759841e-7,3.2596005198226585e-5
16594,6.455413679162803e-7,3.2582696411990325e-5
16595,6.456389227693649e-7,3.256939306048312e-5
16596,6.457364607470595e-7,3.255609514175514e-5
16597,6.458339782966505e-7,3.254280265330145e-5
16598,6.459314798590299e-7,3.252951559295364e-5
16599,6.460289601051272e-7,3.251623395827269e-5
16600,6.46126424364013e-7,3.2502957747967964e-5
16601,6.462238708593304e-7,3.248968695844165e-5
16602,6.46321298702901e-7,3.247642158810127e-5
16603,6.464187070065464e-7,3.246316163532659e-5
16604,6.465160984348017e-7,3.244990709726919e-5
16605,6.466134712113103e-7,3.243665797146231e-5
16606,6.467108271124289e-7,3.242341425607406e-5
16607,6.468081643618007e-7,3.2410175948991565e-5
16608,6.469054829594256e-7,3.2396943047897225e-5
16609,6.470027820171254e-7,3.2383715551091014e-5
16610,6.471000641994351e-7,3.237049345513124e-5
16611,6.471973286181765e-7,3.2357276758543385e-5
16612,6.47294574385171e-7,3.234406545958926e-5
16613,6.473918015004188e-7,3.2330859555142893e-5
16614,6.474890108520981e-7,3.231765904342446e-5
16615,6.475862006638522e-7,3.2304463922584736e-5
16616,6.476833736002163e-7,3.229127418986552e-5
16617,6.477805269966552e-7,3.2278089843299634e-5
16618,6.478776635177041e-7,3.226491088091643e-5
16619,6.479747813870063e-7,3.2251737300044436e-5
16620,6.480718797163831e-7,3.2238569098470143e-5
16621,6.4816896117037e-7,3.2225406274725976e-5
16622,6.482660230844317e-7,3.221224882593576e-5
16623,6.48363067234925e-7,3.219909674992763e-5
16624,6.484600927336714e-7,3.218595004482808e-5
16625,6.485571004688495e-7,3.2172808708302164e-5
16626,6.486540886641023e-7,3.215967273804618e-5
16627,6.487510608721436e-7,3.214654213176682e-5
16628,6.488480144284381e-7,3.213341688802426e-5
16629,6.489449475566289e-7,3.2120297003397635e-5
16630,6.490418638094297e-7,3.210718247681141e-5
16631,6.491387578577701e-7,3.2094073305736354e-5
16632,6.492356368070773e-7,3.208096948760508e-5
16633,6.49332499769173e-7,3.20678710205545e-5
16634,6.494293396386297e-7,3.205477790248906e-5
16635,6.49526161744518e-7,3.204169013109465e-5
16636,6.49622966086838e-7,3.202860770400856e-5
16637,6.497197517774111e-7,3.201553061924628e-5
16638,6.498165205925943e-7,3.200245887477124e-5
16639,6.499132689796738e-7,3.198939246813401e-5
16640,6.50009999603185e-7,3.197633139721476e-5
16641,6.501067115749493e-7,3.19632756599908e-5
16642,6.50203407559502e-7,3.19502252541827e-5
16643,6.503000804514159e-7,3.193718017770186e-5
16644,6.503967382442966e-7,3.192414042768946e-5
16645,6.504933747208952e-7,3.1911106003017914e-5
16646,6.505899943221038e-7,3.189807690088045e-5
16647,6.506865926070304e-7,3.18850531194903e-5
16648,6.507831784574591e-7,3.1872034656432735e-5
16649,6.508797394388921e-7,3.185902150918546e-5
16650,6.509762844331135e-7,3.184601367639192e-5
16651,6.510728098874097e-7,3.1833011155144725e-5
16652,6.511693175781375e-7,3.182001394374731e-5
16653,6.5126580572894e-7,3.180702203968086e-5
16654,6.513622761161741e-7,3.179403544075615e-5
16655,6.514587287398399e-7,3.1781054145418874e-5
16656,6.51555160935402e-7,3.176807815063326e-5
16657,6.516515762555741e-7,3.175510745497684e-5
16658,6.517479711476426e-7,3.1742142056017525e-5
16659,6.518443482761427e-7,3.1729181951281604e-5
16660,6.51940706752896e-7,3.171622713944375e-5
16661,6.520370439133671e-7,3.170327761720451e-5
16662,6.521333659748052e-7,3.169033338338775e-5
16663,6.522296658317828e-7,3.16773944349473e-5
16664,6.523259505897272e-7,3.166446077048496e-5
16665,6.52422214919568e-7,3.1651532387686615e-5
16666,6.525184597094835e-7,3.1638609283971e-5
16667,6.526146876240091e-7,3.162569145761379e-5
16668,6.527108933340742e-7,3.161277890620026e-5
16669,6.528070866096414e-7,3.159987162783956e-5
16670,6.529032541280344e-7,3.158696962023144e-5
16671,6.529994065473943e-7,3.1574072881082604e-5
16672,6.530955376504721e-7,3.1561181408831795e-5
16673,6.531916536545168e-7,3.154829520025937e-5
16674,6.532877483422794e-7,3.153541425425163e-5
16675,6.533838252664737e-7,3.1522538568220376e-5
16676,6.534798826507426e-7,3.150966813981332e-5
16677,6.535759213832648e-7,3.149680296730267e-5
16678,6.536719405758618e-7,3.14839430483535e-5
16679,6.537679375639982e-7,3.147108838088761e-5
16680,6.538639230058152e-7,3.145823896262903e-5
16681,6.539598844668149e-7,3.1445394791433656e-5
16682,6.540558281642461e-7,3.1432555865018585e-5
16683,6.541517532099306e-7,3.141972218168726e-5
16684,6.542476604920466e-7,3.1406893738830655e-5
16685,6.54343547346059e-7,3.139407053475568e-5
16686,6.544394146601462e-7,3.1381252567026785e-5
16687,6.54535264210665e-7,3.136843983369067e-5
16688,6.54631095109437e-7,3.1355632332422806e-5
16689,6.547269064682837e-7,3.1342830061273363e-5
16690,6.548226982872052e-7,3.13300330176125e-5
16691,6.549184732307367e-7,3.1317241200101015e-5
16692,6.550142268579862e-7,3.13044546058662e-5
16693,6.55109960057132e-7,3.129167323294435e-5
16694,6.552056772690662e-7,3.1278897079840134e-5
16695,6.553013758292536e-7,3.126612614369126e-5
16696,6.553970539613374e-7,3.125336042257565e-5
16697,6.554927134416744e-7,3.124059991422082e-5
16698,6.555883524939077e-7,3.122784461719735e-5
16699,6.55683974670751e-7,3.1215094528622145e-5
16700,6.557795764194907e-7,3.1202349646534955e-5
16701,6.558751577401267e-7,3.1189609968795134e-5
16702,6.559707221853728e-7,3.117687549311632e-5
16703,6.560662662025152e-7,3.1164146218058686e-5
16704,6.561617924560892e-7,3.1151422141065255e-5
16705,6.562573000579164e-7,3.1138703259821904e-5
16706,6.563527854552831e-7,3.112598957210472e-5
16707,6.564482557536166e-7,3.111328107637673e-5
16708,6.565437047356681e-7,3.1100577770056675e-5
16709,6.566391341777944e-7,3.108787965128493e-5
16710,6.567345440799954e-7,3.107518671784798e-5
16711,6.568299371068065e-7,3.1062498967920904e-5
16712,6.569253088173355e-7,3.1049816398391605e-5
16713,6.570206618761176e-7,3.103713900826435e-5
16714,6.571159945067961e-7,3.102446679493359e-5
16715,6.572113102620847e-7,3.101179975659868e-5
16716,6.573066073656264e-7,3.0999137890373035e-5
16717,6.574018831528861e-7,3.098648119501113e-5
16718,6.574971402883989e-7,3.097382966793863e-5
16719,6.575923778839865e-7,3.09611833070704e-5
16720,6.576875977160057e-7,3.094854211078621e-5
16721,6.577827962317429e-7,3.093590607573457e-5
16722,6.578779769839116e-7,3.092327520119037e-5
16723,6.579731390843335e-7,3.091064948463826e-5
16724,6.580682798684734e-7,3.089802892366697e-5
16725,6.581634028890448e-7,3.088541351653831e-5
16726,6.582585054815127e-7,3.087280326082714e-5
16727,6.583535903104121e-7,3.086019815433383e-5
16728,6.584486555993863e-7,3.084759819507038e-5
16729,6.585436986839e-7,3.083500338149983e-5
16730,6.586387257812021e-7,3.082241371080152e-5
16731,6.587337315622221e-7,3.080982918098399e-5
16732,6.588287186914954e-7,3.079724979004883e-5
16733,6.589236862808434e-7,3.0784675536264794e-5
16734,6.590186352184446e-7,3.077210641718592e-5
16735,6.591135646161206e-7,3.075954243044951e-5
16736,6.592084726975145e-7,3.0746983574522074e-5
16737,6.5930336301534e-7,3.07344298467252e-5
16738,6.593982346814187e-7,3.072188124554273e-5
16739,6.594930850312153e-7,3.0709337768355244e-5
16740,6.595879193938003e-7,3.069679941386516e-5
16741,6.596827324401033e-7,3.0684266178561403e-5
16742,6.597775259464811e-7,3.0671738061788245e-5
16743,6.598722999129336e-7,3.065921506131483e-5
16744,6.599670552276393e-7,3.06466971738209e-5
16745,6.600617901142414e-7,3.063418439847726e-5
16746,6.601565054609182e-7,3.062167673262631e-5
16747,6.602512012676698e-7,3.060917417405801e-5
16748,6.603458775344961e-7,3.0596676721471316e-5
16749,6.604405342613973e-7,3.0584184371733325e-5
16750,6.605351741129084e-7,3.0571697123647074e-5
16751,6.606297908717806e-7,3.055921497431904e-5
16752,6.607243898670845e-7,3.054673792253493e-5
16753,6.608189719869983e-7,3.053426596538039e-5
16754,6.60913528349738e-7,3.052179910149888e-5
16755,6.610080687252662e-7,3.0509337327989938e-5
16756,6.611025913372259e-7,3.0496880643781504e-5
16757,6.611970926329036e-7,3.0484429046032102e-5
16758,6.612915752768345e-7,3.047198253280578e-5
16759,6.613860330517696e-7,3.0459541102607207e-5
16760,6.614804801685636e-7,3.044710475262613e-5
16761,6.615749015281835e-7,3.0434673480878027e-5
16762,6.616693042360566e-7,3.042224728521531e-5
16763,6.617636900685397e-7,3.0409826164271014e-5
16764,6.618580536965624e-7,3.0397410115404894e-5
16765,6.619523960083029e-7,3.0384999136427726e-5
16766,6.620467214446535e-7,3.0372593225892752e-5
16767,6.621410264529004e-7,3.0360192381072987e-5
16768,6.622353128094005e-7,3.0347796600056764e-5
16769,6.623295805141538e-7,3.033540588067221e-5
16770,6.624238260144466e-7,3.0323020221566244e-5
16771,6.62518053751171e-7,3.0310639619883506e-5
16772,6.626122583952565e-7,3.029826407360478e-5
16773,6.627064488284873e-7,3.0285893581373513e-5
16774,6.62800617945436e-7,3.0273528140365574e-5
16775,6.628947639697458e-7,3.0261167748738688e-5
16776,6.62988894006844e-7,3.0248812404549963e-5
16777,6.630830027276602e-7,3.023646210541242e-5
16778,6.631770919085511e-7,3.022411685002155e-5
16779,6.632711606613384e-7,3.021177663546301e-5
16780,6.633652098742004e-7,3.019944146035597e-5
16781,6.634592404353157e-7,3.0187111322063642e-5
16782,6.635532514565057e-7,3.0174786218559874e-5
16783,6.636472411614136e-7,3.0162466148189737e-5
16784,6.637412122145747e-7,3.0150151108798706e-5
16785,6.638351637278106e-7,3.013784109844389e-5
16786,6.639290957011212e-7,3.012553611430463e-5
16787,6.640230090226851e-7,3.0113236155385192e-5
16788,6.6411689925161e-7,3.010094121891696e-5
16789,6.642107708287881e-7,3.0088651303494807e-5
16790,6.643046237542194e-7,3.0076366406422972e-5
16791,6.643984571397255e-7,3.006408652573081e-5
16792,6.644922674325926e-7,3.0051811659322775e-5
16793,6.645860617382482e-7,3.0039541805831904e-5
16794,6.646798347276217e-7,3.002727696242019e-5
16795,6.6477358817707e-7,3.001501712724189e-5
16796,6.64867322086593e-7,3.000276229878085e-5
16797,6.649610355680124e-7,2.999051247430662e-5
16798,6.650547295095066e-7,2.997826765210876e-5
16799,6.651484039110755e-7,2.9966027829970293e-5
16800,6.652420587727192e-7,2.995379300601078e-5
16801,6.653356923180809e-7,2.9941563178169373e-5
16802,6.654293072116957e-7,2.9929338344305417e-5
16803,6.6552289990085e-7,2.9917118502541945e-5
16804,6.656164757146144e-7,2.9904903650703613e-5
16805,6.657100328766319e-7,2.9892693786694874e-5
16806,6.658035660578321e-7,2.9880488908604064e-5
16807,6.658970823636423e-7,2.9868289014207267e-5
16808,6.659905773531705e-7,2.9856094101988334e-5
16809,6.66084051914595e-7,2.9843904169390284e-5
16810,6.661775060479158e-7,2.9831719214275937e-5
16811,6.662709433058467e-7,2.9819539235191594e-5
16812,6.663643574711386e-7,2.9807364229719052e-5
16813,6.664577547610406e-7,2.979519419567256e-5
16814,6.665511298464821e-7,2.9783029131529026e-5
16815,6.666444853919984e-7,2.9770869034922293e-5
16816,6.667378213975894e-7,2.9758713903562523e-5
16817,6.668311360868984e-7,2.9746563736068876e-5
16818,6.669244312362821e-7,2.9734418530040496e-5
16819,6.67017707733919e-7,2.9722278283125098e-5
16820,6.671109629152738e-7,2.971014299407715e-5
16821,6.672042003330603e-7,2.969801266026681e-5
16822,6.67297412881851e-7,2.9685887280229972e-5
16823,6.673906103316085e-7,2.967376685106271e-5
16824,6.674837873532624e-7,2.9661651371630515e-5
16825,6.675769421704558e-7,2.9649540838935784e-5
16826,6.676700792240808e-7,2.963743525207646e-5
16827,6.677631940732454e-7,2.9625334608242293e-5
16828,6.678562893824846e-7,2.9613238906090605e-5
16829,6.679493651517987e-7,2.9601148142616857e-5
16830,6.680424222693659e-7,2.958906231679409e-5
16831,6.681354554061159e-7,2.9576981425697563e-5
16832,6.682284716674758e-7,2.9564905468196234e-5
16833,6.683214683889105e-7,2.9552834442204967e-5
16834,6.684144437940631e-7,2.954076834453534e-5
16835,6.6850739433022e-7,2.952870717476061e-5
16836,6.686003333200574e-7,2.9516650929903993e-5
16837,6.686932456645422e-7,2.9504599608268928e-5
16838,6.687861437981724e-7,2.949255320757252e-5
16839,6.688790179509851e-7,2.9480511725753916e-5
16840,6.689718707875159e-7,2.946847516135248e-5
16841,6.69064707636835e-7,2.9456443512269198e-5
16842,6.691575205053368e-7,2.9444416775901983e-5
16843,6.692503156102703e-7,2.9432394950758972e-5
16844,6.693430885107432e-7,2.9420378034706457e-5
16845,6.694358418712909e-7,2.940836602552746e-5
16846,6.695285765800918e-7,2.9396358921528892e-5
16847,6.696212899726106e-7,2.9384356720941335e-5
16848,6.697139829370258e-7,2.937235942123556e-5
16849,6.698066581378725e-7,2.9360367020309086e-5
16850,6.698993129106157e-7,2.9348379516735967e-5
16851,6.699919437025414e-7,2.933639690816392e-5
16852,6.700845558427204e-7,2.9324419192313517e-5
16853,6.70177150219331e-7,2.931244636792535e-5
16854,6.702697215033027e-7,2.930047843234876e-5
16855,6.703622741355275e-7,2.928851538393576e-5
16856,6.704548072278271e-7,2.9276557220469374e-5
16857,6.705473181156663e-7,2.926460394039529e-5
16858,6.706398094635801e-7,2.9252655541028155e-5
16859,6.707322803833904e-7,2.9240712021209175e-5
16860,6.708247326514538e-7,2.9228773377912992e-5
16861,6.709171609386999e-7,2.9216839609994688e-5
16862,6.710095741269129e-7,2.920491071497361e-5
16863,6.711019642224869e-7,2.9192986691514017e-5
16864,6.711943338899573e-7,2.9181067536836885e-5
16865,6.71286683129324e-7,2.9169153249117286e-5
16866,6.713790128287656e-7,2.9157243826904988e-5
16867,6.71471321211925e-7,2.914533926765689e-5
16868,6.71563611831516e-7,2.9133439569943576e-5
16869,6.716558802466466e-7,2.9121544731159493e-5
16870,6.717481291218519e-7,2.9109654749653185e-5
16871,6.718403549044183e-7,2.9097769623096653e-5
16872,6.719325629234163e-7,2.9085889350164568e-5
16873,6.720247487379538e-7,2.907401392821668e-5
16874,6.721169176771014e-7,2.9062143355670922e-5
16875,6.722090644117884e-7,2.905027763067808e-5
16876,6.723011916065502e-7,2.9038416750500756e-5
16877,6.723932965968515e-7,2.9026560713952404e-5
16878,6.72485382935406e-7,2.9014709518611348e-5
16879,6.725774488458569e-7,2.9002863162996134e-5
16880,6.726694925518473e-7,2.899102164424447e-5
16881,6.727615176060908e-7,2.8979184961291232e-5
16882,6.728535240085876e-7,2.896735311139903e-5
16883,6.729455055420885e-7,2.895552609339866e-5
16884,6.730374675356643e-7,2.894370390470885e-5
16885,6.731294117656716e-7,2.8931886543900193e-5
16886,6.732213346793969e-7,2.8920074008342844e-5
16887,6.733132362768401e-7,2.890826629612861e-5
16888,6.734051192225365e-7,2.8896463405897466e-5
16889,6.734969808519509e-7,2.8884665335127124e-5
16890,6.735888220532615e-7,2.88728720823396e-5
16891,6.736806428264686e-7,2.8861083644960567e-5
16892,6.737724413952151e-7,2.884930002104366e-5
16893,6.738642230885716e-7,2.883752120935723e-5
16894,6.739559808011109e-7,2.882574720774328e-5
16895,6.740477216382601e-7,2.8813978013148694e-5
16896,6.741394393827704e-7,2.88022136254798e-5
16897,6.742311358109987e-7,2.879045404075714e-5
16898,6.743228135874801e-7,2.8778699258418666e-5
16899,6.744144736003932e-7,2.876694927630291e-5
16900,6.745061087443105e-7,2.8755204092009018e-5
16901,6.745977234601241e-7,2.8743463703621852e-5
16902,6.746893204123694e-7,2.8731728109732818e-5
16903,6.747808951601542e-7,2.871999730755942e-5
16904,6.748724494798353e-7,2.8708271296036536e-5
16905,6.749639833714127e-7,2.8696550072416366e-5
16906,6.750554968348865e-7,2.8684833634901735e-5
16907,6.751469889820783e-7,2.86731219820667e-5
16908,6.752384633657016e-7,2.8661415111912864e-5
16909,6.75329914656686e-7,2.8649713021959566e-5
16910,6.754213464077452e-7,2.8638015710159836e-5
16911,6.755127595070576e-7,2.862632317515018e-5
16912,6.756041477373742e-7,2.8614635414658113e-5
16913,6.756955182041224e-7,2.860295242667829e-5
16914,6.757868673545886e-7,2.8591274209757017e-5
16915,6.758781951887727e-7,2.85796007609522e-5
16916,6.759695052593884e-7,2.856793207933056e-5
16917,6.760607904610083e-7,2.8556268162466952e-5
16918,6.761520605635951e-7,2.8544609008352567e-5
16919,6.762433049090077e-7,2.8532954615596157e-5
16920,6.763345306026736e-7,2.8521304981394408e-5
16921,6.764257376445926e-7,2.8509660104578116e-5
16922,6.765169224820511e-7,2.8498019982642342e-5
16923,6.766080851150491e-7,2.8486384614063998e-5
16924,6.766992282081219e-7,2.8474753996202834e-5
16925,6.767903526494479e-7,2.846312812799026e-5
16926,6.768814557744918e-7,2.8451507007341142e-5
16927,6.769725366950752e-7,2.843989063184421e-5
16928,6.770635989639118e-7,2.8428278999646783e-5
16929,6.771546381401095e-7,2.841667210923618e-5
16930,6.772456586645603e-7,2.8405069958128276e-5
16931,6.773366578727291e-7,2.8393472544911008e-5
16932,6.774276375409727e-7,2.8381879867526993e-5
16933,6.775185932283989e-7,2.8370291923644764e-5
16934,6.776095311522567e-7,2.8358708711925112e-5
16935,6.777004495361894e-7,2.8347130229883916e-5
16936,6.777913439393046e-7,2.8335556475859308e-5
16937,6.778822196906731e-7,2.8323987448130444e-5
16938,6.779730759021163e-7,2.831242314427218e-5
16939,6.78063909909099e-7,2.830086356289327e-5
16940,6.781547199352644e-7,2.828930870154775e-5
16941,6.782455121978614e-7,2.827775855829273e-5
16942,6.783362858087116e-7,2.8266213131691864e-5
16943,6.784270372151013e-7,2.8254672419923688e-5
16944,6.78517767305209e-7,2.824313642037224e-5
16945,6.786084769672129e-7,2.8231605131257692e-5
16946,6.786991662011133e-7,2.822007855117145e-5
16947,6.787898341187315e-7,2.820855667757735e-5
16948,6.788804816082461e-7,2.8197039509059857e-5
16949,6.789711104460139e-7,2.8185527043825265e-5
16950,6.790617161911428e-7,2.81740192788274e-5
16951,6.791522988436327e-7,2.8162516213750544e-5
16952,6.792428663970895e-7,2.815101784530219e-5
16953,6.793334108579074e-7,2.8139524172316605e-5
16954,6.794239322260864e-7,2.8128035192857836e-5
16955,6.795144349425186e-7,2.811655090444523e-5
16956,6.796049172308471e-7,2.8105071305899176e-5
16957,6.79695379091072e-7,2.809359639458983e-5
16958,6.79785817858658e-7,2.808212616936187e-5
16959,6.798762353099619e-7,2.8070660627509125e-5
16960,6.799666358858758e-7,2.8059199767529325e-5
16961,6.800570133691508e-7,2.8047743587871626e-5
16962,6.801473704243222e-7,2.803629208589231e-5
16963,6.802377061632114e-7,2.8024845260352788e-5
16964,6.803280223621755e-7,2.8013403108421986e-5
16965,6.80418316356679e-7,2.8001965629690512e-5
16966,6.805085890349005e-7,2.799053282043565e-5
16967,6.805988430613752e-7,2.797910468026535e-5
16968,6.806890731070325e-7,2.796768120648732e-5
16969,6.807792871654783e-7,2.795626239750909e-5
16970,6.808694754667499e-7,2.7944848251137966e-5
16971,6.809596468926316e-7,2.7933438765580243e-5
16972,6.810497961140527e-7,2.7922033939257324e-5
16973,6.811399213546565e-7,2.7910633769681614e-5
16974,6.812300314962272e-7,2.7899238255604114e-5
16975,6.813201158806237e-7,2.7887847394370696e-5
16976,6.814101833896302e-7,2.7876461184888485e-5
16977,6.81500226029641e-7,2.786507962457274e-5
16978,6.815902491297265e-7,2.7853702712129363e-5
16979,6.816802526898869e-7,2.7842330445185248e-5
16980,6.817702358219435e-7,2.7830962821745464e-5
16981,6.818601976377181e-7,2.781959984069285e-5
16982,6.819501372490322e-7,2.7808241498887554e-5
16983,6.820400546558858e-7,2.7796887795902836e-5
16984,6.821299534109926e-7,2.7785538728793135e-5
16985,6.822198317379957e-7,2.7774194295664134e-5
16986,6.823096878605384e-7,2.776285449521132e-5
16987,6.823995235549773e-7,2.775151932494363e-5
16988,6.824893379331343e-7,2.774018878362941e-5
16989,6.825791309950091e-7,2.7728862869291077e-5
16990,6.826689062933156e-7,2.7717541579385524e-5
16991,6.827586576108047e-7,2.7706224912212724e-5
16992,6.828483867238333e-7,2.769491286629816e-5
16993,6.829381007378288e-7,2.7683605439764863e-5
16994,6.830277881064717e-7,2.767230263038198e-5
16995,6.831174577115462e-7,2.766100443650152e-5
16996,6.832071033358034e-7,2.76497108559412e-5
16997,6.832967303083137e-7,2.7638421887080794e-5
16998,6.833863341881852e-7,2.7627137527862916e-5
16999,6.834759203044882e-7,2.761585777658407e-5
17000,6.83565482439974e-7,2.7604582631166052e-5
17001,6.836550259237129e-7,2.7593312089940064e-5
17002,6.837445480911697e-7,2.7582046150709943e-5
17003,6.838340489423445e-7,2.7570784811997706e-5
17004,6.839235293654156e-7,2.7559528071728623e-5
17005,6.840129849194909e-7,2.754827592805001e-5
17006,6.841024253745331e-7,2.753702837897387e-5
17007,6.84191841848758e-7,2.752578542274814e-5
17008,6.842812370067008e-7,2.751454705768666e-5
17009,6.843706126247184e-7,2.7503313281496133e-5
17010,6.844599642619187e-7,2.74920840924002e-5
17011,6.84549299023729e-7,2.7480859488768217e-5
17012,6.846386098047219e-7,2.746963946845607e-5
17013,6.847278992694328e-7,2.745842402982271e-5
17014,6.848171691942184e-7,2.7447213170935653e-5
17015,6.849064186909004e-7,2.7436006889557107e-5
17016,6.849956468713003e-7,2.7424805184490114e-5
17017,6.850848546235966e-7,2.7413608053639127e-5
17018,6.851740383950755e-7,2.740241549465533e-5
17019,6.852632026266292e-7,2.739122750611972e-5
17020,6.853523446537224e-7,2.7380044086332267e-5
17021,6.854414680290688e-7,2.7368865232468842e-5
17022,6.855305691999547e-7,2.735769094431087e-5
17023,6.856196499427369e-7,2.734652121840278e-5
17024,6.857087093692371e-7,2.733535605371068e-5
17025,6.857977483676336e-7,2.7324195448236166e-5
17026,6.858867642733912e-7,2.731303939991145e-5
17027,6.859757606392236e-7,2.7301887907379974e-5
17028,6.860647339124171e-7,2.729074096776904e-5
17029,6.861536894220421e-7,2.727959858054782e-5
17030,6.862426218390283e-7,2.7268460742590345e-5
17031,6.863315347160892e-7,2.7257327453490687e-5
17032,6.864204245005112e-7,2.72461987097794e-5
17033,6.86509294745008e-7,2.723507451067239e-5
17034,6.865981427850443e-7,2.7223954853862475e-5
17035,6.866869703969769e-7,2.7212839737968814e-5
17036,6.86775775804449e-7,2.720172916045871e-5
17037,6.868645616719959e-7,2.7190623120072754e-5
17038,6.869533244469039e-7,2.7179521614299068e-5
17039,6.870420667937083e-7,2.7168424641964978e-5
17040,6.871307896005874e-7,2.715733220065228e-5
17041,6.872194919793628e-7,2.7146244289268096e-5
17042,6.873081712654994e-7,2.713516090527973e-5
17043,6.873968283471754e-7,2.7124082046948994e-5
17044,6.874854685534615e-7,2.7113007712756265e-5
17045,6.875740812262165e-7,2.710193790054702e-5
17046,6.876626770235816e-7,2.709087260839224e-5
17047,6.877512497283078e-7,2.7079811834956197e-5
17048,6.878398028931088e-7,2.7068755577782516e-5
17049,6.87928335629806e-7,2.7057703835653424e-5
17050,6.880168434975076e-7,2.7046656605897446e-5
17051,6.881053353779976e-7,2.7035613887352317e-5
17052,6.881938015013134e-7,2.7024575677780244e-5
17053,6.88282248084704e-7,2.7013541975675487e-5
17054,6.883706760163477e-7,2.7002512779233934e-5
17055,6.884590773026389e-7,2.6991488086075544e-5
17056,6.885474608253617e-7,2.6980467894958254e-5
17057,6.886358248081592e-7,2.696945220348468e-5
17058,6.887241630337826e-7,2.6958441010360712e-5
17059,6.888124870485512e-7,2.694743431380306e-5
17060,6.889007844179673e-7,2.6936432111268616e-5
17061,6.889890604711013e-7,2.692543440157083e-5
17062,6.890773187606669e-7,2.6914441182388643e-5
17063,6.891655512930583e-7,2.690345245224754e-5
17064,6.892537660618814e-7,2.6892468209530757e-5
17065,6.893419604026008e-7,2.6881488451657026e-5
17066,6.894301307625028e-7,2.6870513177651434e-5
17067,6.895182798061228e-7,2.685954238475577e-5
17068,6.89606410197996e-7,2.684857607185981e-5
17069,6.896945157208734e-7,2.683761423684025e-5
17070,6.897826017038255e-7,2.6826656878215643e-5
17071,6.898706690350309e-7,2.6815703993297163e-5
17072,6.899587132735974e-7,2.6804755581536638e-5
17073,6.900467335313465e-7,2.6793811640085652e-5
17074,6.901347351373488e-7,2.6782872167136623e-5
17075,6.902227163152475e-7,2.6771937161620962e-5
17076,6.903106752886856e-7,2.6761006621044137e-5
17077,6.903986129458417e-7,2.67500805441849e-5
17078,6.904865301748941e-7,2.6739158928534845e-5
17079,6.905744251994861e-7,2.6728241772220468e-5
17080,6.90662298907796e-7,2.6717329074586044e-5
17081,6.907501521880022e-7,2.6706420832339067e-5
17082,6.908379823755695e-7,2.6695517044518502e-5
17083,6.909257930232116e-7,2.668461770917452e-5
17084,6.910135805782147e-7,2.6673722824440554e-5
17085,6.911013494814711e-7,2.666283238830086e-5
17086,6.911890952920885e-7,2.665194639923235e-5
17087,6.912768215627807e-7,2.6641064855604385e-5
17088,6.91364524740834e-7,2.663018775491896e-5
17089,6.914522074907836e-7,2.66193150958334e-5
17090,6.915398689244512e-7,2.6608446876165426e-5
17091,6.916275072654798e-7,2.6597583094794403e-5
17092,6.917151269547617e-7,2.6586723749458252e-5
17093,6.918027235514046e-7,2.6575868838071837e-5
17094,6.918902997199439e-7,2.6565018359341053e-5
17095,6.919778545722011e-7,2.6554172311243213e-5
17096,6.920653907727115e-7,2.6543330692158085e-5
17097,6.921528985515124e-7,2.6532493499653587e-5
17098,6.922403912312802e-7,2.6521660732619495e-5
17099,6.923278590420523e-7,2.6510832388953326e-5
17100,6.924153099774344e-7,2.6500008467107705e-5
17101,6.925027351556423e-7,2.648918896460198e-5
17102,6.925901381293897e-7,2.647837388034327e-5
17103,6.926775251159256e-7,2.6467563212482365e-5
17104,6.927648854571089e-7,2.6456756958666977e-5
17105,6.928522280347238e-7,2.6445955117596065e-5
17106,6.929395466315214e-7,2.6435157686893057e-5
17107,6.930268465765721e-7,2.6424364665701e-5
17108,6.931141234289839e-7,2.641357605123046e-5
17109,6.932013798532921e-7,2.6402791842659173e-5
17110,6.932886131849614e-7,2.6392012037343426e-5
17111,6.933758252003486e-7,2.638123663395789e-5
17112,6.934630176758105e-7,2.6370465630136397e-5
17113,6.935501870586336e-7,2.6359699024723626e-5
17114,6.936373377897098e-7,2.634893681592934e-5
17115,6.937244663163256e-7,2.633817900137697e-5
17116,6.938115726384808e-7,2.6327425579758534e-5
17117,6.938986558679971e-7,2.6316676549290735e-5
17118,6.939857213339451e-7,2.6305931907825986e-5
17119,6.940727637072541e-7,2.6295191653730177e-5
17120,6.941597838761027e-7,2.62844557850396e-5
17121,6.942467853932044e-7,2.627372430056424e-5
17122,6.943337620413104e-7,2.626299719784425e-5
17123,6.944207182613127e-7,2.62522744757486e-5
17124,6.945076522768545e-7,2.6241556131834792e-5
17125,6.945945667524711e-7,2.623084216466301e-5
17126,6.94681460799984e-7,2.6220132572057908e-5
17127,6.947683299785012e-7,2.6209427353471315e-5
17128,6.948551796170932e-7,2.6198726505097247e-5
17129,6.949420097157599e-7,2.6188030026935705e-5
17130,6.950288158336093e-7,2.6177337916256233e-5
17131,6.951156006351766e-7,2.6166650171639827e-5
17132,6.952023667849971e-7,2.6155966790848695e-5
17133,6.952891080658219e-7,2.6145287772623427e-5
17134,6.95375828918543e-7,2.613461311529175e-5
17135,6.954625275668036e-7,2.6123942816851792e-5
17136,6.955492075633174e-7,2.6113276875114333e-5
17137,6.956358635790139e-7,2.6102615288566694e-5
17138,6.957225000547851e-7,2.6091958055588643e-5
17139,6.95809112549739e-7,2.6081305174396885e-5
17140,6.958957072811245e-7,2.6070656643149143e-5
17141,6.959822762553358e-7,2.6060012459801912e-5
17142,6.960688256896219e-7,2.6049372623175582e-5
17143,6.961553538076259e-7,2.6038737130879702e-5
17144,6.962418606093479e-7,2.602810598192895e-5
17145,6.963283469829662e-7,2.6017479173467972e-5
17146,6.96414811152124e-7,2.600685670460512e-5
17147,6.965012504522861e-7,2.599623857283198e-5
17148,6.965876737652366e-7,2.598562477726732e-5
17149,6.966740730973697e-7,2.597501531528823e-5
17150,6.967604520013992e-7,2.5964410185898984e-5
17151,6.968468069246114e-7,2.5953809386625865e-5
17152,6.969331423078984e-7,2.5943212916195585e-5
17153,6.970194563749033e-7,2.593262077288383e-5
17154,6.971057482374476e-7,2.5922032954088514e-5
17155,6.9719201878371e-7,2.59114494590533e-5
17156,6.972782689018686e-7,2.590087028572774e-5
17157,6.973644968155668e-7,2.5890295431808125e-5
17158,6.974507043011613e-7,2.5879724896139128e-5
17159,6.975368851414032e-7,2.586915867695133e-5
17160,6.976230491062552e-7,2.5858596771909798e-5
17161,6.977091926430035e-7,2.584803917979675e-5
17162,6.977953121989344e-7,2.583748589884277e-5
17163,6.978814104385833e-7,2.582693692710844e-5
17164,6.979674864737717e-7,2.5816392262990873e-5
17165,6.980535429690349e-7,2.5805851904189825e-5
17166,6.981395790361944e-7,2.5795315849525685e-5
17167,6.982255893461797e-7,2.5784784096906377e-5
17168,6.983115810044183e-7,2.5774256645027388e-5
17169,6.983975513463747e-7,2.5763733492074198e-5
17170,6.984834977075138e-7,2.5753214635625132e-5
17171,6.985694263050846e-7,2.5742700074410374e-5
17172,6.986553282573027e-7,2.573218980681316e-5
17173,6.987412133341309e-7,2.572168383120979e-5
17174,6.988270753183201e-7,2.5711182145077977e-5
17175,6.989129150980489e-7,2.5700684747310965e-5
17176,6.989987362260308e-7,2.5690191635407283e-5
17177,6.99084532485017e-7,2.5679702808846516e-5
17178,6.991703083158995e-7,2.5669218264960658e-5
17179,6.992560619423216e-7,2.565873800216764e-5
17180,6.993417969169968e-7,2.5648262019277446e-5
17181,6.994275070226763e-7,2.563779031372268e-5
17182,6.99513198476609e-7,2.5627322883869236e-5
17183,6.995988641733675e-7,2.5616859728377905e-5
17184,6.99684512994736e-7,2.560640084516355e-5
17185,6.997701360589303e-7,2.5595946232841865e-5
17186,6.998557395831995e-7,2.5585495889768328e-5
17187,6.999413217911865e-7,2.557504981332004e-5
17188,7.000268800183562e-7,2.5564608002570655e-5
17189,7.001124222583144e-7,2.555417045572994e-5
17190,7.001979369647415e-7,2.5543737170952152e-5
17191,7.002834356839571e-7,2.553330814608276e-5
17192,7.003689077578201e-7,2.5522883379824196e-5
17193,7.004543620681147e-7,2.5512462870472957e-5
17194,7.005397932857704e-7,2.5502046615721863e-5
17195,7.006252014107872e-7,2.5491634614557834e-5
17196,7.007105908840572e-7,2.5481226864944306e-5
17197,7.007959563765098e-7,2.5470823365403295e-5
17198,7.008813014408588e-7,2.5460424113377816e-5
17199,7.009666243007473e-7,2.545002910793112e-5
17200,7.010519249561753e-7,2.5439638347259097e-5
17201,7.011372042953212e-7,2.5429251829078847e-5
17202,7.012224640945419e-7,2.5418869552054635e-5
17203,7.013077008011237e-7,2.5408491514656434e-5
17204,7.01392915303245e-7,2.5398117715111357e-5
17205,7.014781093772626e-7,2.538774815144529e-5
17206,7.015632812468198e-7,2.5377382822048405e-5
17207,7.016484309119164e-7,2.5367021724672506e-5
17208,7.01733559260731e-7,2.5356664858366962e-5
17209,7.018186689577988e-7,2.534631222077602e-5
17210,7.019037555622276e-7,2.5335963811080886e-5
17211,7.019888172976607e-7,2.5325619626408863e-5
17212,7.020738594931686e-7,2.5315279666027896e-5
17213,7.021588803723944e-7,2.530494392745386e-5
17214,7.022438790471597e-7,2.529461240934408e-5
17215,7.023288564056429e-7,2.528428511005404e-5
17216,7.024138106714872e-7,2.527396202760615e-5
17217,7.024987480619416e-7,2.5263643160515492e-5
17218,7.025836605834002e-7,2.5253328506814887e-5
17219,7.026685509003983e-7,2.524301806472104e-5
17220,7.027534216774711e-7,2.523271183292597e-5
17221,7.028382675855482e-7,2.5222409809247393e-5
17222,7.029230930655217e-7,2.5212111992401615e-5
17223,7.030078990055699e-7,2.5201818380445745e-5
17224,7.030926818529792e-7,2.519152897184282e-5
17225,7.031774442722849e-7,2.518124376462913e-5
17226,7.032621844871301e-7,2.5170962757066484e-5
17227,7.033468998329795e-7,2.516068594714954e-5
17228,7.034315983034389e-7,2.515041333432666e-5
17229,7.03516272793081e-7,2.5140144915610646e-5
17230,7.036009250782627e-7,2.5129880690033524e-5
17231,7.036855569353406e-7,2.5119620655680158e-5
17232,7.037701665879581e-7,2.5109364810330104e-5
17233,7.038547540361151e-7,2.5099113153573965e-5
17234,7.039393219443468e-7,2.5088865682448835e-5
17235,7.040238676481181e-7,2.5078622395379585e-5
17236,7.04108389371072e-7,2.5068383291224766e-5
17237,7.041928924422791e-7,2.5058148367802097e-5
17238,7.042773724208473e-7,2.50479176237689e-5
17239,7.043618293067766e-7,2.503769105734535e-5
17240,7.044462657646022e-7,2.502746866690428e-5
17241,7.045306809061458e-7,2.5017250450121153e-5
17242,7.046150747314073e-7,2.5007036405851057e-5
17243,7.046994463522083e-7,2.4996826532390493e-5
17244,7.047837966567272e-7,2.498662082804637e-5
17245,7.048681247567856e-7,2.497641929060171e-5
17246,7.049524333169188e-7,2.4966221918845677e-5
17247,7.050367161198778e-7,2.4956028711050487e-5
17248,7.051209793829116e-7,2.4945839665693054e-5
17249,7.052052222178418e-7,2.4935654780896405e-5
17250,7.052894410719546e-7,2.4925474054506014e-5
17251,7.053736403861421e-7,2.4915297485130633e-5
17252,7.054578174958692e-7,2.490512507153861e-5
17253,7.055419724011358e-7,2.4894956811061936e-5
17254,7.056261042137635e-7,2.488479270328081e-5
17255,7.057102147101091e-7,2.487463274528437e-5
17256,7.057943065547079e-7,2.486447693607688e-5
17257,7.058783744184893e-7,2.4854325273982597e-5
17258,7.059624209659887e-7,2.4844177756562502e-5
17259,7.060464453090276e-7,2.4834034382859027e-5
17260,7.061304492239628e-7,2.4823895151092346e-5
17261,7.062144309344376e-7,2.4813760059506917e-5
17262,7.062983904404518e-7,2.480362910654149e-5
17263,7.063823304065409e-7,2.479350228992011e-5
17264,7.064662446154557e-7,2.4783379608782352e-5
17265,7.065501401726237e-7,2.477326106059899e-5
17266,7.066340126371529e-7,2.4763146644402045e-5
17267,7.067178637853999e-7,2.475303635838047e-5
17268,7.068016936173649e-7,2.4742930200310348e-5
17269,7.068855021330478e-7,2.473282816892186e-5
17270,7.069692884442702e-7,2.472273026263988e-5
17271,7.070530516628537e-7,2.4712636479656824e-5
17272,7.071367944533336e-7,2.470254681774184e-5
17273,7.072205159275313e-7,2.469246127652716e-5
17274,7.073042143090902e-7,2.4682379853094988e-5
17275,7.073878940389022e-7,2.4672302546213665e-5
17276,7.074715488997185e-7,2.466222935370091e-5
17277,7.075551833324312e-7,2.465216027525835e-5
17278,7.076387955606833e-7,2.464209530759695e-5
17279,7.077223873608318e-7,2.463203445004017e-5
17280,7.07805955180163e-7,2.4621977700565317e-5
17281,7.078895034595689e-7,2.4611925057753392e-5
17282,7.079730277581575e-7,2.460187651924517e-5
17283,7.080565325168209e-7,2.459183208422186e-5
17284,7.081400141828453e-7,2.458179175081343e-5
17285,7.082234745325877e-7,2.4571755516605148e-5
17286,7.08306913566048e-7,2.4561723380566586e-5
17287,7.083903312832263e-7,2.455169534133425e-5
17288,7.084737259077656e-7,2.4541671396410142e-5
17289,7.085570992160228e-7,2.4531651544607708e-5
17290,7.08640451207998e-7,2.4521635784389983e-5
17291,7.087237818836911e-7,2.4511624113782854e-5
17292,7.088070912431021e-7,2.4501616530857306e-5
17293,7.088903757335174e-7,2.449161303500272e-5
17294,7.089736433485427e-7,2.4481613623551085e-5
17295,7.090568860945723e-7,2.44716182949134e-5
17296,7.091401075243198e-7,2.4461627047965562e-5
17297,7.092233049732499e-7,2.4451639880119364e-5
17298,7.093064846586117e-7,2.444165679120827e-5
17299,7.093896403631561e-7,2.4431677777991823e-5
17300,7.094727747514185e-7,2.4421702839540205e-5
17301,7.095558878233987e-7,2.4411731974295636e-5
17302,7.096389786909185e-7,2.440176518067605e-5
17303,7.097220500185131e-7,2.43918024561314e-5
17304,7.09805094700755e-7,2.4381843799818614e-5
17305,7.098881216194286e-7,2.4371889210568487e-5
17306,7.099711263336417e-7,2.4361938685532603e-5
17307,7.100541070670374e-7,2.435199222302828e-5
17308,7.101370682605079e-7,2.4342049822698164e-5
17309,7.102200054731611e-7,2.4332111481919355e-5
17310,7.103029249222459e-7,2.43221771993804e-5
17311,7.103858186141565e-7,2.431224697289902e-5
17312,7.104686936543203e-7,2.430232080149683e-5
17313,7.105515447136668e-7,2.4292398683196242e-5
17314,7.106343744567312e-7,2.4282480615905183e-5
17315,7.107171828835135e-7,2.4272566599176093e-5
17316,7.107999691058353e-7,2.4262656630039126e-5
17317,7.108827340118751e-7,2.4252750707578347e-5
17318,7.109654749370975e-7,2.424284882988903e-5
17319,7.110481980987515e-7,2.4232950995656255e-5
17320,7.111308955032314e-7,2.4223057202434062e-5
17321,7.112135742559644e-7,2.4213167449799178e-5
17322,7.11296230804237e-7,2.4203281734924004e-5
17323,7.113788642598706e-7,2.4193400056774644e-5
17324,7.114614763992222e-7,2.418352241358515e-5
17325,7.115440681104701e-7,2.417364880381509e-5
17326,7.116266376172575e-7,2.4163779225483406e-5
17327,7.117091822550492e-7,2.415391367733763e-5
17328,7.117917100174509e-7,2.4144052157223234e-5
17329,7.118742120226784e-7,2.4134194664328368e-5
17330,7.119566944879807e-7,2.4124341196262583e-5
17331,7.120391547488225e-7,2.4114491751412587e-5
17332,7.121215919170254e-7,2.4104646328657747e-5
17333,7.122040077689462e-7,2.4094804925926805e-5
17334,7.122864031927634e-7,2.4084967541741775e-5
17335,7.123687755239416e-7,2.4075134174298546e-5
17336,7.124511274270162e-7,2.4065304822060152e-5
17337,7.125334544610951e-7,2.405547948354861e-5
17338,7.126157628434271e-7,2.4045658156963273e-5
17339,7.126980507976555e-7,2.4035840840940653e-5
17340,7.127803156592449e-7,2.402602753296193e-5
17341,7.128625547636602e-7,2.401621823235403e-5
17342,7.129447752163287e-7,2.4006412937253863e-5
17343,7.130269752408935e-7,2.399661164568731e-5
17344,7.13109151284641e-7,2.3986814356311698e-5
17345,7.131913086766417e-7,2.3977021066989845e-5
17346,7.132734403114682e-7,2.3967231777166642e-5
17347,7.133555524063695e-7,2.3957446484267758e-5
17348,7.134376414086319e-7,2.3947665187134398e-5
17349,7.135197090946122e-7,2.3937887883636322e-5
17350,7.136017563524888e-7,2.392811457262861e-5
17351,7.136837805177265e-7,2.391834525232797e-5
17352,7.137657833666822e-7,2.3908579921207845e-5
17353,7.138477631229989e-7,2.3898818577391262e-5
17354,7.13929722451212e-7,2.388906121932044e-5
17355,7.14011660463143e-7,2.3879307845208614e-5
17356,7.140935753824351e-7,2.38695584543272e-5
17357,7.141754689854451e-7,2.385981304391452e-5
17358,7.142573394958163e-7,2.3850071612815243e-5
17359,7.143391895780837e-7,2.384033415942302e-5
17360,7.144210174558907e-7,2.383060068162149e-5
17361,7.145028257937724e-7,2.3820871178869413e-5
17362,7.145846101508369e-7,2.3811145648658383e-5
17363,7.146663731916192e-7,2.3801424089833073e-5
17364,7.14748114027941e-7,2.379170650028406e-5
17365,7.148298335479808e-7,2.378199287877275e-5
17366,7.149115326399169e-7,2.3772283223484625e-5
17367,7.149932068628573e-7,2.3762577533087414e-5
17368,7.15074860657694e-7,2.3752875805804763e-5
17369,7.151564904717134e-7,2.374317803944398e-5
17370,7.152381025221644e-7,2.3733484233574853e-5
17371,7.153196914799764e-7,2.3723794385484276e-5
17372,7.154012555687927e-7,2.3714108494055086e-5
17373,7.154828018940407e-7,2.370442655785787e-5
17374,7.155643269030065e-7,2.3694748574925456e-5
17375,7.156458261547982e-7,2.3685074543481482e-5
17376,7.157273058666647e-7,2.367540446252328e-5
17377,7.158087633740706e-7,2.3665738330184288e-5
17378,7.158901995651945e-7,2.3656076144219773e-5
17379,7.159716126636795e-7,2.3646417904192585e-5
17380,7.160530053340608e-7,2.363676360736186e-5
17381,7.161343749118032e-7,2.3627113252634724e-5
17382,7.16215724061442e-7,2.3617466838869727e-5
17383,7.162970518947986e-7,2.3607824363589686e-5
17384,7.163783566355164e-7,2.359818582541029e-5
17385,7.164596400599521e-7,2.358855122319009e-5
17386,7.165409012799273e-7,2.357892055509722e-5
17387,7.166221420717989e-7,2.3569293818914705e-5
17388,7.167033562183178e-7,2.3559671014250494e-5
17389,7.167845543776252e-7,2.355005213814515e-5
17390,7.168657285561153e-7,2.354043718986315e-5
17391,7.169468805301449e-7,2.353082616787447e-5
17392,7.170280138524276e-7,2.352121907002805e-5
17393,7.171091214175362e-7,2.3511615895099175e-5
17394,7.171902067781843e-7,2.3502016641099854e-5
17395,7.172712725989072e-7,2.3492421307048234e-5
17396,7.17352317103348e-7,2.3482829891056933e-5
17397,7.174333376269715e-7,2.347324239094714e-5
17398,7.175143368343129e-7,2.3463658806299054e-5
17399,7.175953129490154e-7,2.3454079134330175e-5
17400,7.17676270411971e-7,2.3444503374041303e-5
17401,7.177572047822878e-7,2.3434931523715063e-5
17402,7.178381178363225e-7,2.3425363582220415e-5
17403,7.179190077977182e-7,2.3415799547267524e-5
17404,7.179998764428319e-7,2.3406239417329833e-5
17405,7.18080724659842e-7,2.3396683191387324e-5
17406,7.181615488960347e-7,2.3387130867462413e-5
17407,7.182423509277669e-7,2.3377582443757927e-5
17408,7.183231325313955e-7,2.3368037918913842e-5
17409,7.18403892818742e-7,2.3358497291136454e-5
17410,7.184846300134495e-7,2.3348960559586157e-5
17411,7.185653485564103e-7,2.3339427721532496e-5
17412,7.186460413421969e-7,2.3329898776156682e-5
17413,7.187267128117014e-7,2.3320373721571336e-5
17414,7.188073638531023e-7,2.3310852556336636e-5
17415,7.188879909136858e-7,2.3301335278887864e-5
17416,7.189686010988794e-7,2.3291821887715808e-5
17417,7.190491846387204e-7,2.3282312380967785e-5
17418,7.191297477504577e-7,2.3272806757065195e-5
17419,7.192102895459129e-7,2.3263305014422503e-5
17420,7.192908109132645e-7,2.325380715201622e-5
17421,7.193713082997988e-7,2.3244313167160996e-5
17422,7.194517852582294e-7,2.3234823059024162e-5
17423,7.195322373476642e-7,2.322533682648162e-5
17424,7.196126698971739e-7,2.321585446686883e-5
17425,7.196930793540446e-7,2.3206375979193533e-5
17426,7.197734692709901e-7,2.3196901361856315e-5
17427,7.198538360952966e-7,2.3187430613219595e-5
17428,7.199341824914995e-7,2.317796373161457e-5
17429,7.200145075714204e-7,2.3168500715691626e-5
17430,7.200948051178102e-7,2.315904156382359e-5
17431,7.201750866769885e-7,2.314958627403982e-5
17432,7.20255343367171e-7,2.314013484502539e-5
17433,7.203355796292499e-7,2.3130687275701306e-5
17434,7.204157945750467e-7,2.3121243563399563e-5
17435,7.204959864282046e-7,2.311180370785995e-5
17436,7.205761578532588e-7,2.3102367706247934e-5
17437,7.206563061856741e-7,2.3092935557605943e-5
17438,7.207364332018074e-7,2.3083507260927838e-5
17439,7.208165380134801e-7,2.3074082813441532e-5
17440,7.208966215088708e-7,2.3064662214258846e-5
17441,7.20976682799801e-7,2.3055245461704038e-5
17442,7.210567209980923e-7,2.304583255424361e-5
17443,7.211367405446367e-7,2.3036423490364888e-5
17444,7.212167378867207e-7,2.3027018268464983e-5
17445,7.212967094716305e-7,2.3017616886777947e-5
17446,7.213766624047935e-7,2.3008219343825798e-5
17447,7.214565940216744e-7,2.2998825637970954e-5
17448,7.215365007695596e-7,2.2989435768148297e-5
17449,7.216163888656979e-7,2.2980049732192892e-5
17450,7.216962538691973e-7,2.2970667528817573e-5
17451,7.217760984445931e-7,2.2961289156544357e-5
17452,7.218559190391716e-7,2.295191461330892e-5
17453,7.219357174292895e-7,2.2942543898101658e-5
17454,7.220154962794822e-7,2.2933177009250294e-5
17455,7.220952511488576e-7,2.2923813944780713e-5
17456,7.221749882546646e-7,2.2914454703839432e-5
17457,7.22254698715119e-7,2.290509928442458e-5
17458,7.223343896356482e-7,2.28957476848049e-5
17459,7.224140583517169e-7,2.2886399903603027e-5
17460,7.224937048633251e-7,2.287705593936179e-5
17461,7.225733300586512e-7,2.2867715790488713e-5
17462,7.226529303849816e-7,2.2858379455422545e-5
17463,7.227325156122788e-7,2.284904693263673e-5
17464,7.228120759705803e-7,2.2839718220455524e-5
17465,7.228916132362428e-7,2.2830393317463393e-5
17466,7.229711274092665e-7,2.2821072222067862e-5
17467,7.230506220423649e-7,2.2811754932332978e-5
17468,7.23130092694646e-7,2.2802441447113825e-5
17469,7.232095464715371e-7,2.2793131765078134e-5
17470,7.232889753794325e-7,2.2783825884328118e-5
17471,7.233683820828674e-7,2.2774523802986807e-5
17472,7.234477656936633e-7,2.276522552029092e-5
17473,7.23527129764534e-7,2.275593103412757e-5
17474,7.236064716309443e-7,2.274664034303958e-5
17475,7.23685791292894e-7,2.2737353445597547e-5
17476,7.237650887503833e-7,2.272807034014307e-5
17477,7.238443648915904e-7,2.2718791024892854e-5
17478,7.239236179401587e-7,2.2709515499253624e-5
17479,7.240028505606233e-7,2.270024376040472e-5
17480,7.240820609766274e-7,2.2690975808009606e-5
17481,7.241612482999926e-7,2.26817116393066e-5
17482,7.242404160834326e-7,2.2672451253341608e-5
17483,7.243195616624121e-7,2.2663194648976648e-5
17484,7.243986859251095e-7,2.2653941824223728e-5
17485,7.24477787095168e-7,2.264469277736547e-5
17486,7.245568678371228e-7,2.263544750695512e-5
17487,7.246359237100819e-7,2.2626206011604894e-5
17488,7.247149618194726e-7,2.261696829046478e-5
17489,7.247939741716891e-7,2.2607734340648195e-5
17490,7.248729678721588e-7,2.259850416128778e-5
17491,7.249519384799896e-7,2.2589277750614117e-5
17492,7.250308859951815e-7,2.2580055107513514e-5
17493,7.251098139704482e-7,2.2570836230070834e-5
17494,7.251887188530759e-7,2.2561621116884423e-5
17495,7.252676041957784e-7,2.2552409766524867e-5
17496,7.253464646694852e-7,2.25432021772852e-5
17497,7.254253029387314e-7,2.2533998347677026e-5
17498,7.255041225562309e-7,2.252479827623971e-5
17499,7.255829173047346e-7,2.251560196130445e-5
17500,7.256616934014914e-7,2.2506409401518157e-5
17501,7.257404437410742e-7,2.249722059515305e-5
17502,7.258191754289101e-7,2.2488035540779716e-5
17503,7.258978831359286e-7,2.247885423685772e-5
17504,7.259765704148435e-7,2.2469676681811934e-5
17505,7.26055235489298e-7,2.2460502874223354e-5
17506,7.261338810238271e-7,2.245133281239889e-5
17507,7.262125016893606e-7,2.244216649494729e-5
17508,7.262911010386119e-7,2.2433003920189348e-5
17509,7.263696781834028e-7,2.242384508681708e-5
17510,7.264482366764469e-7,2.2414689992807796e-5
17511,7.265267703004952e-7,2.240553863701311e-5
17512,7.266052834964398e-7,2.239639101822566e-5
17513,7.266837753761024e-7,2.2387247134564997e-5
17514,7.267622432749477e-7,2.2378106984466406e-5
17515,7.268406907456892e-7,2.2368970566448432e-5
17516,7.269191169001488e-7,2.235983787916146e-5
17517,7.269975199619694e-7,2.2350708920756274e-5
17518,7.270759008193295e-7,2.2341583689928363e-5
17519,7.271542621367644e-7,2.2332462185074842e-5
17520,7.272325985852035e-7,2.2323344404519968e-5
17521,7.273109154937174e-7,2.231423034684127e-5
17522,7.273892119741276e-7,2.230512001085913e-5
17523,7.274674826973637e-7,2.229601339491169e-5
17524,7.275457338806746e-7,2.2286910497309326e-5
17525,7.276239628595249e-7,2.227781131659834e-5
17526,7.277021705220932e-7,2.2268715851137683e-5
17527,7.277803568683794e-7,2.2259624099567332e-5
17528,7.278585201220267e-7,2.2250536060319098e-5
17529,7.279366629475703e-7,2.2241451731914996e-5
17530,7.280147817922966e-7,2.2232371112842347e-5
17531,7.280928828734545e-7,2.222329420147051e-5
17532,7.281709590856167e-7,2.2214220996373546e-5
17533,7.282490130933184e-7,2.2205151496063058e-5
17534,7.283270448965595e-7,2.2196085699054124e-5
17535,7.284050589362323e-7,2.2187023603598144e-5
17536,7.284830463305525e-7,2.217796520848428e-5
17537,7.285610141849475e-7,2.216891051220679e-5
17538,7.286389598348819e-7,2.215985951324606e-5
17539,7.287168859448911e-7,2.2150812209614096e-5
17540,7.287947871859046e-7,2.2141768600193734e-5
17541,7.288726697751713e-7,2.213272868338556e-5
17542,7.289505274954422e-7,2.212369245778792e-5
17543,7.290283621230742e-7,2.2114659922370383e-5
17544,7.291061780989594e-7,2.2105631074468418e-5
17545,7.291839727585625e-7,2.209660591317303e-5
17546,7.292617443255267e-7,2.2087584437273378e-5
17547,7.293394936880304e-7,2.207856664517005e-5
17548,7.29417221734252e-7,2.206955253470505e-5
17549,7.294949284641916e-7,2.2060542105257347e-5
17550,7.295726138778491e-7,2.205153535487711e-5
17551,7.296502761988677e-7,2.2042532282110644e-5
17552,7.297279163154258e-7,2.203353288535506e-5
17553,7.298055368920586e-7,2.20245371631983e-5
17554,7.298831317115173e-7,2.2015545114158902e-5
17555,7.299607078792292e-7,2.2006556737102362e-5
17556,7.300382645070158e-7,2.1997572029426593e-5
17557,7.301157944894499e-7,2.1988590990961593e-5
17558,7.301933058201371e-7,2.1979613619407118e-5
17559,7.302707949463638e-7,2.1970639913288653e-5
17560,7.303482618681301e-7,2.1961669871627815e-5
17561,7.304257065854358e-7,2.1952703492596204e-5
17562,7.305031290982811e-7,2.194374077463604e-5
17563,7.305805302948443e-7,2.1934781716043822e-5
17564,7.306579101751254e-7,2.1925826315469937e-5
17565,7.30735267850946e-7,2.1916874571842326e-5
17566,7.308126059868414e-7,2.1907926483346468e-5
17567,7.308899183655626e-7,2.1898982048521726e-5
17568,7.30967212092537e-7,2.1890041266132976e-5
17569,7.310444818386941e-7,2.1881104134327534e-5
17570,7.311217329331043e-7,2.1872170651422718e-5
17571,7.311989591585188e-7,2.1863240816166057e-5
17572,7.312761649558297e-7,2.1854314627148957e-5
17573,7.313533485486801e-7,2.184539208335834e-5
17574,7.314305108252483e-7,2.1836473182219873e-5
17575,7.315076508973561e-7,2.1827557922744767e-5
17576,7.315847687650034e-7,2.1818646304010147e-5
17577,7.316618653163687e-7,2.1809738323563116e-5
17578,7.317389405514518e-7,2.18008339808555e-5
17579,7.318159962466098e-7,2.17919332736842e-5
17580,7.318930252964151e-7,2.1783036200723888e-5
17581,7.319700374708304e-7,2.177414276092679e-5
17582,7.320470238880716e-7,2.176525295232226e-5
17583,7.321239907653876e-7,2.1756366773317826e-5
17584,7.322009327737078e-7,2.1747484222650604e-5
17585,7.322778570184596e-7,2.1738605299189556e-5
17586,7.323547581705725e-7,2.172973000101608e-5
17587,7.324316380064033e-7,2.1720858326784026e-5
17588,7.325084947495952e-7,2.1711990275268683e-5
17589,7.325853328410403e-7,2.1703125844610427e-5
17590,7.326621469516681e-7,2.169426503321331e-5
17591,7.327389379696569e-7,2.168540783973813e-5
17592,7.328157085595421e-7,2.16765542630816e-5
17593,7.328924569449669e-7,2.1667704301488178e-5
17594,7.329691831259311e-7,2.165885795330294e-5
17595,7.330458915433269e-7,2.165001521731852e-5
17596,7.331225733153701e-7,2.164117609218877e-5
17597,7.331992337711313e-7,2.1632340575571812e-5
17598,7.332758746869672e-7,2.1623508667197033e-5
17599,7.33352494286521e-7,2.161468036500705e-5
17600,7.334290890170791e-7,2.1605855667482243e-5
17601,7.33505664207712e-7,2.1597034573186263e-5
17602,7.33582216305706e-7,2.1588217080759087e-5
17603,7.336587488637747e-7,2.1579403188479868e-5
17604,7.337352583292045e-7,2.1570592895026747e-5
17605,7.338117473665307e-7,2.1561786198776023e-5
17606,7.338882141993963e-7,2.1552983099248912e-5
17607,7.339646579396231e-7,2.1544183593444344e-5
17608,7.340410803635677e-7,2.153538768052965e-5
17609,7.341174814712303e-7,2.1526595359675632e-5
17610,7.34193859486254e-7,2.1517806628845726e-5
17611,7.342702188495309e-7,2.1509021485874996e-5
17612,7.34346553343812e-7,2.1500239930624665e-5
17613,7.344228691863464e-7,2.1491461960898572e-5
17614,7.344991628244202e-7,2.1482687575381798e-5
17615,7.345754315934983e-7,2.1473916772540846e-5
17616,7.346516825990079e-7,2.1465149550949775e-5
17617,7.347279078473434e-7,2.1456385909033454e-5
17618,7.348041144439321e-7,2.1447625845414514e-5
17619,7.348802979478819e-7,2.1438869359211715e-5
17620,7.349564583591928e-7,2.1430116447809094e-5
17621,7.350326001187568e-7,2.142136711083195e-5
17622,7.351087178975035e-7,2.1412621345709426e-5
17623,7.351848152481466e-7,2.140387915217437e-5
17624,7.352608903943292e-7,2.1395140528117362e-5
17625,7.353369442242297e-7,2.1386405471890413e-5
17626,7.354129776260265e-7,2.1377673982522077e-5
17627,7.35488987047006e-7,2.1368946058267224e-5
17628,7.355649742635251e-7,2.1360221698091958e-5
17629,7.356409419401189e-7,2.1351500899807058e-5
17630,7.357168883004306e-7,2.1342783662278014e-5
17631,7.357928097917465e-7,2.1334069984658283e-5
17632,7.358687117431373e-7,2.132535986433537e-5
17633,7.359445932664244e-7,2.1316653300986615e-5
17634,7.360204508088941e-7,2.130795029211749e-5
17635,7.360962870350818e-7,2.129925083729778e-5
17636,7.361721028331658e-7,2.129055493441806e-5
17637,7.362478937622541e-7,2.128186258224321e-5
17638,7.36323666927774e-7,2.1273173779243204e-5
17639,7.363994170006549e-7,2.1264488523933117e-5
17640,7.364751448690754e-7,2.1255806815154155e-5
17641,7.365508514212138e-7,2.1247128651206287e-5
17642,7.366265357688917e-7,2.12384540303652e-5
17643,7.367021988002875e-7,2.122978295195435e-5
17644,7.367778405154013e-7,2.1221115414082892e-5
17645,7.36853460914233e-7,2.12124514145616e-5
17646,7.369290591086042e-7,2.120379095324476e-5
17647,7.37004633322158e-7,2.1195134028061113e-5
17648,7.370801888839651e-7,2.118648063749798e-5
17649,7.371557222413117e-7,2.1177830780896162e-5
17650,7.372312333941977e-7,2.1169184455403778e-5
17651,7.373067232308017e-7,2.116054166031653e-5
17652,7.373821917511236e-7,2.1151902394669908e-5
17653,7.374576371788066e-7,2.1143266656264287e-5
17654,7.37533062178386e-7,2.1134634443895767e-5
17655,7.376084658616833e-7,2.112600575630147e-5
17656,7.376838464523416e-7,2.1117380591888918e-5
17657,7.377592048385395e-7,2.11087589492287e-5
17658,7.378345436848122e-7,2.110014082691916e-5
17659,7.379098612148027e-7,2.1091526223787627e-5
17660,7.37985154763976e-7,2.108291513774549e-5
17661,7.380604278850456e-7,2.107430756803294e-5
17662,7.381356779134762e-7,2.1065703512370554e-5
17663,7.382109092901601e-7,2.1057102970335057e-5
17664,7.382861166860266e-7,2.104850593998356e-5
17665,7.383613036537895e-7,2.103991241981032e-5
17666,7.384364657525566e-7,2.1031322408507358e-5
17667,7.385116109759338e-7,2.102273590446138e-5
17668,7.385867322184936e-7,2.101415290697156e-5
17669,7.386618303684145e-7,2.1005573413300505e-5
17670,7.387369098665886e-7,2.0996997423285146e-5
17671,7.388119653839453e-7,2.0988424934940964e-5
17672,7.388870004731984e-7,2.0979855946404863e-5
17673,7.389620151343479e-7,2.097129045707663e-5
17674,7.390370049265016e-7,2.0962728465273583e-5
17675,7.391119760669085e-7,2.0954169969101405e-5
17676,7.391869250028549e-7,2.0945614967352727e-5
17677,7.392618508461624e-7,2.0937063459295496e-5
17678,7.393367562613662e-7,2.0928515442261708e-5
17679,7.394116394721095e-7,2.0919970915980746e-5
17680,7.394865013665708e-7,2.0911429878471555e-5
17681,7.3956134194475e-7,2.0902892328283906e-5
17682,7.396361594302903e-7,2.0894358264075125e-5
17683,7.397109564877269e-7,2.0885827684918867e-5
17684,7.39785731340703e-7,2.0877300588292846e-5
17685,7.398604848773971e-7,2.086877697384318e-5
17686,7.399352170978091e-7,2.0860256838981656e-5
17687,7.400099262255821e-7,2.0851740183538275e-5
17688,7.4008461581343e-7,2.0843227005594434e-5
17689,7.401592823086389e-7,2.0834717303418876e-5
17690,7.402339283757442e-7,2.0826211075939544e-5
17691,7.403085531265674e-7,2.081770832212948e-5
17692,7.403831556729301e-7,2.0809209039358845e-5
17693,7.404577342384755e-7,2.0800713227527023e-5
17694,7.405322932640956e-7,2.079222088460092e-5
17695,7.406068309734337e-7,2.0783732008967243e-5
17696,7.406813473664897e-7,2.0775246599512298e-5
17697,7.407558424432636e-7,2.076676465470259e-5
17698,7.408303135392202e-7,2.0758286172962992e-5
17699,7.409047650952516e-7,2.0749811153637776e-5
17700,7.409791953350009e-7,2.0741339594756297e-5
17701,7.410536007057544e-7,2.0732871494132804e-5
17702,7.411279874247612e-7,2.0724406851756888e-5
17703,7.412023519393074e-7,2.071594566575158e-5
17704,7.412766933612147e-7,2.0707487934423785e-5
17705,7.413510161313752e-7,2.069903365618797e-5
17706,7.414253166970752e-7,2.0690582830402288e-5
17707,7.414995950583148e-7,2.068213545453751e-5
17708,7.415738503269154e-7,2.0673691528264038e-5
17709,7.416480869437692e-7,2.0665251049743066e-5
17710,7.417222986916272e-7,2.0656814017701308e-5
17711,7.4179649089956e-7,2.064838043058792e-5
17712,7.418706609030323e-7,2.0639950286564096e-5
17713,7.419448113665794e-7,2.06315235852135e-5
17714,7.420189378493092e-7,2.0623100324433652e-5
17715,7.420930439039353e-7,2.0614680502906157e-5
17716,7.421671286422793e-7,2.060626411931263e-5
17717,7.42241189399806e-7,2.059785117203977e-5
17718,7.42315229729229e-7,2.05894416598143e-5
17719,7.4238924874237e-7,2.058103558178273e-5
17720,7.424632455510505e-7,2.057263293588074e-5
17721,7.425372228198057e-7,2.0564233720845454e-5
17722,7.426111787722789e-7,2.0555837935243987e-5
17723,7.426851089675779e-7,2.05474455775706e-5
17724,7.427590205111301e-7,2.053905664659364e-5
17725,7.428329116265786e-7,2.0530671141265333e-5
17726,7.429067796493882e-7,2.052228905989606e-5
17727,7.429806254677374e-7,2.051391040054293e-5
17728,7.430544517461612e-7,2.0505535162539806e-5
17729,7.431282558201247e-7,2.0497163344367075e-5
17730,7.432020376896276e-7,2.0488794944210215e-5
17731,7.432757982428484e-7,2.0480429961319824e-5
17732,7.433495374797872e-7,2.0472068393371373e-5
17733,7.434232545122654e-7,2.0463710240094246e-5
17734,7.434969502284616e-7,2.0455355499257588e-5
17735,7.435706246283758e-7,2.044700417035833e-5
17736,7.436442768238294e-7,2.0438656250749282e-5
17737,7.437179085911794e-7,2.0430311740038398e-5
17738,7.437915199304257e-7,2.0421970635939313e-5
17739,7.438651064006763e-7,2.0413632938000997e-5
17740,7.439386724428232e-7,2.0405298644454034e-5
17741,7.440122189450449e-7,2.039696775425065e-5
17742,7.440857405782708e-7,2.0388640265024682e-5
17743,7.441592435597499e-7,2.0380316176373675e-5
17744,7.442327243367686e-7,2.0371995486604538e-5
17745,7.443061829093267e-7,2.0363678194051937e-5
17746,7.443796201656028e-7,2.0355364297491157e-5
17747,7.444530361055968e-7,2.0347053795360948e-5
17748,7.445264325056655e-7,2.0338746687130482e-5
17749,7.44599804924917e-7,2.033044297004849e-5
17750,7.446731551397079e-7,2.032214264387211e-5
17751,7.447464849263952e-7,2.0313845706769473e-5
17752,7.448197942849788e-7,2.0305552157852402e-5
17753,7.448930796627451e-7,2.029726199459861e-5
17754,7.449663455005862e-7,2.0288975216678495e-5
17755,7.450395909103236e-7,2.0280691822385094e-5
17756,7.451128114510652e-7,2.027241181023695e-5
17757,7.451860124518817e-7,2.0264135178610365e-5
17758,7.45259192136416e-7,2.0255861926405522e-5
17759,7.453323505046683e-7,2.0247592052661384e-5
17760,7.454054866684601e-7,2.0239325555521798e-5
17761,7.454786015159698e-7,2.0231062433644087e-5
17762,7.455516932708406e-7,2.0222802685515573e-5
17763,7.456247663739646e-7,2.0214546309821335e-5
17764,7.456978172726281e-7,2.0206293305659317e-5
17765,7.457708459668311e-7,2.01980436707154e-5
17766,7.458438515683952e-7,2.018979740466345e-5
17767,7.459168411827477e-7,2.018155450564385e-5
17768,7.459898032635692e-7,2.017331497237984e-5
17769,7.460627475808224e-7,2.0165078802966696e-5
17770,7.461356670290797e-7,2.0156845996863182e-5
17771,7.462085669374119e-7,2.0148616552199267e-5
17772,7.46281445529462e-7,2.0140390467562885e-5
17773,7.4635430280523e-7,2.013216774193055e-5
17774,7.464271378765375e-7,2.0123948373598766e-5
17775,7.464999534079197e-7,2.0115732361516286e-5
17776,7.465727449584847e-7,2.0107519703972676e-5
17777,7.466455151927676e-7,2.0099310399663423e-5
17778,7.467182658871252e-7,2.0091104447041153e-5
17779,7.467909926006655e-7,2.008290184551953e-5
17780,7.468636997742806e-7,2.007470259255198e-5
17781,7.469363856316136e-7,2.0066506687874824e-5
17782,7.470090519490213e-7,2.005831412976722e-5
17783,7.470816933974334e-7,2.005012491680669e-5
17784,7.471543144177417e-7,2.0041939047001772e-5
17785,7.472269132335896e-7,2.0033756520050627e-5
17786,7.472994916213338e-7,2.0025577334065875e-5
17787,7.473720478046175e-7,2.0017401487552183e-5
17788,7.47444584447976e-7,2.0009228979746274e-5
17789,7.475170971105172e-7,2.0001059808209126e-5
17790,7.475895902331331e-7,1.999289397262849e-5
17791,7.476620611512885e-7,1.9984731471182904e-5
17792,7.477345098649835e-7,1.997657230292868e-5
17793,7.478069381505748e-7,1.9968416465492717e-5
17794,7.478793442317055e-7,1.996026395858705e-5
17795,7.479517298847327e-7,1.9952114780358993e-5
17796,7.480240951096562e-7,1.994396892934791e-5
17797,7.480964354655839e-7,1.9935826404235413e-5
17798,7.481687580579433e-7,1.992768720426169e-5
17799,7.482410548931284e-7,1.9919551327157725e-5
17800,7.483133330765668e-7,1.9911418772129014e-5
17801,7.483855926082583e-7,1.9903289538006352e-5
17802,7.484578254945973e-7,1.989516362259358e-5
17803,7.485300397291894e-7,1.9887041025505592e-5
17804,7.486022326474995e-7,1.987892174488276e-5
17805,7.48674403361349e-7,1.9870805779274858e-5
17806,7.48746553647095e-7,1.986269312739819e-5
17807,7.488186799520236e-7,1.9854583788364577e-5
17808,7.488907876052053e-7,1.9846477760127046e-5
17809,7.489628730539266e-7,1.9838375041710682e-5
17810,7.490349362981874e-7,1.9830275631980976e-5
17811,7.49106980002523e-7,1.9822179528835443e-5
17812,7.49179001502398e-7,1.9814086731715502e-5
17813,7.492510007978126e-7,1.9805997238962758e-5
17814,7.493229796651235e-7,1.9797911049054123e-5
17815,7.493949363279739e-7,1.978982816073019e-5
17816,7.494668725627207e-7,1.978174857306808e-5
17817,7.495387857048286e-7,1.9773672284353894e-5
17818,7.496106793070112e-7,1.9765599293085356e-5
17819,7.496825515929118e-7,1.975752959786775e-5
17820,7.497544016743518e-7,1.9749463198093925e-5
17821,7.498262295513314e-7,1.9741400091508737e-5
17822,7.498980370002073e-7,1.97333402771685e-5
17823,7.499698231328011e-7,1.9725283753956047e-5
17824,7.500415897254697e-7,1.971723052000829e-5
17825,7.50113332337321e-7,1.9709180574513374e-5
17826,7.501850545210687e-7,1.9701133915819846e-5
17827,7.502567553885342e-7,1.969309054245666e-5
17828,7.503284340515393e-7,1.9685050453736863e-5
17829,7.504000922864407e-7,1.9677013647238784e-5
17830,7.504717274287032e-7,1.9668980122570373e-5
17831,7.505433439192188e-7,1.966094987793099e-5
17832,7.50614938205274e-7,1.9652922912498372e-5
17833,7.506865102868687e-7,1.9644899224076362e-5
17834,7.507580601640029e-7,1.9636878811766373e-5
17835,7.508295913893903e-7,1.9628861674642062e-5
17836,7.509011012984956e-7,1.9620847810895847e-5
17837,7.509725872267836e-7,1.9612837219101786e-5
17838,7.51044052726968e-7,1.9604829897920673e-5
17839,7.511154969108702e-7,1.959682584689107e-5
17840,7.511869206666688e-7,1.9588825063393545e-5
17841,7.512583213298285e-7,1.9580827547022173e-5
17842,7.513297033412414e-7,1.957283329561202e-5
17843,7.514010622600154e-7,1.9564842308847363e-5
17844,7.514723989743288e-7,1.955685458437939e-5
17845,7.515437170368955e-7,1.954887012184034e-5
17846,7.516150120068232e-7,1.954088891890915e-5
17847,7.516862856604689e-7,1.9532910975311735e-5
17848,7.517575362214757e-7,1.9524936288612543e-5
17849,7.518287699070925e-7,1.9516964858547897e-5
17850,7.518999796118919e-7,1.9508996683001434e-5
17851,7.519711688885877e-7,1.950103176086987e-5
17852,7.52042335960823e-7,1.9493070090897263e-5
17853,7.521134826049547e-7,1.948511167193176e-5
17854,7.521846070446259e-7,1.9477156502360066e-5
17855,7.522557092798365e-7,1.9469204580725014e-5
17856,7.523267901987651e-7,1.9461255905933728e-5
17857,7.523978506895901e-7,1.9453310477004354e-5
17858,7.524688925286682e-7,1.944536829201482e-5
17859,7.525399121632859e-7,1.94374293498098e-5
17860,7.526109087052646e-7,1.942949364957397e-5
17861,7.526818848191397e-7,1.9421561189378322e-5
17862,7.527528387285543e-7,1.9413631967894057e-5
17863,7.528237704335083e-7,1.9405705983847887e-5
17864,7.528946825985372e-7,1.939778323612612e-5
17865,7.52965573447284e-7,1.93898637232022e-5
17866,7.530364447561055e-7,1.938194744397631e-5
17867,7.531072911959313e-7,1.937403439740068e-5
17868,7.531781189840103e-7,1.9366124581220168e-5
17869,7.532489245676288e-7,1.9358217994931703e-5
17870,7.533197088349652e-7,1.9350314637098937e-5
17871,7.533904717860196e-7,1.9342414506226535e-5
17872,7.534612134207919e-7,1.9334517601100193e-5
17873,7.535319355156389e-7,1.9326623920113556e-5
17874,7.53602634517847e-7,1.9318733462121707e-5
17875,7.536733130919515e-7,1.9310846225556455e-5
17876,7.537439694615955e-7,1.9302962209949426e-5
17877,7.538146045149574e-7,1.929508141322242e-5
17878,7.538852173638588e-7,1.9287203834716243e-5
17879,7.53955810672835e-7,1.9279329472033507e-5
17880,7.540263826655291e-7,1.9271458324730123e-5
17881,7.540969360064764e-7,1.9263590391224023e-5
17882,7.54167464478428e-7,1.925572567073111e-5
17883,7.542379725222759e-7,1.9247864160954614e-5
17884,7.543084601380201e-7,1.924000586115901e-5
17885,7.543789246611254e-7,1.9232150770105705e-5
17886,7.544493696443055e-7,1.9224298885858748e-5
17887,7.545197933112036e-7,1.9216450208074665e-5
17888,7.545901956618195e-7,1.92086047347724e-5
17889,7.546605775843318e-7,1.920076246522337e-5
17890,7.547309355260268e-7,1.919292339732856e-5
17891,7.548012757041533e-7,1.9185087530248363e-5
17892,7.548715919014626e-7,1.9177254862692145e-5
17893,7.549418876706682e-7,1.916942539280722e-5
17894,7.550121612354133e-7,1.9161599120191136e-5
17895,7.550824152602331e-7,1.9153776042973858e-5
17896,7.551526506333062e-7,1.91459561602568e-5
17897,7.552228593610266e-7,1.913813947015952e-5
17898,7.552930512133571e-7,1.91303259715718e-5
17899,7.553632199730487e-7,1.9122515663660966e-5
17900,7.554333683046366e-7,1.911470854411984e-5
17901,7.555034926554072e-7,1.9106904612663927e-5
17902,7.555735974662525e-7,1.9099103867541156e-5
17903,7.556436827371726e-7,1.9091306307821715e-5
17904,7.557137458036323e-7,1.9083511931791697e-5
17905,7.557837893301667e-7,1.907572073808067e-5
17906,7.558538088758837e-7,1.906793272528351e-5
17907,7.559238071053187e-7,1.9060147892945717e-5
17908,7.559937866830069e-7,1.9052366238961338e-5
17909,7.560637431680561e-7,1.9044587762060555e-5
17910,7.561336774486449e-7,1.903681246098049e-5
17911,7.562035939656653e-7,1.9029040335155623e-5
17912,7.562734873900467e-7,1.9021271382438365e-5
17913,7.56343361274503e-7,1.9013505602207686e-5
17914,7.564132120663203e-7,1.9005742992322938e-5
17915,7.564830415418555e-7,1.8997983552201253e-5
17916,7.565528514774655e-7,1.8990227280302197e-5
17917,7.566226392086151e-7,1.8982474175099212e-5
17918,7.566924056234825e-7,1.8974724235790857e-5
17919,7.567621516102463e-7,1.896697746089568e-5
17920,7.568318771689064e-7,1.8959233848529766e-5
17921,7.569015796349277e-7,1.8951493398401686e-5
17922,7.569712625610237e-7,1.8943756108596305e-5
17923,7.570409232826592e-7,1.8936021978204626e-5
17924,7.571105617998342e-7,1.8928291005301107e-5
17925,7.571801816652624e-7,1.892056318948676e-5
17926,7.572497802144085e-7,1.891283852842665e-5
17927,7.573193565590941e-7,1.890511702185363e-5
17928,7.573889124756761e-7,1.8897398667783172e-5
17929,7.57458447075976e-7,1.8889683464928114e-5
17930,7.575279612481722e-7,1.888197141275416e-5
17931,7.575974523277296e-7,1.8874262509134543e-5
17932,7.576669229791833e-7,1.8866556752969443e-5
17933,7.577363732025333e-7,1.885885414303068e-5
17934,7.578058021096012e-7,1.8851154678350274e-5
17935,7.57875211476744e-7,1.884345835759596e-5
17936,7.579445977512478e-7,1.8835765179091996e-5
17937,7.580139627094695e-7,1.8828075141818362e-5
17938,7.580833107923013e-7,1.8820388244238095e-5
17939,7.58152631341602e-7,1.881270448543526e-5
17940,7.582219359036912e-7,1.880502386377922e-5
17941,7.582912155967847e-7,1.8797346378166685e-5
17942,7.583604757499529e-7,1.8789672027758053e-5
17943,7.584297154750175e-7,1.8782000810277366e-5
17944,7.584989338838e-7,1.8774332725401965e-5
17945,7.58568130088122e-7,1.8766667771091816e-5
17946,7.586373058643403e-7,1.875900594670507e-5
17947,7.587064621006334e-7,1.8751347250524353e-5
17948,7.587755952442876e-7,1.8743691681227803e-5
17949,7.588447088480166e-7,1.873603923807296e-5
17950,7.589138011354635e-7,1.8728389919352856e-5
17951,7.589828703302715e-7,1.8720743723669303e-5
17952,7.590519190969758e-7,1.871310065034576e-5
17953,7.591209483237549e-7,1.8705460697564236e-5
17954,7.591899562342519e-7,1.8697823863836338e-5
17955,7.592589437166453e-7,1.8690190148801245e-5
17956,7.593279089945781e-7,1.868255955047443e-5
17957,7.593968538444074e-7,1.8674932067485467e-5
17958,7.594657756015977e-7,1.8667307699386793e-5
17959,7.59534680483398e-7,1.8659686443957962e-5
17960,7.59603561384381e-7,1.8652068300206714e-5
17961,7.596724200809035e-7,1.864445326706099e-5
17962,7.597412610138576e-7,1.863684134326138e-5
17963,7.598100779659944e-7,1.862923252756582e-5
17964,7.59878875378206e-7,1.8621626818121628e-5
17965,7.599476532504923e-7,1.8614024214467367e-5
17966,7.600164062537829e-7,1.8606424715371384e-5
17967,7.600851423816835e-7,1.8598828318394656e-5
17968,7.601538536405883e-7,1.859123502344004e-5
17969,7.602225480241032e-7,1.8583644829289758e-5
17970,7.602912202031575e-7,1.8576057733473567e-5
17971,7.60359869289573e-7,1.8568473735842278e-5
17972,7.604284997242416e-7,1.856089283509485e-5
17973,7.60497106178093e-7,1.855331502905594e-5
17974,7.605656939801975e-7,1.854574031730921e-5
17975,7.606342595778415e-7,1.8538168698813834e-5
17976,7.607028056355603e-7,1.8530600171068334e-5
17977,7.607713286006401e-7,1.852303473390271e-5
17978,7.608398355785084e-7,1.8515472386102655e-5
17979,7.609083167992026e-7,1.8507913125541398e-5
17980,7.609767784799715e-7,1.8500356951882402e-5
17981,7.610452179562799e-7,1.8492803862957263e-5
17982,7.611136378926631e-7,1.848525385821781e-5
17983,7.611820356245858e-7,1.847770693610626e-5
17984,7.612504147047616e-7,1.8470163095259118e-5
17985,7.613187689159417e-7,1.8462622334895762e-5
17986,7.613871053635535e-7,1.8455084653291876e-5
17987,7.614554213830615e-7,1.8447550049673772e-5
17988,7.615237143099307e-7,1.8440018522327545e-5
17989,7.615919876968746e-7,1.843249006976133e-5
17990,7.616602388793581e-7,1.8424964691760026e-5
17991,7.617284696337379e-7,1.84174423856244e-5
17992,7.617966817363708e-7,1.8409923151409963e-5
17993,7.618648680818296e-7,1.8402406987062803e-5
17994,7.619330384400769e-7,1.8394893891680864e-5
17995,7.620011848175068e-7,1.8387383863963103e-5
17996,7.620693098786546e-7,1.8379876902438474e-5
17997,7.621374171762341e-7,1.837237300610431e-5
17998,7.622054996048178e-7,1.8364872173725483e-5
17999,7.622735642698331e-7,1.8357374404105037e-5
18000,7.623416067303879e-7,1.8349879695588045e-5
18001,7.62409628762839e-7,1.8342388046890812e-5
18002,7.624776303671865e-7,1.833489945749986e-5
18003,7.625456088788951e-7,1.8327413925798425e-5
18004,7.626135687388569e-7,1.8319931450315463e-5
18005,7.626815046180013e-7,1.83124520300032e-5
18006,7.627494245099342e-7,1.8304975663303857e-5
18007,7.628173204210498e-7,1.8297502349520073e-5
18008,7.628851950158833e-7,1.8290032087017738e-5
18009,7.629530491826131e-7,1.8282564874464585e-5
18010,7.630208829212393e-7,1.8275100711090397e-5
18011,7.630886971199402e-7,1.8267639595184737e-5
18012,7.631564873378238e-7,1.826018152601208e-5
18013,7.632242606803175e-7,1.8252726501803013e-5
18014,7.632920100419938e-7,1.8245274521259958e-5
18015,7.633597389755664e-7,1.8237825583373307e-5
18016,7.634274483692138e-7,1.8230379686855896e-5
18017,7.634951346702223e-7,1.8222936831013836e-5
18018,7.63562802319484e-7,1.8215497013703008e-5
18019,7.636304468761068e-7,1.8208060234416873e-5
18020,7.636980718928044e-7,1.8200626491191724e-5
18021,7.637656764813983e-7,1.8193195783416938e-5
18022,7.638332588655317e-7,1.8185768109392486e-5
18023,7.639008234860967e-7,1.8178343468584074e-5
18024,7.639683641258443e-7,1.817092185893779e-5
18025,7.640358843374884e-7,1.816350327938157e-5
18026,7.641033850092072e-7,1.8156087729280512e-5
18027,7.641708634764655e-7,1.8148675206674375e-5
18028,7.642383206274417e-7,1.8141265710400895e-5
18029,7.643057600148495e-7,1.8133859239818223e-5
18030,7.643731763096184e-7,1.812645579305633e-5
18031,7.644405703999269e-7,1.8119055369601733e-5
18032,7.645079458384885e-7,1.8111657967320727e-5
18033,7.645753008489464e-7,1.8104263585408398e-5
18034,7.646426345431223e-7,1.809687222290024e-5
18035,7.647099469210161e-7,1.8089483878148266e-5
18036,7.647772388708063e-7,1.8082098550080417e-5
18037,7.648445095043144e-7,1.807471623721177e-5
18038,7.649117588215404e-7,1.8067336939292522e-5
18039,7.649789885988412e-7,1.805996065341875e-5
18040,7.650461970598599e-7,1.80525873797327e-5
18041,7.651133859809534e-7,1.8045217116943735e-5
18042,7.651805509212295e-7,1.803784986316448e-5
18043,7.652476989861157e-7,1.8030485617305525e-5
18044,7.653148239583629e-7,1.8023124378027666e-5
18045,7.653819285025065e-7,1.801576614464742e-5
18046,7.654490117303681e-7,1.8008410916085793e-5
18047,7.655160754183044e-7,1.8001058690139682e-5
18048,7.655831169017802e-7,1.799370946647949e-5
18049,7.656501397335091e-7,1.7986363242929876e-5
18050,7.657171394725992e-7,1.797902001928961e-5
18051,7.657841205599425e-7,1.7971679793893358e-5
18052,7.658510794428253e-7,1.7964342565384567e-5
18053,7.65918017009426e-7,1.7957008332694646e-5
18054,7.659849359242799e-7,1.7949677094907662e-5
18055,7.660518317464948e-7,1.7942348850271544e-5
18056,7.66118708916963e-7,1.7935023597516475e-5
18057,7.661855629947922e-7,1.7927701336087343e-5
18058,7.662523984208747e-7,1.792038206401697e-5
18059,7.66319212530675e-7,1.791306578036167e-5
18060,7.663860053241933e-7,1.7905752484129178e-5
18061,7.664527768014295e-7,1.7898442174025392e-5
18062,7.665195287387405e-7,1.7891134848496e-5
18063,7.665862620243047e-7,1.7883830506607717e-5
18064,7.666529722172299e-7,1.7876529147430736e-5
18065,7.667196602056947e-7,1.7869230769265027e-5
18066,7.667863313187695e-7,1.7861935370670767e-5
18067,7.66852978451027e-7,1.7854642951245503e-5
18068,7.669196042670023e-7,1.784735350906369e-5
18069,7.669862140957662e-7,1.784006704299429e-5
18070,7.670527972791774e-7,1.7832783552163e-5
18071,7.671193618108418e-7,1.7825503035411028e-5
18072,7.671859085789379e-7,1.7818225491003647e-5
18073,7.672524313662166e-7,1.7810950918049212e-5
18074,7.673189355017485e-7,1.7803679315642196e-5
18075,7.673854183209983e-7,1.7796410682113795e-5
18076,7.674518789357876e-7,1.7789145015992963e-5
18077,7.675183217870085e-7,1.7781882316929287e-5
18078,7.675847415455905e-7,1.7774622582917426e-5
18079,7.676511417642473e-7,1.7767365813419617e-5
18080,7.67717520666622e-7,1.7760112006708073e-5
18081,7.677838800290715e-7,1.7752861161405425e-5
18082,7.678502162988821e-7,1.7745613276949623e-5
18083,7.679165348051242e-7,1.773836835150186e-5
18084,7.679828311069059e-7,1.7731126384683965e-5
18085,7.680491078687623e-7,1.772388737441427e-5
18086,7.681153624261583e-7,1.7716651319641535e-5
18087,7.681815983318074e-7,1.770941821965452e-5
18088,7.682478111448177e-7,1.7702188073297903e-5
18089,7.683140044179027e-7,1.7694960878205518e-5
18090,7.683801763747056e-7,1.7687736634644513e-5
18091,7.684463305679401e-7,1.768051534040832e-5
18092,7.685124598921789e-7,1.767329699479958e-5
18093,7.685785714528492e-7,1.7666081596395822e-5
18094,7.686446608090591e-7,1.7658869143843958e-5
18095,7.687107324017006e-7,1.7651659636696432e-5
18096,7.687767791253464e-7,1.7644453072354627e-5
18097,7.688428080854237e-7,1.763724945090181e-5
18098,7.689088175055758e-7,1.763004877089122e-5
18099,7.689748011685538e-7,1.7622851030799774e-5
18100,7.690407688443202e-7,1.761565622923622e-5
18101,7.691067152038045e-7,1.760846436570096e-5
18102,7.691726420233636e-7,1.7601275438310082e-5
18103,7.692385466384621e-7,1.7594089446435618e-5
18104,7.693044290491002e-7,1.7586906388464274e-5
18105,7.693702919198131e-7,1.7579726263365625e-5
18106,7.694361352506007e-7,1.7572549069675564e-5
18107,7.695019599296415e-7,1.756537480696388e-5
18108,7.695677579633298e-7,1.755820347292686e-5
18109,7.696335417861633e-7,1.7551035067436133e-5
18110,7.696993025163579e-7,1.7543869588070027e-5
18111,7.697650419302704e-7,1.7536707035168547e-5
18112,7.698307609160793e-7,1.752954740649737e-5
18113,7.698964594737845e-7,1.7522390701039947e-5
18114,7.699621376033861e-7,1.7515236917453603e-5
18115,7.700277961930624e-7,1.750808605508261e-5
18116,7.700934352428135e-7,1.7500938112088166e-5
18117,7.701590503117473e-7,1.7493793087984544e-5
18118,7.702246458407558e-7,1.748665098092947e-5
18119,7.702902218298391e-7,1.7479511790347013e-5
18120,7.703557765026403e-7,1.747237551439837e-5
18121,7.704213098591595e-7,1.74652421519976e-5
18122,7.704868245639318e-7,1.745811170237102e-5
18123,7.705523170642437e-7,1.7450984163919214e-5
18124,7.706177909128087e-7,1.744385953596911e-5
18125,7.706832443332701e-7,1.7436737816702713e-5
18126,7.707486746610925e-7,1.7429619005623898e-5
18127,7.708140872253466e-7,1.7422503100768955e-5
18128,7.708794775851402e-7,1.741539010184298e-5
18129,7.709448484050085e-7,1.7408280006472876e-5
18130,7.710101979085948e-7,1.7401172814499044e-5
18131,7.710755269840774e-7,1.7394068524436562e-5
18132,7.71140834743278e-7,1.7386967134738057e-5
18133,7.712061238507317e-7,1.7379868644862295e-5
18134,7.712713916419034e-7,1.7372773053116186e-5
18135,7.713366390049714e-7,1.7365680358719104e-5
18136,7.714018650517573e-7,1.7358590559998777e-5
18137,7.71467071558618e-7,1.735150365578947e-5
18138,7.715322558610183e-7,1.734441964559158e-5
18139,7.715974223998501e-7,1.7337338528048557e-5
18140,7.716625667342214e-7,1.733026030114465e-5
18141,7.717276915286675e-7,1.7323184964598837e-5
18142,7.717927958950099e-7,1.7316112516919252e-5
18143,7.718578789450703e-7,1.7309042956731996e-5
18144,7.71922941567027e-7,1.730197628302052e-5
18145,7.719879846490585e-7,1.729491249488277e-5
18146,7.720530037502726e-7,1.728785159031687e-5
18147,7.721180086406321e-7,1.728079356911119e-5
18148,7.721829886619958e-7,1.7273738429954277e-5
18149,7.722479500316126e-7,1.7266686171128753e-5
18150,7.723128900849474e-7,1.7259636791482763e-5
18151,7.723778097101786e-7,1.7252590290454256e-5
18152,7.724427080191276e-7,1.7245546666152384e-5
18153,7.725075894526867e-7,1.7238505918129587e-5
18154,7.725724477936069e-7,1.723146804448461e-5
18155,7.726372839300666e-7,1.722443304484969e-5
18156,7.727021040793147e-7,1.7217400917386022e-5
18157,7.727669002477455e-7,1.7210371661222773e-5
18158,7.728316768762511e-7,1.720334527487155e-5
18159,7.728964339648314e-7,1.719632175748581e-5
18160,7.729611670725944e-7,1.7189301107712468e-5
18161,7.730258868576811e-7,1.7182283324656406e-5
18162,7.730905799974153e-7,1.7175268406815353e-5
18163,7.731552527090457e-7,1.7168256352971534e-5
18164,7.732199103216431e-7,1.7161247162448406e-5
18165,7.732845457297799e-7,1.715424083387554e-5
18166,7.733491580452778e-7,1.714723736538637e-5
18167,7.734137517090289e-7,1.714023675716478e-5
18168,7.734783231683195e-7,1.713323900649072e-5
18169,7.735428768640418e-7,1.7126244113853384e-5
18170,7.736074083553035e-7,1.7119252076303743e-5
18171,7.736719194184616e-7,1.7112262893987512e-5
18172,7.737364118298728e-7,1.710527656554814e-5
18173,7.73800882925002e-7,1.7098293089521516e-5
18174,7.738653327038492e-7,1.7091312464891095e-5
18175,7.739297620545926e-7,1.7084334690341957e-5
18176,7.739941736417677e-7,1.707735976455918e-5
18177,7.740585612481254e-7,1.7070387686734384e-5
18178,7.741229302027364e-7,1.706341845578857e-5
18179,7.741872805056005e-7,1.7056452070309674e-5
18180,7.742516094921825e-7,1.7049488529187473e-5
18181,7.743159171624825e-7,1.7042527831374193e-5
18182,7.743802052928572e-7,1.703556997521491e-5
18183,7.744444729951283e-7,1.7028614960300226e-5
18184,7.745087193811173e-7,1.7021662784843378e-5
18185,7.745729488917164e-7,1.7014713448174762e-5
18186,7.746371526451412e-7,1.7007766948608227e-5
18187,7.747013395231761e-7,1.7000823285588662e-5
18188,7.747655068612858e-7,1.699388245752706e-5
18189,7.748296511067565e-7,1.6986944463639325e-5
18190,7.74893775812302e-7,1.69800093021491e-5
18191,7.749578809779223e-7,1.6973076972594953e-5
18192,7.750219674917957e-7,1.696614747326644e-5
18193,7.750860291366735e-7,1.6959220803160896e-5
18194,7.751500739061612e-7,1.695229696157055e-5
18195,7.752140982475453e-7,1.6945375946354757e-5
18196,7.752781021608257e-7,1.693845775729841e-5
18197,7.753420865341809e-7,1.6931542393225363e-5
18198,7.754060478148972e-7,1.692462985232457e-5
18199,7.754699913320451e-7,1.691772013363152e-5
18200,7.755339126447325e-7,1.691081323667437e-5
18201,7.755978153056731e-7,1.6903909159513703e-5
18202,7.7566169753851e-7,1.6897007901306438e-5
18203,7.757255575668864e-7,1.6890109460831332e-5
18204,7.757894007198729e-7,1.6883213836894895e-5
18205,7.758532207802205e-7,1.687632102860201e-5
18206,7.759170221888212e-7,1.6869431034509386e-5
18207,7.759808031693183e-7,1.68625438533819e-5
18208,7.760445637217117e-7,1.6855659484532604e-5
18209,7.761083056223583e-7,1.6848777926826985e-5
18210,7.761720235421876e-7,1.684189917848175e-5
18211,7.762357210339133e-7,1.6835023238511576e-5
18212,7.762994016502489e-7,1.6828150106281553e-5
18213,7.763630618384809e-7,1.68212797799841e-5
18214,7.764267007104309e-7,1.6814412259168188e-5
18215,7.76490320930634e-7,1.680754754261604e-5
18216,7.765539171700198e-7,1.6800685628592937e-5
18217,7.766174956458372e-7,1.6793826515891508e-5
18218,7.766810554699077e-7,1.678697020420991e-5
18219,7.76744591313161e-7,1.678011669159138e-5
18220,7.768081093928458e-7,1.677326597753978e-5
18221,7.768716079326055e-7,1.676641806089285e-5
18222,7.769350869324398e-7,1.6759572939877704e-5
18223,7.769985419514569e-7,1.675273061347085e-5
18224,7.770619792069056e-7,1.67458910810582e-5
18225,7.771253960342506e-7,1.6739054340856457e-5
18226,7.771887924334919e-7,1.6732220392463165e-5
18227,7.772521701809865e-7,1.672538923452871e-5
18228,7.773155257240205e-7,1.6718560865557758e-5
18229,7.773788608389509e-7,1.6711735284100082e-5
18230,7.774421773021345e-7,1.6704912490027313e-5
18231,7.775054742253928e-7,1.6698092481223087e-5
18232,7.775687498323691e-7,1.669127525734393e-5
18233,7.776320041230633e-7,1.6684460817168595e-5
18234,7.776952397620107e-7,1.667764915915318e-5
18235,7.777584549728545e-7,1.6670840281798882e-5
18236,7.778216479792377e-7,1.6664034184959986e-5
18237,7.778848223338741e-7,1.6657230867179323e-5
18238,7.779479789249422e-7,1.6650430326840132e-5
18239,7.780111141997281e-7,1.664363256296056e-5
18240,7.780742272700536e-7,1.6636837574850183e-5
18241,7.781373225768107e-7,1.6630045361329393e-5
18242,7.782003974554641e-7,1.6623255920809182e-5
18243,7.782634527941923e-7,1.6616469252085653e-5
18244,7.783264850402816e-7,1.6609685354843085e-5
18245,7.783894995228025e-7,1.6602904227225324e-5
18246,7.784524926890413e-7,1.659612586823317e-5
18247,7.78515464538998e-7,1.6589350277141507e-5
18248,7.785784186253863e-7,1.6582577452208674e-5
18249,7.786413531718495e-7,1.6575807392955888e-5
18250,7.787042664020305e-7,1.6569040097391685e-5
18251,7.787671600922863e-7,1.6562275565016465e-5
18252,7.7883003246626e-7,1.655551379476511e-5
18253,7.78892886188487e-7,1.654875478503126e-5
18254,7.789557185944318e-7,1.6541998535225116e-5
18255,7.790185314604514e-7,1.6535245043820118e-5
18256,7.790813256747242e-7,1.6528494310018294e-5
18257,7.791440967963581e-7,1.6521746332529008e-5
18258,7.792068501544236e-7,1.651500110979448e-5
18259,7.79269582196207e-7,1.6508258641530216e-5
18260,7.79332296474422e-7,1.6501518925828018e-5
18261,7.793949876599982e-7,1.6494781962195226e-5
18262,7.794576601938275e-7,1.6488047749514678e-5
18263,7.795203122995531e-7,1.648131628604471e-5
18264,7.795829448653535e-7,1.6474587570744492e-5
18265,7.796455578912287e-7,1.646786160298258e-5
18266,7.797081504890002e-7,1.6461138381784063e-5
18267,7.797707226586681e-7,1.6454417905178292e-5
18268,7.798332744002323e-7,1.644770017221464e-5
18269,7.798958057136929e-7,1.6440985182736984e-5
18270,7.799583192635851e-7,1.6434272934653243e-5
18271,7.800208114971952e-7,1.6427563427141162e-5
18272,7.800832824145232e-7,1.6420856659302152e-5
18273,7.801457346801044e-7,1.6414152629543738e-5
18274,7.80208166517582e-7,1.6407451337272644e-5
18275,7.802705797033127e-7,1.640075278078884e-5
18276,7.80332970684583e-7,1.639405695946783e-5
18277,7.803953430141064e-7,1.6387363872428368e-5
18278,7.80457696691883e-7,1.6380673517807365e-5
18279,7.805200281651992e-7,1.63739858945397e-5
18280,7.805823418749469e-7,1.6367301001969647e-5
18281,7.806446324920557e-7,1.6360618839091068e-5
18282,7.807069044574177e-7,1.6353939404249035e-5
18283,7.807691568828545e-7,1.6347262696319448e-5
18284,7.808313888801877e-7,1.6340588714955362e-5
18285,7.80893602225774e-7,1.6333917458238173e-5
18286,7.809557933668998e-7,1.6327248925345622e-5
18287,7.810179658562788e-7,1.6320583115441573e-5
18288,7.810801188057326e-7,1.631392002679824e-5
18289,7.811422504389043e-7,1.6307259659033985e-5
18290,7.812043634203292e-7,1.6300602010854703e-5
18291,7.812664577500072e-7,1.6293947080643634e-5
18292,7.813285289870464e-7,1.6287294867273205e-5
18293,7.813905824605172e-7,1.6280645370264635e-5
18294,7.814526155058843e-7,1.6273998588469535e-5
18295,7.815146263467909e-7,1.6267354520309307e-5
18296,7.81576621200486e-7,1.6260713164698015e-5
18297,7.816385938497206e-7,1.625407452107014e-5
18298,7.817005460708515e-7,1.624743858735095e-5
18299,7.817624787520572e-7,1.6240805363807592e-5
18300,7.818243918933376e-7,1.623417484806003e-5
18301,7.81886283718336e-7,1.6227547039761314e-5
18302,7.819481595561228e-7,1.6220921937554894e-5
18303,7.820100123012708e-7,1.6214299539959315e-5
18304,7.820718455064934e-7,1.6207679846499262e-5
18305,7.821336591717909e-7,1.6201062856192883e-5
18306,7.821954532971631e-7,1.619444856713892e-5
18307,7.822572287707885e-7,1.6187836979000836e-5
18308,7.82318981151775e-7,1.6181228090019623e-5
18309,7.823807175455499e-7,1.6174621899657515e-5
18310,7.824424317348644e-7,1.6168018406217954e-5
18311,7.825041263842536e-7,1.6161417609288076e-5
18312,7.825658006055392e-7,1.6154819507605e-5
18313,7.826274552868995e-7,1.6148224099545028e-5
18314,7.826890895401561e-7,1.614163138408467e-5
18315,7.827507060298444e-7,1.6135041360668817e-5
18316,7.828123003150722e-7,1.612845402809357e-5
18317,7.828738750603748e-7,1.6121869384797677e-5
18318,7.829354311539305e-7,1.6115287430288477e-5
18319,7.829969659312042e-7,1.610870816299778e-5
18320,7.83058482056731e-7,1.610213158178761e-5
18321,7.831199786423326e-7,1.6095557686269385e-5
18322,7.831814547998306e-7,1.6088986474427358e-5
18323,7.832429096410465e-7,1.6082417945661315e-5
18324,7.83304346718694e-7,1.60758520989443e-5
18325,7.833657642564162e-7,1.606928893244791e-5
18326,7.834271604778564e-7,1.606272844657114e-5
18327,7.834885353830146e-7,1.6056170638788225e-5
18328,7.835498943009611e-7,1.604961550834283e-5
18329,7.836112319026256e-7,1.604306305443698e-5
18330,7.836725508525433e-7,1.603651327596045e-5
18331,7.837338475980005e-7,1.6029966171924453e-5
18332,7.837951256917108e-7,1.6023421740448546e-5
18333,7.838563851336744e-7,1.6016879981754772e-5
18334,7.839176223711775e-7,1.6010340893189007e-5
18335,7.839788418451121e-7,1.6003804475323707e-5
18336,7.840400408909431e-7,1.5997270725827406e-5
18337,7.841012186204921e-7,1.5990739643693963e-5
18338,7.841623803628295e-7,1.5984211228500106e-5
18339,7.842235199007064e-7,1.5977685479007242e-5
18340,7.842846381223012e-7,1.5971162393643712e-5
18341,7.843457368039708e-7,1.596464197188563e-5
18342,7.844068186102504e-7,1.5958124212275826e-5
18343,7.844678799884264e-7,1.5951609113745713e-5
18344,7.845289209384987e-7,1.594509667529609e-5
18345,7.845899405722889e-7,1.5938586895851425e-5
18346,7.846509424425108e-7,1.593207977449232e-5
18347,7.847119247728074e-7,1.5925575309633233e-5
18348,7.847728840104651e-7,1.5919073500708647e-5
18349,7.848338281490896e-7,1.5912574346174657e-5
18350,7.848947491950753e-7,1.5906077845458805e-5
18351,7.849556551420278e-7,1.5899583997273925e-5
18352,7.85016537108163e-7,1.5893092800253056e-5
18353,7.850774013107298e-7,1.588660425388272e-5
18354,7.851382433088361e-7,1.5880118356417783e-5
18355,7.85199067543374e-7,1.587363510720599e-5
18356,7.852598713498082e-7,1.5867154504745073e-5
18357,7.853206565044957e-7,1.586067654859788e-5
18358,7.853814212310795e-7,1.5854201237588267e-5
18359,7.854421673059164e-7,1.584772857000233e-5
18360,7.855028920644713e-7,1.58412585454272e-5
18361,7.85563597283101e-7,1.5834791162152445e-5
18362,7.85624282073627e-7,1.5828326419720096e-5
18363,7.856849508769415e-7,1.5821864317182993e-5
18364,7.857455974757954e-7,1.5815404852528858e-5
18365,7.858062245347242e-7,1.5808948025608505e-5
18366,7.858668311655492e-7,1.5802493834600473e-5
18367,7.859274200328059e-7,1.5796042279043326e-5
18368,7.859879893601374e-7,1.578959335752153e-5
18369,7.860485364830083e-7,1.578314706900119e-5
18370,7.861090649541325e-7,1.5776703412413717e-5
18371,7.861695738853314e-7,1.577026238663848e-5
18372,7.862300623884266e-7,1.576382399100934e-5
18373,7.862905331279535e-7,1.5757388224207913e-5
18374,7.863509843275551e-7,1.5750955084919277e-5
18375,7.864114150990531e-7,1.5744524571741775e-5
18376,7.864718254424474e-7,1.5738096684765612e-5
18377,7.865322153577381e-7,1.5731671421843202e-5
18378,7.865925883976388e-7,1.5725248782717804e-5
18379,7.866529418976143e-7,1.5718828765737963e-5
18380,7.867132740813076e-7,1.5712411369672025e-5
18381,7.867735858368974e-7,1.5705996593961408e-5
18382,7.868338816052756e-7,1.56995844375514e-5
18383,7.868941542810148e-7,1.569317489907504e-5
18384,7.869544074168289e-7,1.5686767977370064e-5
18385,7.870146427890745e-7,1.5680363671961156e-5
18386,7.870748577332165e-7,1.567396198114482e-5
18387,7.871350522492548e-7,1.5667562904206345e-5
18388,7.871952290017248e-7,1.5661166439636526e-5
18389,7.872553844379127e-7,1.5654772587102295e-5
18390,7.873155221105321e-7,1.5648381345122198e-5
18391,7.87375639355048e-7,1.5641992712422947e-5
18392,7.874357361714601e-7,1.563560668839392e-5
18393,7.874958152243039e-7,1.562922327128652e-5
18394,7.875558729608656e-7,1.5622842460736447e-5
18395,7.876159120456805e-7,1.5616464255428786e-5
18396,7.876759307023917e-7,1.5610088654468418e-5
18397,7.877359307073561e-7,1.5603715655971434e-5
18398,7.877959102842169e-7,1.5597345260291717e-5
18399,7.878558703211525e-7,1.5590977465361477e-5
18400,7.879158125945196e-7,1.5584612269931714e-5
18401,7.879757344397831e-7,1.5578249673880995e-5
18402,7.880356385214782e-7,1.5571889675290718e-5
18403,7.880955195105344e-7,1.556553227398394e-5
18404,7.881553818478437e-7,1.555917746790675e-5
18405,7.882152246452279e-7,1.5552825256188313e-5
18406,7.88275050567222e-7,1.5546475638752305e-5
18407,7.883348533965773e-7,1.5540128612982762e-5
18408,7.883946393505425e-7,1.553378417934806e-5
18409,7.884544048764042e-7,1.5527442335783875e-5
18410,7.885141526386974e-7,1.5521103081742038e-5
18411,7.885738764201733e-7,1.5514766415678644e-5
18412,7.88633585102616e-7,1.5508432337014294e-5
18413,7.886932706924199e-7,1.550210084411835e-5
18414,7.887529411831906e-7,1.5495771936640396e-5
18415,7.888125912458577e-7,1.548944561333837e-5
18416,7.888722199922427e-7,1.5483121873025724e-5
18417,7.88931828310524e-7,1.547680071448121e-5
18418,7.889914179770585e-7,1.547048213674032e-5
18419,7.890509907682031e-7,1.5464166138901003e-5
18420,7.891105404667087e-7,1.545785271993283e-5
18421,7.891700732898244e-7,1.5451541878694353e-5
18422,7.892295856848364e-7,1.544523361399902e-5
18423,7.892890794281016e-7,1.543892792474008e-5
18424,7.893485554077984e-7,1.543262481044222e-5
18425,7.894080065184994e-7,1.5426324269159075e-5
18426,7.894674425301673e-7,1.5420026300869832e-5
18427,7.895268563373747e-7,1.5413730903718337e-5
18428,7.895862523810138e-7,1.54074380771356e-5
18429,7.896456306610844e-7,1.5401147819445876e-5
18430,7.897049858485161e-7,1.5394860130184262e-5
18431,7.897643250487363e-7,1.5388575008375843e-5
18432,7.898236438208528e-7,1.5382292452351815e-5
18433,7.898829439412225e-7,1.5376012461740945e-5
18434,7.899422227453101e-7,1.5369735035353216e-5
18435,7.900014811212941e-7,1.5363460171669008e-5
18436,7.900607235100665e-7,1.5357187869838307e-5
18437,7.901199428062e-7,1.535091812924702e-5
18438,7.901791470033004e-7,1.534465094832002e-5
18439,7.902383272195834e-7,1.533838632654036e-5
18440,7.902974914486549e-7,1.5332124262169844e-5
18441,7.903566352496227e-7,1.5325864754625607e-5
18442,7.904157612870222e-7,1.5319607802627422e-5
18443,7.904748651199611e-7,1.531335340572773e-5
18444,7.905339511893317e-7,1.5307101561987113e-5
18445,7.90593017718777e-7,1.530085227138822e-5
18446,7.906520655964755e-7,1.5294605531981226e-5
18447,7.907110921578919e-7,1.528836134293693e-5
18448,7.9077010095574e-7,1.528211970363777e-5
18449,7.908290911018412e-7,1.527588061256066e-5
18450,7.908880608198388e-7,1.5269644068477417e-5
18451,7.909470101097327e-7,1.5263410071467837e-5
18452,7.910059425242366e-7,1.5257178619162287e-5
18453,7.910648527342801e-7,1.5250949711415052e-5
18454,7.911237451807551e-7,1.5244723346651001e-5
18455,7.911826189754834e-7,1.5238499524332372e-5
18456,7.91241472342108e-7,1.5232278242738317e-5
18457,7.913003070569857e-7,1.5226059501452505e-5
18458,7.913591213437599e-7,1.5219843299409813e-5
18459,7.91417918755144e-7,1.5213629635094095e-5
18460,7.914766957384245e-7,1.5207418507901665e-5
18461,7.915354505172445e-7,1.520120991686802e-5
18462,7.915941901970314e-7,1.5195003860352108e-5
18463,7.916529112250714e-7,1.5188800337989639e-5
18464,7.917116082722941e-7,1.5182599348677328e-5
18465,7.917702902204837e-7,1.5176400890729025e-5
18466,7.918289499642128e-7,1.5170204963468187e-5
18467,7.918875919443735e-7,1.5164011566249497e-5
18468,7.919462152727874e-7,1.5157820697490887e-5
18469,7.920048181730976e-7,1.5151632356706635e-5
18470,7.920634024216611e-7,1.51454465421412e-5
18471,7.921219662421208e-7,1.5139263253527435e-5
18472,7.921805114108338e-7,1.5133082489626748e-5
18473,7.922390379277999e-7,1.5126904248811968e-5
18474,7.922975449048408e-7,1.5120728530739619e-5
18475,7.923560332301349e-7,1.5114555334466012e-5
18476,7.924145002391469e-7,1.5108384658242546e-5
18477,7.92472950372769e-7,1.5102216501493293e-5
18478,7.925313809664658e-7,1.5096050863531302e-5
18479,7.925897902438805e-7,1.5089887742403274e-5
18480,7.926481835340837e-7,1.5083727138032882e-5
18481,7.927065555080048e-7,1.5077569048418255e-5
18482,7.927649088301791e-7,1.5071413473660006e-5
18483,7.928232417242498e-7,1.506526041178402e-5
18484,7.928815577429305e-7,1.505910986253009e-5
18485,7.929398533335075e-7,1.5052961824326555e-5
18486,7.929981293841593e-7,1.504681629626442e-5
18487,7.930563867830642e-7,1.5040673277084277e-5
18488,7.93114624642044e-7,1.5034532766258768e-5
18489,7.931728447374553e-7,1.5028394762726244e-5
18490,7.932310452929414e-7,1.5022259264842186e-5
18491,7.93289223643967e-7,1.501612627264129e-5
18492,7.933473868959595e-7,1.5009995783923924e-5
18493,7.934055279434915e-7,1.5003867798592946e-5
18494,7.934636503392767e-7,1.4997742315375068e-5
18495,7.935217549714935e-7,1.4991619332493933e-5
18496,7.93579840063785e-7,1.4985498850265261e-5
18497,7.936379056161513e-7,1.4979380866614322e-5
18498,7.936959516285924e-7,1.4973265380552325e-5
18499,7.937539789892867e-7,1.4967152392089678e-5
18500,7.938119876982341e-7,1.4961041899130834e-5
18501,7.938699759790779e-7,1.495493390062455e-5
18502,7.939279491608886e-7,1.4948828396723485e-5
18503,7.939858983618819e-7,1.494272538532862e-5
18504,7.940438297993069e-7,1.4936624865284631e-5
18505,7.94101742584985e-7,1.4930526836806624e-5
18506,7.941596358307379e-7,1.4924431297688029e-5
18507,7.942175095365656e-7,1.4918338246915769e-5
18508,7.942753654788248e-7,1.4912247684305963e-5
18509,7.943332018811589e-7,1.4906159608359809e-5
18510,7.943910187435677e-7,1.4900074018154436e-5
18511,7.944488169542296e-7,1.4893990912704519e-5
18512,7.945065956249664e-7,1.4887910290788814e-5
18513,7.945643556439563e-7,1.4881832151543428e-5
18514,7.946220970111995e-7,1.4875756493747117e-5
18515,7.946798188385173e-7,1.4869683316771909e-5
18516,7.947375220140884e-7,1.486361261958391e-5
18517,7.947952047615559e-7,1.4857544400604522e-5
18518,7.948528688572765e-7,1.4851478659462514e-5
18519,7.949105160776071e-7,1.484541539512746e-5
18520,7.949681419816557e-7,1.4839354605944433e-5
18521,7.95025748345779e-7,1.4833296291705267e-5
18522,7.950833369463339e-7,1.482724045060585e-5
18523,7.95140906895142e-7,1.4821187082271481e-5
18524,7.951984581922034e-7,1.481513618545316e-5
18525,7.952559899493394e-7,1.4809087758967804e-5
18526,7.953135012783719e-7,1.4803041802496225e-5
18527,7.953709921793006e-7,1.4796998314081655e-5
18528,7.954284688693747e-7,1.4790957293137758e-5
18529,7.954859242431667e-7,1.4784918738849212e-5
18530,7.955433609652118e-7,1.4778882649883751e-5
18531,7.956007772591533e-7,1.477284902545381e-5
18532,7.956581766777049e-7,1.4766817864293041e-5
18533,7.957155538917959e-7,1.476078916573531e-5
18534,7.957729160068538e-7,1.4754762928788356e-5
18535,7.958302550292728e-7,1.4748739152414814e-5
18536,7.958875780644803e-7,1.474271783512282e-5
18537,7.959448833361193e-7,1.4736698976589718e-5
18538,7.960021672914763e-7,1.4730682574837922e-5
18539,7.960594317069081e-7,1.4724668630210908e-5
18540,7.96116677470593e-7,1.4718657140515984e-5
18541,7.961739054707095e-7,1.4712648105749682e-5
18542,7.96231112154544e-7,1.4706641523878905e-5
18543,7.962883010748101e-7,1.470063739486202e-5
18544,7.963454731196862e-7,1.4694635717162063e-5
18545,7.96402625624637e-7,1.4688636489765955e-5
18546,7.964597585896627e-7,1.4682639711771639e-5
18547,7.965168711265846e-7,1.4676645382412368e-5
18548,7.965739685644735e-7,1.4670653500088726e-5
18549,7.966310411333666e-7,1.4664664064287236e-5
18550,7.96688099491405e-7,1.4658677074213394e-5
18551,7.967451365331613e-7,1.4652692528788203e-5
18552,7.968021558113492e-7,1.4646710426186732e-5
18553,7.968591546614334e-7,1.4640730766332655e-5
18554,7.969161366361277e-7,1.463475354735247e-5
18555,7.969731008472536e-7,1.46287787691525e-5
18556,7.970300446302758e-7,1.4622806430424767e-5
18557,7.970869679851944e-7,1.4616836530458033e-5
18558,7.97143874464723e-7,1.461086906747247e-5
18559,7.97200760516148e-7,1.4604904040996236e-5
18560,7.972576296921829e-7,1.4598941450300745e-5
18561,7.973144775519359e-7,1.4592981293564539e-5
18562,7.973713058717635e-7,1.458702357044761e-5
18563,7.974281182043796e-7,1.4581068280030557e-5
18564,7.974849101088921e-7,1.4575115421053969e-5
18565,7.975416842498362e-7,1.4569164992529055e-5
18566,7.97598438850855e-7,1.456321699334212e-5
18567,7.976551739119486e-7,1.455727142266744e-5
18568,7.977118920976523e-7,1.4551328279453768e-5
18569,7.977685907434307e-7,1.4545387562816398e-5
18570,7.978252689611054e-7,1.4539449272033683e-5
18571,7.978819276388549e-7,1.4533513405284165e-5
18572,7.979385712175713e-7,1.452757996221049e-5
18573,7.979951952563624e-7,1.452164894193489e-5
18574,7.980517997552283e-7,1.4515720343111216e-5
18575,7.981083820496337e-7,1.4509794165021295e-5
18576,7.981649501331844e-7,1.4503870406107344e-5
18577,7.982214969004531e-7,1.449794906583507e-5
18578,7.982780259041533e-7,1.4492030143285067e-5
18579,7.983345353679283e-7,1.4486113637444259e-5
18580,7.983910261799565e-7,1.4480199547382833e-5
18581,7.984475001165947e-7,1.4474287871480557e-5
18582,7.985039527369509e-7,1.4468378609945598e-5
18583,7.985603875937386e-7,1.4462471760543633e-5
18584,7.986168020224227e-7,1.44565673231567e-5
18585,7.986731995757168e-7,1.4450665296279058e-5
18586,7.987295793654425e-7,1.4444765679206412e-5
18587,7.987859378388862e-7,1.4438868470845884e-5
18588,7.988422794369399e-7,1.4432973670264193e-5
18589,7.988986014950683e-7,1.442708127639275e-5
18590,7.989549049014499e-7,1.4421191288433582e-5
18591,7.990111896560848e-7,1.4415303704946869e-5
18592,7.990674557589728e-7,1.440941852542954e-5
18593,7.991237023219355e-7,1.4403535748989948e-5
18594,7.991799302331515e-7,1.4397655374493584e-5
18595,7.992361412689775e-7,1.439177740047981e-5
18596,7.992923309885214e-7,1.4385901826518416e-5
18597,7.993485029444969e-7,1.4380028651696936e-5
18598,7.994046562487256e-7,1.4374157874461058e-5
18599,7.994607926775643e-7,1.4368289494217507e-5
18600,7.995169069019425e-7,1.436242351016831e-5
18601,7.995730042509308e-7,1.435655992135243e-5
18602,7.996290820599938e-7,1.4350698726045552e-5
18603,7.996851421054885e-7,1.4344839924063796e-5
18604,7.997411826110579e-7,1.4338983514307346e-5
18605,7.997972044648805e-7,1.4333129495194136e-5
18606,7.998532094433131e-7,1.4327277866692939e-5
18607,7.999091948818204e-7,1.4321428626843519e-5
18608,7.999651607804026e-7,1.4315581775694447e-5
18609,8.000211080272379e-7,1.4309737311236914e-5
18610,8.000770375105049e-7,1.4303895233144792e-5
18611,8.001329492302034e-7,1.4298055540588883e-5
18612,8.001888396336199e-7,1.4292218232434678e-5
18613,8.002447122734679e-7,1.4286383307127865e-5
18614,8.00300568037926e-7,1.4280550764207006e-5
18615,8.003564042624589e-7,1.4274720602613922e-5
18616,8.004122200588881e-7,1.4268892821595741e-5
18617,8.004680180917489e-7,1.4263067419806319e-5
18618,8.00523797472863e-7,1.4257244396562174e-5
18619,8.005795608667654e-7,1.425142375053104e-5
18620,8.006353011680289e-7,1.4245605481518625e-5
18621,8.006910245939025e-7,1.423978958777633e-5
18622,8.007467302562077e-7,1.4233976068193932e-5
18623,8.008024163785876e-7,1.4228164922726327e-5
18624,8.008580829610423e-7,1.4222356149621446e-5
18625,8.009137335562855e-7,1.421654974823744e-5
18626,8.009693628352466e-7,1.4210745717696538e-5
18627,8.010249761269961e-7,1.4204944056475655e-5
18628,8.010805707669988e-7,1.419914476406478e-5
18629,8.011361458670763e-7,1.4193347839721454e-5
18630,8.011917023154069e-7,1.4187553282054427e-5
18631,8.012472401119908e-7,1.4181761090161643e-5
18632,8.013027592568278e-7,1.4175971263165332e-5
18633,8.013582606380965e-7,1.4170183800312625e-5
18634,8.01413740703083e-7,1.4164398699834102e-5
18635,8.01469204780858e-7,1.4158615961490373e-5
18636,8.015246493187078e-7,1.415283558444877e-5
18637,8.015800760929892e-7,1.4147057567571314e-5
18638,8.016354842155238e-7,1.414128190926206e-5
18639,8.016908727981331e-7,1.41355086098853e-5
18640,8.017462418408172e-7,1.4129737666929154e-5
18641,8.018015984490034e-7,1.4123969080390153e-5
18642,8.018569301881939e-7,1.411820284911644e-5
18643,8.01912244163816e-7,1.411243897226147e-5
18644,8.019675412640481e-7,1.410667744841318e-5
18645,8.020228197125334e-7,1.4100918277009516e-5
18646,8.020780786210935e-7,1.4095161456850053e-5
18647,8.021333179897283e-7,1.4089406987577435e-5
18648,8.021885413711516e-7,1.4083654867300816e-5
18649,8.022437443244712e-7,1.4077905096093052e-5
18650,8.022989304024009e-7,1.407215767191411e-5
18651,8.023540969404053e-7,1.4066412594472555e-5
18652,8.024092457148413e-7,1.4060669862800412e-5
18653,8.024643776138873e-7,1.4054929475437045e-5
18654,8.025194881966513e-7,1.4049191432545516e-5
18655,8.025745819040253e-7,1.4043455731950483e-5
18656,8.026296551832957e-7,1.4037722372666622e-5
18657,8.026847089226408e-7,1.403199135504088e-5
18658,8.027397484511312e-7,1.4026262676828521e-5
18659,8.027947657751611e-7,1.4020536337745054e-5
18660,8.028497697765147e-7,1.4014812336780869e-5
18661,8.029047515734078e-7,1.4009090672378183e-5
18662,8.029597138303757e-7,1.4003371344568222e-5
18663,8.030146618764888e-7,1.3997654351730754e-5
18664,8.030695877181415e-7,1.3991939692741678e-5
18665,8.031244949080474e-7,1.3986227367528137e-5
18666,8.031793843343848e-7,1.3980517374240914e-5
18667,8.032342551089755e-7,1.3974809712265918e-5
18668,8.032891081199978e-7,1.3969104380871095e-5
18669,8.033439424792732e-7,1.396340137839805e-5
18670,8.033987590749803e-7,1.3957700704531062e-5
18671,8.034535570189405e-7,1.3952002358350729e-5
18672,8.035083363111539e-7,1.39463063389203e-5
18673,8.03563097839799e-7,1.3940612644432193e-5
18674,8.036178407166972e-7,1.3934921275455397e-5
18675,8.036725649418486e-7,1.3929232229772937e-5
18676,8.037272705152532e-7,1.3923545506437651e-5
18677,8.037819565487325e-7,1.391786110558138e-5
18678,8.038366265950003e-7,1.3912179025046129e-5
18679,8.038912762131645e-7,1.3906499264713934e-5
18680,8.039459080677602e-7,1.3900821823491921e-5
18681,8.040005221587876e-7,1.3895146699742511e-5
18682,8.04055119374425e-7,1.3889473893816118e-5
18683,8.041096952737803e-7,1.3883803403662298e-5
18684,8.041642534095672e-7,1.3878135228181238e-5
18685,8.042187937817857e-7,1.3872469367626206e-5
18686,8.042733181667927e-7,1.3866805819887779e-5
18687,8.043278203473392e-7,1.3861144584764729e-5
18688,8.043823056524957e-7,1.385548566103234e-5
18689,8.044367723059054e-7,1.3849829048010603e-5
18690,8.044912211957467e-7,1.384417474398214e-5
18691,8.045456514338412e-7,1.3838522748756132e-5
18692,8.046000639083672e-7,1.3832873061211948e-5
18693,8.046544568429681e-7,1.3827225680516919e-5
18694,8.04708832902179e-7,1.382158060508551e-5
18695,8.047631911978215e-7,1.3815937834671388e-5
18696,8.048175281771819e-7,1.381029736817127e-5
18697,8.048718482811523e-7,1.380465920481494e-5
18698,8.049261523979112e-7,1.3799023342912775e-5
18699,8.049804343102096e-7,1.3793389782426613e-5
18700,8.05034699347118e-7,1.3787758521979082e-5
18701,8.050889475086365e-7,1.3782129560494655e-5
18702,8.051431770184081e-7,1.3776502897720061e-5
18703,8.051973878764329e-7,1.377087853171241e-5
18704,8.052515809708893e-7,1.3765256462249659e-5
18705,8.053057536372421e-7,1.375963668830485e-5
18706,8.053599094282049e-7,1.3754019208549184e-5
18707,8.054140474555993e-7,1.3748404022642657e-5
18708,8.054681677194253e-7,1.3742791129096876e-5
18709,8.055222675551477e-7,1.3737180527328974e-5
18710,8.055763514036585e-7,1.3731572216436894e-5
18711,8.056304148240656e-7,1.3725966194838568e-5
18712,8.056844622572612e-7,1.3720362462305014e-5
18713,8.057384892623531e-7,1.3714761017847438e-5
18714,8.057924993920551e-7,1.3709161860397251e-5
18715,8.058464917581887e-7,1.3703564989236278e-5
18716,8.059004628080402e-7,1.3697970402588161e-5
18717,8.05954419647037e-7,1.3692378100355757e-5
18718,8.060083551697517e-7,1.3686788081519047e-5
18719,8.060622747052548e-7,1.3681200344787398e-5
18720,8.061161738126543e-7,1.3675614889550186e-5
18721,8.061700569328423e-7,1.3670031714728414e-5
18722,8.062239231776402e-7,1.3664450819447782e-5
18723,8.062777681061561e-7,1.365887220300746e-5
18724,8.063315943829252e-7,1.3653295863707421e-5
18725,8.063854046724828e-7,1.3647721801846036e-5
18726,8.064391963102935e-7,1.3642150015338167e-5
18727,8.064929701845358e-7,1.3636580503802176e-5
18728,8.065467236306745e-7,1.3631013265864161e-5
18729,8.0660046197778e-7,1.3625448301458204e-5
18730,8.066541807849603e-7,1.3619885608863458e-5
18731,8.067078800522154e-7,1.3614325187528281e-5
18732,8.067615633322589e-7,1.360876703647429e-5
18733,8.068152279605556e-7,1.3603211154358807e-5
18734,8.068688748252839e-7,1.359765754120612e-5
18735,8.069225039264438e-7,1.3592106195087217e-5
18736,8.069761125995001e-7,1.3586557115759235e-5
18737,8.070297026208095e-7,1.3581010301546431e-5
18738,8.070832775430858e-7,1.3575465752625748e-5
18739,8.071368320372585e-7,1.356992346702307e-5
18740,8.071903678796843e-7,1.3564383444367167e-5
18741,8.072438903994339e-7,1.355884568370394e-5
18742,8.072973889383661e-7,1.3553310184169498e-5
18743,8.07350874154622e-7,1.3547776944351775e-5
18744,8.074043380545959e-7,1.354224596356382e-5
18745,8.074577824146445e-7,1.3536717241344198e-5
18746,8.075112125638384e-7,1.3531190776398805e-5
18747,8.075646249494639e-7,1.3525666567745787e-5
18748,8.076180160188073e-7,1.3520144614618396e-5
18749,8.076713911009392e-7,1.3514624915788448e-5
18750,8.077247457549674e-7,1.3509107470676546e-5
18751,8.07778086198141e-7,1.3503592278439613e-5
18752,8.07831404436854e-7,1.3498079337471297e-5
18753,8.078847075765339e-7,1.3492568647820169e-5
18754,8.079379920644669e-7,1.3487060208150492e-5
18755,8.079912552361179e-7,1.3481554017018976e-5
18756,8.080445050850926e-7,1.3476050074106433e-5
18757,8.080977353941421e-7,1.3470548378764075e-5
18758,8.081509470514447e-7,1.3465048929267587e-5
18759,8.082041391688222e-7,1.3459551725211044e-5
18760,8.082573179635233e-7,1.3454056765702799e-5
18761,8.083104745537639e-7,1.3448564049858142e-5
18762,8.08363615156793e-7,1.3443073575952758e-5
18763,8.084167371080753e-7,1.343758534402481e-5
18764,8.084698404076107e-7,1.3432099353186122e-5
18765,8.085229268317562e-7,1.3426615601674213e-5
18766,8.085759919396196e-7,1.3421134089520309e-5
18767,8.086290428366283e-7,1.3415654815229078e-5
18768,8.086820733055333e-7,1.3410177778259286e-5
18769,8.087350877872268e-7,1.3404702977129479e-5
18770,8.08788082728995e-7,1.3399230411475366e-5
18771,8.088410607953733e-7,1.3393760079624673e-5
18772,8.088940210981832e-7,1.3388291981983325e-5
18773,8.089469627492463e-7,1.3382826116417612e-5
18774,8.089998866367409e-7,1.3377362482514671e-5
18775,8.090527927606672e-7,1.3371901079566734e-5
18776,8.091056793446683e-7,1.3366441906432353e-5
18777,8.091585508296362e-7,1.3360984961744565e-5
18778,8.092114027746788e-7,1.335553024551378e-5
18779,8.092642369561531e-7,1.3350077756379974e-5
18780,8.093170515977022e-7,1.3344627492969247e-5
18781,8.093698502520397e-7,1.3339179454993633e-5
18782,8.094226302546303e-7,1.3333733641620465e-5
18783,8.094753924936526e-7,1.3328290051295433e-5
18784,8.095281369691065e-7,1.3322848683564037e-5
18785,8.095808619046352e-7,1.3317409537624836e-5
18786,8.096335708529523e-7,1.3311972612391892e-5
18787,8.096862638140578e-7,1.3306537906938865e-5
18788,8.097389354588813e-7,1.3301105420356757e-5
18789,8.097915902283148e-7,1.3295675151674125e-5
18790,8.098442254578231e-7,1.329024710018667e-5
18791,8.098968447001198e-7,1.328482126496111e-5
18792,8.099494461788481e-7,1.3279397644744978e-5
18793,8.100020281176512e-7,1.3273976239198265e-5
18794,8.100545931810643e-7,1.3268557046874213e-5
18795,8.101071413690875e-7,1.3263140067172607e-5
18796,8.101596700171854e-7,1.3257725299229556e-5
18797,8.102121817898933e-7,1.3252312742170758e-5
18798,8.102646775753897e-7,1.3246902394618842e-5
18799,8.103171529327824e-7,1.3241494256192171e-5
18800,8.103696114147851e-7,1.3236088326155221e-5
18801,8.104220494686842e-7,1.3230684602929393e-5
18802,8.104744733117286e-7,1.3225283085480793e-5
18803,8.105268776148478e-7,1.3219883774097385e-5
18804,8.105792632662201e-7,1.3214486666600356e-5
18805,8.106316338185593e-7,1.3209091763187464e-5
18806,8.106839830546164e-7,1.3203699062401542e-5
18807,8.10736316303462e-7,1.319830856267093e-5
18808,8.107886300123823e-7,1.3192920260626795e-5
18809,8.108409268459127e-7,1.318753416246557e-5
18810,8.108932068040531e-7,1.3182150262920633e-5
18811,8.109454707749819e-7,1.3176768561606877e-5
18812,8.109977152059855e-7,1.317138905766388e-5
18813,8.110499409852423e-7,1.3166011750102846e-5
18814,8.111021498891091e-7,1.3160636637556816e-5
18815,8.111543383648723e-7,1.3155263720386612e-5
18816,8.112065126297807e-7,1.3149892996243417e-5
18817,8.112586655784071e-7,1.3144524465030089e-5
18818,8.113108025398219e-7,1.313915812583763e-5
18819,8.113629217376683e-7,1.3133793977659902e-5
18820,8.114150258364816e-7,1.312843201915423e-5
18821,8.114671086190128e-7,1.31230722505149e-5
18822,8.115191745261541e-7,1.3117714669677594e-5
18823,8.115712235579053e-7,1.311235927639598e-5
18824,8.116232539379098e-7,1.3107006069629223e-5
18825,8.116752683307027e-7,1.3101655048013833e-5
18826,8.117272622953919e-7,1.309630621185165e-5
18827,8.117792393846912e-7,1.3090959558995086e-5
18828,8.118312013749573e-7,1.3085615089291486e-5
18829,8.118831420489414e-7,1.3080272801679199e-5
18830,8.119350658475355e-7,1.307493269531862e-5
18831,8.119869718825612e-7,1.3069594769297282e-5
18832,8.120388619303753e-7,1.3064259022258634e-5
18833,8.120907315500858e-7,1.3058925454320636e-5
18834,8.121425842944063e-7,1.3053594063526519e-5
18835,8.121944210515153e-7,1.3048264849550156e-5
18836,8.122462400450559e-7,1.3042937811170302e-5
18837,8.122980394986712e-7,1.3037612947769395e-5
18838,8.123498220768965e-7,1.3032290258882528e-5
18839,8.124015860033751e-7,1.3026969742716e-5
18840,8.124533339426421e-7,1.3021651398832657e-5
18841,8.125050641183407e-7,1.3016335226448406e-5
18842,8.125567756422925e-7,1.3011021224647312e-5
18843,8.12608467626319e-7,1.3005709392329562e-5
18844,8.126601462876692e-7,1.3000399728742285e-5
18845,8.127118036327374e-7,1.2995092232837707e-5
18846,8.12763444990594e-7,1.298978690430011e-5
18847,8.128150703612391e-7,1.2984483741561303e-5
18848,8.128666770801374e-7,1.2979182743875356e-5
18849,8.12918263370932e-7,1.2973883910801648e-5
18850,8.129698345626934e-7,1.2968587241358326e-5
18851,8.130213871027081e-7,1.2963292733883525e-5
18852,8.130729209909759e-7,1.2958000388127444e-5
18853,8.131244388920322e-7,1.2952710203267825e-5
18854,8.131759399176985e-7,1.2947422178360979e-5
18855,8.132274214034396e-7,1.2942136312577707e-5
18856,8.132788869019691e-7,1.2936852604485127e-5
18857,8.133303346369303e-7,1.2931571054204671e-5
18858,8.13381764608323e-7,1.2926291659859368e-5
18859,8.134331750397905e-7,1.2921014421015536e-5
18860,8.13484568595868e-7,1.2915739337013982e-5
18861,8.135359470529124e-7,1.291046640662305e-5
18862,8.135873041936748e-7,1.2905195628954563e-5
18863,8.136386471235824e-7,1.2899927003359735e-5
18864,8.136899705135647e-7,1.2894660528638135e-5
18865,8.137412752518003e-7,1.2889396204505271e-5
18866,8.137925657791811e-7,1.2884134029493566e-5
18867,8.138438367666367e-7,1.2878874002725249e-5
18868,8.138950908787024e-7,1.2873616123846437e-5
18869,8.13946328115378e-7,1.286836039185793e-5
18870,8.139975467003069e-7,1.2863106805129088e-5
18871,8.140487475216673e-7,1.2857855363448273e-5
18872,8.14099929691281e-7,1.2852606065899552e-5
18873,8.141510958736831e-7,1.2847358911726586e-5
18874,8.142022451806952e-7,1.2842113899826091e-5
18875,8.142533758359605e-7,1.2836871029410502e-5
18876,8.143044896158358e-7,1.2831630299161428e-5
18877,8.143555856321427e-7,1.2826391709290508e-5
18878,8.144066638848813e-7,1.282115525772995e-5
18879,8.14457723485873e-7,1.2815920944233422e-5
18880,8.145087670996531e-7,1.281068876783989e-5
18881,8.145597929498649e-7,1.2805458727737501e-5
18882,8.146108019246867e-7,1.2800230822451741e-5
18883,8.146617931359401e-7,1.2795005052322617e-5
18884,8.147127674718035e-7,1.2789781415212947e-5
18885,8.147637222677417e-7,1.2784559910970078e-5
18886,8.1481466018829e-7,1.2779340538660727e-5
18887,8.148655812334482e-7,1.2774123297414064e-5
18888,8.149164836268596e-7,1.2768908186244765e-5
18889,8.149673709212379e-7,1.2763695204458941e-5
18890,8.150182404520478e-7,1.2758484350457178e-5
18891,8.150690895547541e-7,1.2753275624714788e-5
18892,8.151199226702488e-7,1.2748069025160513e-5
18893,8.151707397985319e-7,1.274286455124271e-5
18894,8.152215391632467e-7,1.2737662202440964e-5
18895,8.152723198762146e-7,1.2732461977374432e-5
18896,8.153230837137926e-7,1.272726387564413e-5
18897,8.153738297878022e-7,1.2722067896452083e-5
18898,8.154245589864217e-7,1.2716874038191939e-5
18899,8.154752695332945e-7,1.2711682300610427e-5
18900,8.155259640929557e-7,1.27064926828159e-5
18901,8.155766408890486e-7,1.2701305183913242e-5
18902,8.15627299921573e-7,1.2696119802993455e-5
18903,8.156779429668859e-7,1.2690936539230813e-5
18904,8.157285664722735e-7,1.2685755391261822e-5
18905,8.157791731022712e-7,1.2680576359277301e-5
18906,8.158297628568789e-7,1.2675399441264973e-5
18907,8.158803357360966e-7,1.2670224637054833e-5
18908,8.15930890851746e-7,1.2665051945699723e-5
18909,8.159814282038269e-7,1.2659881366252485e-5
18910,8.160319460159826e-7,1.2654712897887388e-5
18911,8.16082450505462e-7,1.2649546539931361e-5
18912,8.161329354550162e-7,1.2644382290556005e-5
18913,8.16183402641002e-7,1.2639220149941732e-5
18914,8.162338547279546e-7,1.2634060117585472e-5
18915,8.162842881631605e-7,1.2628902191294533e-5
18916,8.163347038347979e-7,1.2623746371086264e-5
18917,8.163851026310454e-7,1.2618592655676969e-5
18918,8.164354845519028e-7,1.2613441044431739e-5
18919,8.164858469328351e-7,1.2608291536916894e-5
18920,8.165361933265558e-7,1.2603144131307503e-5
18921,8.165865228448865e-7,1.2597998828044188e-5
18922,8.166368337114704e-7,1.2592855624882215e-5
18923,8.166871285908428e-7,1.2587714521707094e-5
18924,8.167374065948252e-7,1.25825755175335e-5
18925,8.167876659470608e-7,1.2577438611716119e-5
18926,8.168379093120848e-7,1.2572303802624307e-5
18927,8.168881358017188e-7,1.256717109061195e-5
18928,8.169383418632492e-7,1.2562040473673708e-5
18929,8.169885337139249e-7,1.255691195211836e-5
18930,8.170387078010322e-7,1.2551785523940567e-5
18931,8.170888623482142e-7,1.254666118888359e-5
18932,8.171390009081847e-7,1.2541538946111291e-5
18933,8.171891225927652e-7,1.2536418794586307e-5
18934,8.172392274019558e-7,1.2531300733340661e-5
18935,8.172893144475779e-7,1.252618476183659e-5
18936,8.173393855059885e-7,1.2521070879047136e-5
18937,8.173894388008307e-7,1.2515959084205552e-5
18938,8.174394725557477e-7,1.2510849376382027e-5
18939,8.174894912116315e-7,1.2505741754657157e-5
18940,8.175394929921254e-7,1.2500636218396033e-5
18941,8.17589475232694e-7,1.249553276662721e-5
18942,8.176394405978726e-7,1.2490431398653329e-5
18943,8.176893917521966e-7,1.2485332113208042e-5
18944,8.177393215902384e-7,1.2480234909767463e-5
18945,8.177892372174256e-7,1.2475139787131162e-5
18946,8.178391350810443e-7,1.2470046745451796e-5
18947,8.178890151810947e-7,1.2464955782602594e-5
18948,8.179388775175767e-7,1.2459866898375388e-5
18949,8.179887247550255e-7,1.2454780091906287e-5
18950,8.180385524525491e-7,1.2449695362362623e-5
18951,8.180883641628611e-7,1.2444612708224778e-5
18952,8.181381589977832e-7,1.2439532130002762e-5
18953,8.181879369573153e-7,1.24344536257745e-5
18954,8.182376962651006e-7,1.242937719505427e-5
18955,8.182874386974959e-7,1.2424302836714501e-5
18956,8.183371633663228e-7,1.2419230550259064e-5
18957,8.183868720479381e-7,1.2414160334661e-5
18958,8.184365638541635e-7,1.2409092189292342e-5
18959,8.184862378968205e-7,1.240402611314348e-5
18960,8.185358941759091e-7,1.23989621054095e-5
18961,8.185855344677861e-7,1.2393900165035693e-5
18962,8.186351569960948e-7,1.2388840291470415e-5
18963,8.186847608726566e-7,1.2383782483416095e-5
18964,8.187343505383637e-7,1.2378726741139878e-5
18965,8.187839206641456e-7,1.2373673062348461e-5
18966,8.18833474802716e-7,1.2368621446986333e-5
18967,8.188830111777179e-7,1.2363571894172254e-5
18968,8.189325324536867e-7,1.2358524403073556e-5
18969,8.189820350779087e-7,1.2353478972132459e-5
18970,8.190315199385623e-7,1.2348435601914481e-5
18971,8.190809879238259e-7,1.2343394290847964e-5
18972,8.191304408100564e-7,1.2338355037389004e-5
18973,8.191798741563616e-7,1.2333317841575764e-5
18974,8.192292915154553e-7,1.2328282702842724e-5
18975,8.192786911109806e-7,1.2323249619455162e-5
18976,8.193280756074728e-7,1.2318218590993274e-5
18977,8.193774396758613e-7,1.2313189616586229e-5
18978,8.194267886452167e-7,1.2308162695276459e-5
18979,8.194761216273605e-7,1.2303137826370075e-5
18980,8.195254368459359e-7,1.2298115009298088e-5
18981,8.195747325245861e-7,1.229309424247843e-5
18982,8.1962401488056e-7,1.2288075526188658e-5
18983,8.196732776966087e-7,1.2283058858381796e-5
18984,8.197225263018026e-7,1.2278044238873964e-5
18985,8.197717544788929e-7,1.2273031667040663e-5
18986,8.198209666687717e-7,1.2268021141480234e-5
18987,8.19870161095082e-7,1.2263012661415523e-5
18988,8.199193395341808e-7,1.2258006226551627e-5
18989,8.199685002097112e-7,1.2253001835757504e-5
18990,8.200176448980301e-7,1.2247999488224776e-5
18991,8.20066772710959e-7,1.224299918251709e-5
18992,8.20115881872141e-7,1.2238000918877306e-5
18993,8.201649768224684e-7,1.2233004695515193e-5
18994,8.20214051344692e-7,1.2228010512017884e-5
18995,8.20263111656061e-7,1.222301836750761e-5
18996,8.203121559802184e-7,1.2218028261453545e-5
18997,8.203611789880938e-7,1.2213040192610158e-5
18998,8.204101877851144e-7,1.2208054160439685e-5
18999,8.204591788185667e-7,1.2203070164071295e-5
19000,8.205081520884505e-7,1.219808820247803e-5
19001,8.205571102593012e-7,1.219310827441783e-5
19002,8.20606051554762e-7,1.2188130380282741e-5
19003,8.206549733102975e-7,1.218315451784538e-5
19004,8.207038799667998e-7,1.2178180687646978e-5
19005,8.207527697479122e-7,1.2173208887671788e-5
19006,8.208016426536346e-7,1.2168239117569396e-5
19007,8.208504969076102e-7,1.216327137665632e-5
19008,8.208993360625527e-7,1.2158305663832747e-5
19009,8.209481565657484e-7,1.2153341978651117e-5
19010,8.209969628580893e-7,1.2148380319997737e-5
19011,8.210457513868619e-7,1.2143420687137085e-5
19012,8.210945212638876e-7,1.2138463078660566e-5
19013,8.211432760418802e-7,1.21335074948839e-5
19014,8.211920112799476e-7,1.212855393382603e-5
19015,8.212407323071602e-7,1.212360239592411e-5
19016,8.212894355708045e-7,1.211865287903055e-5
19017,8.213381228472372e-7,1.2113705382850448e-5
19018,8.213867905837446e-7,1.210875990684604e-5
19019,8.214354449975758e-7,1.2103816449900162e-5
19020,8.214840807596602e-7,1.2098875011513216e-5
19021,8.215326978699977e-7,1.2093935590457017e-5
19022,8.215812989931237e-7,1.2088998186218086e-5
19023,8.216298850172166e-7,1.2084062797783346e-5
19024,8.216784523895626e-7,1.2079129423886448e-5
19025,8.217270046628755e-7,1.2074198064693925e-5
19026,8.217755373962632e-7,1.2069268718422482e-5
19027,8.218240568069746e-7,1.2064341385394778e-5
19028,8.218725557895823e-7,1.2059416063466694e-5
19029,8.219210423376921e-7,1.2054492752489043e-5
19030,8.219695084576983e-7,1.2049571451962227e-5
19031,8.220179577023146e-7,1.2044652160366626e-5
19032,8.220663927360761e-7,1.2039734877379582e-5
19033,8.221148082299123e-7,1.2034819601939445e-5
19034,8.221632077365371e-7,1.2029906333085177e-5
19035,8.222115912559502e-7,1.2024995070605143e-5
19036,8.222599561236166e-7,1.2020085813305853e-5
19037,8.223083058922498e-7,1.2015178559688505e-5
19038,8.223566396736715e-7,1.2010273310370662e-5
19039,8.224049530269895e-7,1.2005370063527393e-5
19040,8.224532521694528e-7,1.2000468818600118e-5
19041,8.225015362128829e-7,1.1995569574346776e-5
19042,8.225498007163878e-7,1.1990672330517566e-5
19043,8.225980483445028e-7,1.1985777086692684e-5
19044,8.226462799854062e-7,1.1980883840988221e-5
19045,8.22694495639098e-7,1.1975992593178664e-5
19046,8.227426935292215e-7,1.1971103342337669e-5
19047,8.227908754321334e-7,1.1966216087639509e-5
19048,8.228390422360121e-7,1.1961330827894162e-5
19049,8.228871877236088e-7,1.1956447563247347e-5
19050,8.229353190003508e-7,1.1951566292297405e-5
19051,8.229834316253459e-7,1.194668701415616e-5
19052,8.230315300394864e-7,1.1941809728032576e-5
19053,8.230796106900584e-7,1.1936934433284807e-5
19054,8.231276762415973e-7,1.1932061129101001e-5
19055,8.23175722253211e-7,1.1927189814332773e-5
19056,8.232237513894347e-7,1.1922320488619298e-5
19057,8.232717663148037e-7,1.1917453151051582e-5
19058,8.233197652529611e-7,1.1912587800505525e-5
19059,8.233677446511933e-7,1.1907724436342748e-5
19060,8.23415708062214e-7,1.190286305787977e-5
19061,8.234636554860231e-7,1.1898003664238821e-5
19062,8.235115860344422e-7,1.1893146254587234e-5
19063,8.235594997074713e-7,1.188829082809581e-5
19064,8.236073965051105e-7,1.1883437383466977e-5
19065,8.236552773155381e-7,1.187858592104768e-5
19066,8.237031412505758e-7,1.1873736439352994e-5
19067,8.237509856456882e-7,1.1868888937120042e-5
19068,8.237988167181243e-7,1.1864043414615971e-5
19069,8.238466309151704e-7,1.1859199869821563e-5
19070,8.238944282368266e-7,1.1854358303142742e-5
19071,8.239422086830928e-7,1.184951871264009e-5
19072,8.239899713657906e-7,1.1844681098070742e-5
19073,8.240377189494552e-7,1.1839845458733872e-5
19074,8.240854487695515e-7,1.1835011794102124e-5
19075,8.241331608260793e-7,1.1830180102541388e-5
19076,8.241808586717525e-7,1.1825350383645739e-5
19077,8.242285396420357e-7,1.1820522636537406e-5
19078,8.242762046251073e-7,1.1815696860768832e-5
19079,8.243238509564321e-7,1.1810873054476922e-5
19080,8.24371480412367e-7,1.1806051218386793e-5
19081,8.244190947692687e-7,1.1801231350930252e-5
19082,8.244666904744236e-7,1.1796413451309329e-5
19083,8.245142737450806e-7,1.179159751827849e-5
19084,8.245618365876339e-7,1.1786783552049374e-5
19085,8.246093852193326e-7,1.178197155059929e-5
19086,8.24656914311106e-7,1.1777161514476414e-5
19087,8.247044300802031e-7,1.1772353441609484e-5
19088,8.247519271975534e-7,1.1767547332477285e-5
19089,8.247994065513353e-7,1.176274318491835e-5
19090,8.248468708060841e-7,1.1757940998821659e-5
19091,8.248943199617997e-7,1.1753140773382298e-5
19092,8.249417522421254e-7,1.1748342508343529e-5
19093,8.249891649825258e-7,1.1743546201856137e-5
19094,8.2503656440025e-7,1.1738751853587054e-5
19095,8.250839460544057e-7,1.1733959462831983e-5
19096,8.251313126095283e-7,1.1729169028595193e-5
19097,8.251786587365473e-7,1.1724380550269531e-5
19098,8.252259924290684e-7,1.1719594026425584e-5
19099,8.252733074698426e-7,1.1714809457462338e-5
19100,8.253206074115838e-7,1.1710026841891402e-5
19101,8.253678887015781e-7,1.1705246178959905e-5
19102,8.254151531161824e-7,1.1700467467370274e-5
19103,8.25462403319932e-7,1.1695690707465983e-5
19104,8.25509639312827e-7,1.16909158977066e-5
19105,8.255568539894398e-7,1.1686143036961083e-5
19106,8.256040526788411e-7,1.168137212530923e-5
19107,8.256512380455661e-7,1.1676603161106525e-5
19108,8.256984047605442e-7,1.1671836143908876e-5
19109,8.25745553711954e-7,1.16670710736122e-5
19110,8.257926875643307e-7,1.166230794820422e-5
19111,8.258398054294958e-7,1.1657546767476767e-5
19112,8.25886904642914e-7,1.165278753101004e-5
19113,8.25933990533656e-7,1.1648030237617485e-5
19114,8.259810586608296e-7,1.1643274886185412e-5
19115,8.260281108007916e-7,1.163852147633912e-5
19116,8.260751460653637e-7,1.1633770007225125e-5
19117,8.261221635663674e-7,1.162902047807668e-5
19118,8.261691668565163e-7,1.1624272888127035e-5
19119,8.262161514949184e-7,1.1619527236415156e-5
19120,8.262631210342875e-7,1.1614783522285316e-5
19121,8.263100719219096e-7,1.161004174489097e-5
19122,8.26357010375034e-7,1.160530190296577e-5
19123,8.264039301764114e-7,1.1600563996731761e-5
19124,8.264508348787558e-7,1.159582802494688e-5
19125,8.264977200411749e-7,1.1591093986865197e-5
19126,8.265445909927394e-7,1.1586361880883828e-5
19127,8.265914459570922e-7,1.1581631707564821e-5
19128,8.266382822696983e-7,1.1576903465104066e-5
19129,8.26685105259628e-7,1.1572177153210128e-5
19130,8.267319113741678e-7,1.1567452770904624e-5
19131,8.267786997251392e-7,1.1562730317531827e-5
19132,8.268254703125422e-7,1.1558009792127233e-5
19133,8.268722249127336e-7,1.1553291194243281e-5
19134,8.26918968854784e-7,1.1548574522401989e-5
19135,8.269656905923739e-7,1.1543859776919074e-5
19136,8.270123981191091e-7,1.1539146955671237e-5
19137,8.270590852177406e-7,1.153443605882501e-5
19138,8.271057616582311e-7,1.152972708545752e-5
19139,8.271524194469748e-7,1.1525020034722222e-5
19140,8.271990603603285e-7,1.1520314905477669e-5
19141,8.272456843982923e-7,1.1515611697210382e-5
19142,8.272922924490445e-7,1.1510910409219532e-5
19143,8.273388854007635e-7,1.150621104063776e-5
19144,8.273854614770926e-7,1.1501513590760765e-5
19145,8.274320206780317e-7,1.1496818058745473e-5
19146,8.274785656681161e-7,1.14921244438633e-5
19147,8.275250920064536e-7,1.1487432745108106e-5
19148,8.275716023575796e-7,1.1482742962011516e-5
19149,8.276180949451373e-7,1.147805509357433e-5
19150,8.27664575098197e-7,1.1473369139199802e-5
19151,8.277110357113315e-7,1.1468685097902609e-5
19152,8.277574812254329e-7,1.1464002969110293e-5
19153,8.278039089759659e-7,1.145932275189998e-5
19154,8.27850324292001e-7,1.1454644445251655e-5
19155,8.278967218444677e-7,1.144996804863102e-5
19156,8.27943101633366e-7,1.144529356158358e-5
19157,8.279894645468744e-7,1.1440620982992172e-5
19158,8.28035813249528e-7,1.1435950311566162e-5
19159,8.280821450767917e-7,1.1431281547565758e-5
19160,8.281284591404869e-7,1.1426614689755837e-5
19161,8.281747572169706e-7,1.1421949736956788e-5
19162,8.282210401944212e-7,1.141728668910963e-5
19163,8.282673071846602e-7,1.1412625545149241e-5
19164,8.283135572995093e-7,1.1407966303635803e-5
19165,8.283597923153252e-7,1.1403308964926667e-5
19166,8.284060095675727e-7,1.1398653527217723e-5
19167,8.284522099444303e-7,1.1393999990779585e-5
19168,8.284983961104331e-7,1.138934835357916e-5
19169,8.285445645128675e-7,1.138469861634156e-5
19170,8.285907178162688e-7,1.138005077672491e-5
19171,8.286368533561017e-7,1.1375404835142072e-5
19172,8.286829729087231e-7,1.1370760790298945e-5
19173,8.287290791386681e-7,1.136611864130388e-5
19174,8.287751667168664e-7,1.1361478387990342e-5
19175,8.28821238307853e-7,1.1356840028859533e-5
19176,8.288672930234497e-7,1.13522035635992e-5
19177,8.289133326400133e-7,1.134756899130035e-5
19178,8.289593571575438e-7,1.1342936310946433e-5
19179,8.29005362135149e-7,1.1338305521944175e-5
19180,8.290513537900779e-7,1.1333676624307454e-5
19181,8.290973285696168e-7,1.1329049615937253e-5
19182,8.291432873619442e-7,1.1324424496531732e-5
19183,8.291892283907032e-7,1.1319801265782109e-5
19184,8.292351552086075e-7,1.131517992271347e-5
19185,8.292810651511218e-7,1.1310560466052527e-5
19186,8.293269608827813e-7,1.1305942895445398e-5
19187,8.293728379626941e-7,1.1301327210045536e-5
19188,8.294186981672169e-7,1.1296713409394976e-5
19189,8.294645423845282e-7,1.1292101492543088e-5
19190,8.295103759436984e-7,1.1287491458244342e-5
19191,8.295561846338728e-7,1.12828833061622e-5
19192,8.296019826659062e-7,1.1278277035536854e-5
19193,8.296477647107281e-7,1.127367264538992e-5
19194,8.296935272156247e-7,1.126907013546119e-5
19195,8.297392781742019e-7,1.126446950464391e-5
19196,8.297850095928538e-7,1.1259870751813977e-5
19197,8.298307276888295e-7,1.1255273876673022e-5
19198,8.298764262448799e-7,1.1250678878280823e-5
19199,8.29922111478254e-7,1.1246085755804713e-5
19200,8.299677798362382e-7,1.1241494508672234e-5
19201,8.300134322070107e-7,1.1236905136123576e-5
19202,8.300590685905718e-7,1.1232317637180356e-5
19203,8.301046889869212e-7,1.1227732011252767e-5
19204,8.301502925078807e-7,1.12231482574561e-5
19205,8.301958800416287e-7,1.1218566375245653e-5
19206,8.302414524763435e-7,1.1213986363740186e-5
19207,8.302870062593115e-7,1.1209408222044581e-5
19208,8.303325467196032e-7,1.120483194970781e-5
19209,8.303780720808618e-7,1.1200257545515568e-5
19210,8.30423579678552e-7,1.1195685008884987e-5
19211,8.304690712890306e-7,1.1191114339136055e-5
19212,8.305145469122976e-7,1.1186545535498554e-5
19213,8.305600056601747e-7,1.1181978597177983e-5
19214,8.306054501971971e-7,1.1177413523345142e-5
19215,8.306508751942943e-7,1.1172850313427574e-5
19216,8.306962868687151e-7,1.1168288966453832e-5
19217,8.307416825559244e-7,1.1163729481771661e-5
19218,8.30787064032279e-7,1.1159171858739214e-5
19219,8.308324259687083e-7,1.1154616096270553e-5
19220,8.308777719179261e-7,1.1150062194049959e-5
19221,8.309231045444676e-7,1.1145510150918636e-5
19222,8.309684194074407e-7,1.1140959966290248e-5
19223,8.310137200595591e-7,1.1136411639283555e-5
19224,8.310590047244659e-7,1.1131865169451e-5
19225,8.311042698494475e-7,1.1127320555970321e-5
19226,8.311495216517528e-7,1.1122777797689665e-5
19227,8.311947574668466e-7,1.111823689428637e-5
19228,8.312399781829072e-7,1.1113697844719606e-5
19229,8.31285180247221e-7,1.1109160648177518e-5
19230,8.313303698770369e-7,1.1104625304101529e-5
19231,8.31375540855106e-7,1.110009181171448e-5
19232,8.314206949577851e-7,1.1095560170017171e-5
19233,8.31465835737788e-7,1.1091030378787559e-5
19234,8.315109587542224e-7,1.1086502436821744e-5
19235,8.315560684479806e-7,1.1081976343814415e-5
19236,8.316011612663488e-7,1.107745209865535e-5
19237,8.316462363211485e-7,1.107292970026208e-5
19238,8.316912971650936e-7,1.1068409148454195e-5
19239,8.317363411336487e-7,1.106389044206596e-5
19240,8.317813691149922e-7,1.1059373580590837e-5
19241,8.318263793327674e-7,1.1054858563501468e-5
19242,8.318713797805799e-7,1.1050345389899269e-5
19243,8.319163598002888e-7,1.1045834058420745e-5
19244,8.319613247209645e-7,1.1041324568934058e-5
19245,8.320062754307855e-7,1.1036816920492049e-5
19246,8.320512074888597e-7,1.1032311112959409e-5
19247,8.320961244479008e-7,1.1027807144549373e-5
19248,8.321410263079088e-7,1.1023305014842139e-5
19249,8.321859104043483e-7,1.101880472330341e-5
19250,8.322307794017547e-7,1.1014306269704205e-5
19251,8.32275633300128e-7,1.1009809652122449e-5
19252,8.323204712112897e-7,1.10053148703812e-5
19253,8.323652949115967e-7,1.1000821924248005e-5
19254,8.324100972956217e-7,1.0996330811953448e-5
19255,8.324548907978624e-7,1.0991841533261604e-5
19256,8.324996638719995e-7,1.0987354087936552e-5
19257,8.325444245116387e-7,1.0982868474063157e-5
19258,8.325891682758879e-7,1.0978384692314491e-5
19259,8.326338942765688e-7,1.0973902740411129e-5
19260,8.326786051782165e-7,1.0969422619057367e-5
19261,8.327232992044742e-7,1.096494432622705e-5
19262,8.327679790198772e-7,1.0960467861902828e-5
19263,8.328126437362471e-7,1.0955993225317956e-5
19264,8.328572924654054e-7,1.095152041585834e-5
19265,8.329019234309953e-7,1.0947049431914158e-5
19266,8.329465401857306e-7,1.0942580273991948e-5
19267,8.329911418414326e-7,1.0938112940051675e-5
19268,8.330357275099232e-7,1.0933647430651922e-5
19269,8.330802945266669e-7,1.0929183744342458e-5
19270,8.331248473325559e-7,1.0924721879784077e-5
19271,8.331693859275902e-7,1.0920261837549239e-5
19272,8.332139058708776e-7,1.0915803616048936e-5
19273,8.332584133796672e-7,1.0911347214662137e-5
19274,8.3330290223671e-7,1.0906892632559645e-5
19275,8.333473759947196e-7,1.0902439869436148e-5
19276,8.333918355418746e-7,1.0897988924229995e-5
19277,8.334362764372827e-7,1.08935397962924e-5
19278,8.334807057863713e-7,1.088909248445763e-5
19279,8.3352511826007e-7,1.0884646988333635e-5
19280,8.335695129702003e-7,1.088020330745898e-5
19281,8.336138934694759e-7,1.0875761440789361e-5
19282,8.336582570933615e-7,1.0871321387589256e-5
19283,8.337026065063924e-7,1.0866883147199469e-5
19284,8.337469390440333e-7,1.0862446718652025e-5
19285,8.337912555944627e-7,1.0858012101568754e-5
19286,8.338355579340373e-7,1.0853579294884536e-5
19287,8.338798451745788e-7,1.0849148298366917e-5
19288,8.339241119870167e-7,1.0844719110732204e-5
19289,8.339683672531351e-7,1.0840291731227525e-5
19290,8.340126047556851e-7,1.0835866159256136e-5
19291,8.340568298237372e-7,1.0831442394158841e-5
19292,8.341010389045778e-7,1.0827020435384e-5
19293,8.341452302218499e-7,1.0822600281897715e-5
19294,8.341894028873753e-7,1.0818181932884668e-5
19295,8.342335640065812e-7,1.0813765387682195e-5
19296,8.34277710026754e-7,1.080935064612723e-5
19297,8.3432183739518e-7,1.0804937706547502e-5
19298,8.34365952329108e-7,1.0800526569022806e-5
19299,8.344100503876462e-7,1.0796117231971075e-5
19300,8.344541324589727e-7,1.079170969570109e-5
19301,8.344981967667309e-7,1.0787303958259553e-5
19302,8.345422495281696e-7,1.078290002004545e-5
19303,8.345862854142183e-7,1.0778497879709165e-5
19304,8.346303044248771e-7,1.0774097536522115e-5
19305,8.346743083365027e-7,1.0769698990158172e-5
19306,8.347182953727383e-7,1.076530223927466e-5
19307,8.347622690862977e-7,1.076090728342749e-5
19308,8.348062250362887e-7,1.075651412225237e-5
19309,8.348501676636033e-7,1.075212275467724e-5
19310,8.34894093415528e-7,1.0747733179938823e-5
19311,8.349380031802411e-7,1.0743345397301596e-5
19312,8.349818969577427e-7,1.0738959406071669e-5
19313,8.350257800771033e-7,1.0734575205496172e-5
19314,8.350696409920033e-7,1.0730192794811827e-5
19315,8.351134912487623e-7,1.072581217334903e-5
19316,8.351573228537745e-7,1.072143334037226e-5
19317,8.352011384715752e-7,1.0717056295149463e-5
19318,8.352449398785211e-7,1.071268103692083e-5
19319,8.352887261864339e-7,1.0708307565162473e-5
19320,8.353324956189567e-7,1.0703935879100707e-5
19321,8.353762499524464e-7,1.0699565977462244e-5
19322,8.354199909632598e-7,1.0695197860201983e-5
19323,8.354637133223264e-7,1.069083152626868e-5
19324,8.355074214705382e-7,1.0686466974853953e-5
19325,8.355511136315386e-7,1.0682104205822496e-5
19326,8.355947898053273e-7,1.06777432173355e-5
19327,8.356384517682613e-7,1.0673384009930731e-5
19328,8.356820977439838e-7,1.0669026582185714e-5
19329,8.357257295088516e-7,1.0664670932903492e-5
19330,8.357693426219726e-7,1.0660317062434477e-5
19331,8.358129415242388e-7,1.0655964969501913e-5
19332,8.358565262156503e-7,1.0651614653446606e-5
19333,8.359000958080287e-7,1.0647266113151393e-5
19334,8.359436485250171e-7,1.0642919348258922e-5
19335,8.35987185254794e-7,1.0638574358144692e-5
19336,8.360307077737161e-7,1.0634231142107875e-5
19337,8.360742160817836e-7,1.0629889699371314e-5
19338,8.361177057381042e-7,1.062555002931051e-5
19339,8.361611811835701e-7,1.0621212130589724e-5
19340,8.36204639753646e-7,1.0616876002893239e-5
19341,8.362480841128672e-7,1.0612541645433488e-5
19342,8.362915151494121e-7,1.0608209057891282e-5
19343,8.363349284223887e-7,1.0603878239180686e-5
19344,8.363783248199752e-7,1.0599549188434337e-5
19345,8.364217087830639e-7,1.0595221905412844e-5
19346,8.364650758707626e-7,1.0590896388728427e-5
19347,8.365084287476066e-7,1.0586572638523334e-5
19348,8.365517647490606e-7,1.0582250652989983e-5
19349,8.365950865396599e-7,1.0577930432364296e-5
19350,8.366383923430476e-7,1.0573611975740749e-5
19351,8.366816821592238e-7,1.0569295282092384e-5
19352,8.367249568763668e-7,1.0564980350277753e-5
19353,8.367682173826552e-7,1.0560667180626454e-5
19354,8.368114601253751e-7,1.0556355772031734e-5
19355,8.368546895454188e-7,1.055204612343541e-5
19356,8.368979020900724e-7,1.054773823442115e-5
19357,8.36941099535693e-7,1.0543432104083428e-5
19358,8.369842836586372e-7,1.0539127732165504e-5
19359,8.370274491298346e-7,1.0534825117616137e-5
19360,8.370706012783558e-7,1.0530524259224489e-5
19361,8.371137383278437e-7,1.0526225156810148e-5
19362,8.371568585019418e-7,1.0521927810109438e-5
19363,8.371999653533635e-7,1.0517632217363349e-5
19364,8.372430571057521e-7,1.0513338378887599e-5
19365,8.372861302063939e-7,1.0509046292874608e-5
19366,8.373291882080025e-7,1.0504755959619277e-5
19367,8.373722319987564e-7,1.0500467378146694e-5
19368,8.374152642431909e-7,1.0496180546919892e-5
19369,8.374582760595217e-7,1.0491895466372553e-5
19370,8.375012727768194e-7,1.048761213528343e-5
19371,8.375442579477976e-7,1.048333055293088e-5
19372,8.375872253552075e-7,1.0479050718489175e-5
19373,8.376301758872273e-7,1.0474772631521162e-5
19374,8.376731148729277e-7,1.0470496291079684e-5
19375,8.377160343187029e-7,1.046622169648126e-5
19376,8.377589413299802e-7,1.0461948847559355e-5
19377,8.378018323540459e-7,1.0457677742655574e-5
19378,8.378447073909001e-7,1.0453408381367463e-5
19379,8.378875699932564e-7,1.0449140763715836e-5
19380,8.379304148320443e-7,1.0444874887802907e-5
19381,8.379732454599775e-7,1.0440610754145624e-5
19382,8.380160592125208e-7,1.043634836095722e-5
19383,8.380588569778524e-7,1.0432087707946264e-5
19384,8.381016414205078e-7,1.0427828794748462e-5
19385,8.381444089877732e-7,1.0423571620364613e-5
19386,8.381871650087191e-7,1.0419316183892663e-5
19387,8.382299023779183e-7,1.0415062484780968e-5
19388,8.382726255362627e-7,1.041081052239462e-5
19389,8.38315333595574e-7,1.0406560295890543e-5
19390,8.383580265558521e-7,1.0402311804481174e-5
19391,8.384007035289187e-7,1.0398065047770993e-5
19392,8.384433654029522e-7,1.0393820025267342e-5
19393,8.384860112897741e-7,1.03895767353257e-5
19394,8.385286438539197e-7,1.038533517801199e-5
19395,8.385712595426753e-7,1.0381095352455377e-5
19396,8.386138610205762e-7,1.0376857258034833e-5
19397,8.38656447399444e-7,1.0372620893352169e-5
19398,8.386990177911002e-7,1.0368386258743922e-5
19399,8.387415748600802e-7,1.0364153353047828e-5
19400,8.387841123891349e-7,1.0359922175441627e-5
19401,8.388266383718701e-7,1.0355692725325105e-5
19402,8.388691474792154e-7,1.0351465001733756e-5
19403,8.389116441520628e-7,1.0347239004379616e-5
19404,8.389541230613418e-7,1.03430147322843e-5
19405,8.38996587759766e-7,1.0338792184681062e-5
19406,8.390390364709788e-7,1.0334571361618472e-5
19407,8.390814709713368e-7,1.0330352261278541e-5
19408,8.391238894844832e-7,1.0326134883702903e-5
19409,8.391662928985966e-7,1.0321919227774395e-5
19410,8.392086829900336e-7,1.0317705293340362e-5
19411,8.392510553179022e-7,1.031349307886037e-5
19412,8.392934134349161e-7,1.0309282584154006e-5
19413,8.393357564528969e-7,1.0305073808811877e-5
19414,8.393780861482014e-7,1.0300866751661308e-5
19415,8.394203971917591e-7,1.0296661412140251e-5
19416,8.394626966889973e-7,1.0292457789422976e-5
19417,8.395049793108456e-7,1.0288255882961311e-5
19418,8.395472459454822e-7,1.028405569241872e-5
19419,8.395894983692642e-7,1.0279857216202726e-5
19420,8.396317356940131e-7,1.0275660454004548e-5
19421,8.396739579197288e-7,1.0271465405716634e-5
19422,8.397161650464113e-7,1.0267272069767325e-5
19423,8.397583570740608e-7,1.026308044590335e-5
19424,8.398005340026771e-7,1.0258890533531434e-5
19425,8.398426949440818e-7,1.0254702331777277e-5
19426,8.398848434509887e-7,1.0250515839787394e-5
19427,8.399269724179703e-7,1.0246331057110758e-5
19428,8.399690907268109e-7,1.0242147982890415e-5
19429,8.400111921602615e-7,1.0237966616425537e-5
19430,8.40053278494679e-7,1.0233786957008356e-5
19431,8.400953506182418e-7,1.0229609004361317e-5
19432,8.40137406754593e-7,1.0225432757228481e-5
19433,8.401794477919111e-7,1.0221258214978407e-5
19434,8.402214728420176e-7,1.0217085377510482e-5
19435,8.402634845694479e-7,1.0212914243721422e-5
19436,8.40305481197845e-7,1.020874481213671e-5
19437,8.40347462727209e-7,1.0204577083353095e-5
19438,8.403894282693614e-7,1.0200411056118103e-5
19439,8.404313813770159e-7,1.0196246729741315e-5
19440,8.40473316721102e-7,1.0192084103455984e-5
19441,8.405152387425119e-7,1.0187923176845776e-5
19442,8.405571412239965e-7,1.0183763949053737e-5
19443,8.405990348236969e-7,1.0179606418941889e-5
19444,8.406409106598289e-7,1.017545058683636e-5
19445,8.40682769620571e-7,1.0171296450617318e-5
19446,8.407246170349936e-7,1.0167144011169471e-5
19447,8.407664457976693e-7,1.0162993266605441e-5
19448,8.408082639022041e-7,1.0158844216592161e-5
19449,8.40850063354992e-7,1.0154696860737583e-5
19450,8.408918521496389e-7,1.015055119808414e-5
19451,8.409336205161821e-7,1.014640722795876e-5
19452,8.409753791127628e-7,1.0142264950281643e-5
19453,8.41017119945775e-7,1.013812436305786e-5
19454,8.410588456797541e-7,1.0133985466165979e-5
19455,8.411005563147e-7,1.0129848259758656e-5
19456,8.411422518506129e-7,1.0125712741792386e-5
19457,8.411839340638494e-7,1.0121578912739015e-5
19458,8.412256002898744e-7,1.0117446771266275e-5
19459,8.412672514168662e-7,1.0113316316600479e-5
19460,8.413088901093602e-7,1.0109187548193455e-5
19461,8.413505101501073e-7,1.0105060466013976e-5
19462,8.41392118644535e-7,1.0100935068608347e-5
19463,8.414337093753943e-7,1.0096811355300023e-5
19464,8.414752850072205e-7,1.0092689325336135e-5
19465,8.415168482045488e-7,1.0088568978876278e-5
19466,8.415583936383086e-7,1.0084450314001847e-5
19467,8.415999266375707e-7,1.0080333331313057e-5
19468,8.416414445377995e-7,1.007621802872477e-5
19469,8.416829473389953e-7,1.0072104406726179e-5
19470,8.417244323766226e-7,1.0067992464210529e-5
19471,8.417659049797521e-7,1.0063882200359031e-5
19472,8.418073651483837e-7,1.0059773614689432e-5
19473,8.418488066652685e-7,1.0055666706580701e-5
19474,8.418902339712986e-7,1.0051561475130782e-5
19475,8.419316479546524e-7,1.0047457919395986e-5
19476,8.419730441744377e-7,1.0043356039591417e-5
19477,8.420144297360821e-7,1.0039255833736022e-5
19478,8.420557984223365e-7,1.0035157302433484e-5
19479,8.420971511213793e-7,1.0031060444379292e-5
19480,8.421384896095674e-7,1.0026965258893433e-5
19481,8.421798138869008e-7,1.0022871745247325e-5
19482,8.42221123065201e-7,1.001877990291708e-5
19483,8.422624171444681e-7,1.0014689731000642e-5
19484,8.423036970128805e-7,1.0010601229147598e-5
19485,8.423449617822598e-7,1.0006514396605076e-5
19486,8.423862105644275e-7,1.0002429232242038e-5
19487,8.424274451357405e-7,9.998345736048075e-6
19488,8.424686654961988e-7,9.99426390719746e-6
19489,8.425098716458024e-7,9.990183744600784e-6
19490,8.425510618081944e-7,9.986105247890287e-6
19491,8.425922377597317e-7,9.982028416163913e-6
19492,8.42633396835879e-7,9.9779532488041e-6
19493,8.426745461420637e-7,9.97387974523492e-6
19494,8.427156767965016e-7,9.96980790485269e-6
19495,8.427567923519064e-7,9.965737726977397e-6
19496,8.427978945846348e-7,9.961669211008828e-6
19497,8.428389817183302e-7,9.957602355427364e-6
19498,8.428800546411708e-7,9.953537160753423e-6
19499,8.429211106886214e-7,9.949473625609634e-6
19500,8.429621543015742e-7,9.945411749586602e-6
19501,8.430031828154938e-7,9.941351531653903e-6
19502,8.430441953422019e-7,9.93729297209256e-6
19503,8.430851936580552e-7,9.933236068813966e-6
19504,8.431261768748755e-7,9.929180822033229e-6
19505,8.43167145880841e-7,9.925127230817066e-6
19506,8.432081015641302e-7,9.921075294749143e-6
19507,8.43249039483851e-7,9.91702501302455e-6
19508,8.432899658572524e-7,9.912976384401223e-6
19509,8.433308771316206e-7,9.908929409330192e-6
19510,8.433717706424204e-7,9.904884086101018e-6
19511,8.434126526069008e-7,9.90084041447431e-6
19512,8.434535185841696e-7,9.896798393634748e-6
19513,8.434943685742269e-7,9.89275802353723e-6
19514,8.435352061297863e-7,9.888719302714177e-6
19515,8.435760276981341e-7,9.8846822305515e-6
19516,8.436168341674488e-7,9.88064680697634e-6
19517,8.436576273140872e-7,9.876613030854187e-6
19518,8.436984044735141e-7,9.872580901508499e-6
19519,8.43739169198443e-7,9.868550418269673e-6
19520,8.437799161598036e-7,9.864521581033625e-6
19521,8.438206489103095e-7,9.860494388069102e-6
19522,8.438613692263175e-7,9.856468839761212e-6
19523,8.439020744432923e-7,9.852444934413396e-6
19524,8.439427636730557e-7,9.848422672240759e-6
19525,8.439834386919642e-7,9.84440205230655e-6
19526,8.440240995000181e-7,9.84038307373647e-6
19527,8.440647469853957e-7,9.836365735906016e-6
19528,8.441053775953833e-7,9.83235003825314e-6
19529,8.441459922181593e-7,9.828335980517633e-6
19530,8.441865952946159e-7,9.824323560912729e-6
19531,8.442271841602178e-7,9.82031278005252e-6
19532,8.442677543740729e-7,9.816303636556167e-6
19533,8.443083139297869e-7,9.812296129823456e-6
19534,8.443488574982894e-7,9.808290258872532e-6
19535,8.443893859677587e-7,9.80428602392544e-6
19536,8.444299002263733e-7,9.800283423386236e-6
19537,8.444704020504901e-7,9.796282456883687e-6
19538,8.4451088522286e-7,9.792283124393508e-6
19539,8.445513559607321e-7,9.788285424080362e-6
19540,8.445918133759278e-7,9.784289356381398e-6
19541,8.446322539157336e-7,9.780294920068433e-6
19542,8.446726802446847e-7,9.776302114537783e-6
19543,8.447130941391379e-7,9.772310938963719e-6
19544,8.447534902700227e-7,9.768321392940316e-6
19545,8.447938739664096e-7,9.764333476099812e-6
19546,8.44834241675585e-7,9.760347186842794e-6
19547,8.448745951739056e-7,9.75636252560988e-6
19548,8.449149371259068e-7,9.752379490503282e-6
19549,8.449552604261612e-7,9.748398081991377e-6
19550,8.449955704037393e-7,9.74441829897088e-6
19551,8.450358661704627e-7,9.740440140650758e-6
19552,8.450761468381529e-7,9.736463606923457e-6
19553,8.451164159595237e-7,9.732488696165276e-6
19554,8.451566682055045e-7,9.728515408400501e-6
19555,8.451969053524522e-7,9.724543742744424e-6
19556,8.452371291767236e-7,9.720573698763363e-6
19557,8.452773370137834e-7,9.716605275624651e-6
19558,8.453175333045237e-7,9.712638472540724e-6
19559,8.453577109435173e-7,9.708673288883612e-6
19560,8.45397876148013e-7,9.704709724077387e-6
19561,8.454380262534755e-7,9.70074777792429e-6
19562,8.454781630362618e-7,9.696787448731231e-6
19563,8.455182873845501e-7,9.69282873674801e-6
19564,8.455583930810917e-7,9.688871641121144e-6
19565,8.45598485454957e-7,9.684916160889595e-6
19566,8.456385645061459e-7,9.680962295501722e-6
19567,8.456786275701234e-7,9.677010044222e-6
19568,8.457186781996029e-7,9.673059406370421e-6
19569,8.45758711065514e-7,9.669110382165558e-6
19570,8.457987332732841e-7,9.665162969622887e-6
19571,8.458387386056643e-7,9.661217168704245e-6
19572,8.458787315035465e-7,9.657272979000237e-6
19573,8.459187075260388e-7,9.653330399452681e-6
19574,8.459586711140332e-7,9.649389429499527e-6
19575,8.459986187148161e-7,9.645450068946487e-6
19576,8.460385529929226e-7,9.641512316044959e-6
19577,8.460784721719961e-7,9.637576171388218e-6
19578,8.461183762520363e-7,9.633641633088885e-6
19579,8.461582670094003e-7,9.629708701483497e-6
19580,8.461981435559096e-7,9.625777375687344e-6
19581,8.462380058915642e-7,9.621847654728982e-6
19582,8.46277854016364e-7,9.617919538396774e-6
19583,8.463176843775955e-7,9.613993025694989e-6
19584,8.463575040806859e-7,9.610068115985249e-6
19585,8.463973086847432e-7,9.606144808639583e-6
19586,8.464370999661242e-7,9.602223103269414e-6
19587,8.464768752602936e-7,9.59830299875758e-6
19588,8.465166345672515e-7,9.594384494843872e-6
19589,8.465563814397115e-7,9.590467590536028e-6
19590,8.465961149894952e-7,9.586552285934663e-6
19591,8.466358325520673e-7,9.58263857913505e-6
19592,8.466755359037847e-7,9.57872647069924e-6
19593,8.467152259328259e-7,9.574815959388638e-6
19594,8.467549008628339e-7,9.570907044488541e-6
19595,8.467945589174519e-7,9.566999725409142e-6
19596,8.468342063139289e-7,9.56309400146696e-6
19597,8.468738377231944e-7,9.559189871957696e-6
19598,8.469134575861403e-7,9.555287336975027e-6
19599,8.469530587973395e-7,9.55138639521097e-6
19600,8.469926493503976e-7,9.547487045690611e-6
19601,8.470322230280658e-7,9.54358928823354e-6
19602,8.470717842712361e-7,9.539693122402604e-6
19603,8.471113286390164e-7,9.535798546959212e-6
19604,8.471508623486557e-7,9.531905561296211e-6
19605,8.471903774065481e-7,9.528014165597481e-6
19606,8.472298809181211e-7,9.524124358263608e-6
19607,8.472693711070178e-7,9.520236138912952e-6
19608,8.473088435323461e-7,9.516349507243671e-6
19609,8.473483052995334e-7,9.512464462489018e-6
19610,8.473877510795091e-7,9.508581003757344e-6
19611,8.474271835368086e-7,9.504699130340882e-6
19612,8.474666000068964e-7,9.500818842055753e-6
19613,8.47506003154308e-7,9.496940137968674e-6
19614,8.475453912026865e-7,9.493063017070036e-6
19615,8.47584766816567e-7,9.489187479554129e-6
19616,8.476241282195929e-7,9.485313523894395e-6
19617,8.476634745235856e-7,9.481441149757769e-6
19618,8.477028057285452e-7,9.477570357224047e-6
19619,8.4774212272265e-7,9.473701144097069e-6
19620,8.477814255059002e-7,9.469833511278891e-6
19621,8.47820714966474e-7,9.465967457402552e-6
19622,8.478599911043716e-7,9.46210298178804e-6
19623,8.478992503668792e-7,9.458240083817793e-6
19624,8.479384971948889e-7,9.454378763484872e-6
19625,8.479777289238655e-7,9.450519018943532e-6
19626,8.480169473301657e-7,9.446660850658678e-6
19627,8.480561506374329e-7,9.44280425737784e-6
19628,8.480953397338453e-7,9.438949238573663e-6
19629,8.481345172839383e-7,9.435095793753484e-6
19630,8.481736797349981e-7,9.43124392244546e-6
19631,8.48212825310668e-7,9.427393623185482e-6
19632,8.4825195845184e-7,9.423544896206004e-6
19633,8.482910756058004e-7,9.419697740532113e-6
19634,8.483301794370846e-7,9.415852155476856e-6
19635,8.483692708338708e-7,9.412008140280426e-6
19636,8.484083471316239e-7,9.408165694519549e-6
19637,8.484474101067008e-7,9.404324817333803e-6
19638,8.484864562063876e-7,9.400485508792578e-6
19639,8.485254889833982e-7,9.396647767556665e-6
19640,8.485645084377325e-7,9.392811592963402e-6
19641,8.486035154575688e-7,9.388976984586045e-6
19642,8.486425082665505e-7,9.385143941685603e-6
19643,8.486814833119638e-7,9.381312463804109e-6
19644,8.487204459228792e-7,9.377482550133182e-6
19645,8.487593960992967e-7,9.37365420030506e-6
19646,8.487983302885027e-7,9.369827413480136e-6
19647,8.488372520432108e-7,9.366002188704314e-6
19648,8.488761586988858e-7,9.362178525641057e-6
19649,8.489150493673492e-7,9.358356423513209e-6
19650,8.489539276013147e-7,9.354535882369341e-6
19651,8.489927916244255e-7,9.35071690073841e-6
19652,8.490316414366816e-7,9.346899478044485e-6
19653,8.490704788144399e-7,9.343083614041237e-6
19654,8.491093002049865e-7,9.339269308558662e-6
19655,8.491481091610353e-7,9.335456559542848e-6
19656,8.49186903018051e-7,9.331645367392782e-6
19657,8.492256808878551e-7,9.327835731053752e-6
19658,8.492644463231613e-7,9.32402765038004e-6
19659,8.493031984357913e-7,9.3202211243551e-6
19660,8.493419381139233e-7,9.316416152232998e-6
19661,8.493806591403086e-7,9.312612733698017e-6
19662,8.494193686203744e-7,9.308810867924427e-6
19663,8.494580638895854e-7,9.305010554606918e-6
19664,8.494967449479418e-7,9.30121179261792e-6
19665,8.495354117954435e-7,9.297414581405788e-6
19666,8.495740670966256e-7,9.293618920554192e-6
19667,8.496127055224179e-7,9.28982480906046e-6
19668,8.496513297373554e-7,9.286032247111942e-6
19669,8.49689941517795e-7,9.282241232914934e-6
19670,8.497285355346662e-7,9.278451766972506e-6
19671,8.497671206697532e-7,9.274663847980147e-6
19672,8.498056889294503e-7,9.270877475424377e-6
19673,8.498442447546495e-7,9.267092649135195e-6
19674,8.498827845926371e-7,9.26330936747155e-6
19675,8.499213119961269e-7,9.259527630769981e-6
19676,8.499598278532972e-7,9.25574743794455e-6
19677,8.499983241705422e-7,9.251968788440146e-6
19678,8.500368098296462e-7,9.248191681535123e-6
19679,8.500752795015387e-7,9.24441611710805e-6
19680,8.501137376271117e-7,9.240642093413798e-6
19681,8.5015218154183e-7,9.23686961110809e-6
19682,8.50190612133872e-7,9.233098668792739e-6
19683,8.502290240741672e-7,9.229329265954267e-6
19684,8.502674253563214e-7,9.225561401940419e-6
19685,8.503058124276208e-7,9.22179507677548e-6
19686,8.503441852880655e-7,9.218030288568602e-6
19687,8.503825474903692e-7,9.214267037760404e-6
19688,8.504208919291045e-7,9.210505323400259e-6
19689,8.504592230451635e-7,9.206745144676315e-6
19690,8.504975408385462e-7,9.202986501016114e-6
19691,8.505358444210742e-7,9.199229392256592e-6
19692,8.505741346809259e-7,9.19547381744018e-6
19693,8.506124107299229e-7,9.19171977544972e-6
19694,8.506506707917083e-7,9.187967266233166e-6
19695,8.506889184189959e-7,9.184216289308267e-6
19696,8.507271544999639e-7,9.180466843408674e-6
19697,8.507653737055421e-7,9.176718928645411e-6
19698,8.508035795884439e-7,9.172972543498858e-6
19699,8.508417721486694e-7,9.169227688284737e-6
19700,8.508799504980402e-7,9.165484361878945e-6
19701,8.509181137483779e-7,9.1617425641774e-6
19702,8.509562663405745e-7,9.158002293455786e-6
19703,8.509944020573812e-7,9.154263550286562e-6
19704,8.5103252533969e-7,9.150526333125825e-6
19705,8.510706335229656e-7,9.146790641907654e-6
19706,8.51108728383565e-7,9.143056475976324e-6
19707,8.511468099214881e-7,9.139323834228552e-6
19708,8.511848772485564e-7,9.135592716983526e-6
19709,8.5122293036477e-7,9.131863122159578e-6
19710,8.512609710464858e-7,9.128135050540803e-6
19711,8.512989975173468e-7,9.124408500919834e-6
19712,8.513370071128179e-7,9.120683473123198e-6
19713,8.513750060501479e-7,9.11695996555495e-6
19714,8.514129898884448e-7,9.113237978558564e-6
19715,8.514509630686007e-7,9.109517510978715e-6
19716,8.514889184851882e-7,9.105798562253353e-6
19717,8.515268614672777e-7,9.102081131789203e-6
19718,8.515647902385126e-7,9.098365218927068e-6
19719,8.516027056870712e-7,9.094650823587153e-6
19720,8.516406078129535e-7,9.090937944353922e-6
19721,8.516784966161595e-7,9.087226581060842e-6
19722,8.517163667676186e-7,9.083516733263824e-6
19723,8.517542280372936e-7,9.079808399620193e-6
19724,8.517920742079355e-7,9.076101579897494e-6
19725,8.518299079440794e-7,9.07239627396042e-6
19726,8.518677274693687e-7,9.068692480716095e-6
19727,8.51905530119268e-7,9.06499019940124e-6
19728,8.519433221110262e-7,9.061289429651564e-6
19729,8.519810981155729e-7,9.057590171179103e-6
19730,8.520188616856217e-7,9.053892422304644e-6
19731,8.520566119329942e-7,9.050196183611053e-6
19732,8.520943488576904e-7,9.046501453821576e-6
19733,8.521320706833535e-7,9.04280823231518e-6
19734,8.521697791863403e-7,9.039116519171664e-6
19735,8.522074743666508e-7,9.03542631242732e-6
19736,8.522451544479281e-7,9.031737612866242e-6
19737,8.522828220947076e-7,9.028050419034733e-6
19738,8.523204755306324e-7,9.024364730589318e-6
19739,8.523581156438809e-7,9.020680547297544e-6
19740,8.523957433226315e-7,9.016997867452442e-6
19741,8.524333541259921e-7,9.013316691668105e-6
19742,8.524709551593901e-7,9.009637018556754e-6
19743,8.525085384292197e-7,9.005958847597972e-6
19744,8.52546108376373e-7,9.002282178243587e-6
19745,8.525836667772069e-7,8.998607010299309e-6
19746,8.526212091908292e-7,8.99493334287349e-6
19747,8.526587418344889e-7,8.99126117477611e-6
19748,8.526962567145802e-7,8.987590506517179e-6
19749,8.527337582719952e-7,8.983921336341155e-6
19750,8.527712491712691e-7,8.980253663980892e-6
19751,8.528087240833315e-7,8.976587489557819e-6
19752,8.528461883372529e-7,8.972922811777834e-6
19753,8.528836357157843e-7,8.969259630033782e-6
19754,8.529210697716394e-7,8.96559794372545e-6
19755,8.529584887284614e-7,8.961937752863247e-6
19756,8.529958979153207e-7,8.958279055931023e-6
19757,8.530332911149685e-7,8.954621852616529e-6
19758,8.530706727682968e-7,8.95096614275323e-6
19759,8.531080366580568e-7,8.9473119253905e-6
19760,8.531453898896757e-7,8.94365919950832e-6
19761,8.531827289104399e-7,8.940007965391183e-6
19762,8.53220052832171e-7,8.936358221849072e-6
19763,8.532573652075826e-7,8.932709968195035e-6
19764,8.532946642603179e-7,8.929063203867021e-6
19765,8.5333194821402e-7,8.925417928865031e-6
19766,8.533692197332243e-7,8.921774141423117e-6
19767,8.534064770415739e-7,8.918131842117205e-6
19768,8.534437201390688e-7,8.914491029694827e-6
19769,8.534809516902442e-7,8.910851703815975e-6
19770,8.535181663660296e-7,8.907213863592472e-6
19771,8.535553694954956e-7,8.903577508895949e-6
19772,8.535925584141069e-7,8.899942638612712e-6
19773,8.536297331218634e-7,8.896309252173773e-6
19774,8.536668962833005e-7,8.892677349041367e-6
19775,8.537040452338829e-7,8.889046928826916e-6
19776,8.537411817499674e-7,8.88541799071163e-6
19777,8.537783022788403e-7,8.88179053425489e-6
19778,8.538154112613938e-7,8.878164558780155e-6
19779,8.538525060330926e-7,8.87454006374272e-6
19780,8.538895839294014e-7,8.870917048386245e-6
19781,8.539266511675692e-7,8.867295512273582e-6
19782,8.539637041948822e-7,8.863675454703901e-6
19783,8.540007447876974e-7,8.86005687493474e-6
19784,8.540377711696578e-7,8.856439772372826e-6
19785,8.540747833407636e-7,8.852824146921012e-6
19786,8.541117839655499e-7,8.849209997243562e-6
19787,8.54148769491303e-7,8.845597323295373e-6
19788,8.541857408062015e-7,8.841986124500517e-6
19789,8.542227005747804e-7,8.83837639956836e-6
19790,8.542596461325047e-7,8.834768148779926e-6
19791,8.542965801439095e-7,8.831161370691926e-6
19792,8.543334955035675e-7,8.82755606542232e-6
19793,8.543704028696197e-7,8.823952232069054e-6
19794,8.544072942484604e-7,8.820349869754357e-6
19795,8.544441705282679e-7,8.816748978682926e-6
19796,8.544810361499344e-7,8.813149557460043e-6
19797,8.545178857843894e-7,8.80955160569366e-6
19798,8.545547247607033e-7,8.805955122648257e-6
19799,8.54591548637984e-7,8.80236010852159e-6
19800,8.546283600807669e-7,8.79876656130138e-6
19801,8.546651555363383e-7,8.795174481719681e-6
19802,8.547019403337686e-7,8.791583868437286e-6
19803,8.547387091439873e-7,8.787994721624198e-6
19804,8.547754664078866e-7,8.784407039455489e-6
19805,8.548122094609312e-7,8.780820822340552e-6
19806,8.548489409676563e-7,8.777236069297534e-6
19807,8.548856555989914e-7,8.773652779698465e-6
19808,8.549223595721855e-7,8.770070953491305e-6
19809,8.549590475581681e-7,8.766490588847653e-6
19810,8.549957239978312e-7,8.762911686423236e-6
19811,8.550323862266396e-7,8.759334245041911e-6
19812,8.550690369091285e-7,8.755758264353264e-6
19813,8.551056716044059e-7,8.752183743531566e-6
19814,8.551422947533638e-7,8.748610682115382e-6
19815,8.551789045796454e-7,8.745039079521844e-6
19816,8.552154993068939e-7,8.741468934769098e-6
19817,8.552520824878229e-7,8.737900247541425e-6
19818,8.552886505697188e-7,8.734333017762497e-6
19819,8.553252062171168e-7,8.730767244100046e-6
19820,8.553617467654817e-7,8.727202926210598e-6
19821,8.553982784320624e-7,8.723640063382915e-6
19822,8.554347923350747e-7,8.72007865497515e-6
19823,8.554712929154107e-7,8.716518700994241e-6
19824,8.555077819494272e-7,8.712960200364661e-6
19825,8.555442585489459e-7,8.709403152371703e-6
19826,8.555807182730746e-7,8.705847556467194e-6
19827,8.556171664508838e-7,8.702293412671952e-6
19828,8.556536013060168e-7,8.698740719761261e-6
19829,8.556900246148302e-7,8.695189477186949e-6
19830,8.557264346009674e-7,8.691639684269004e-6
19831,8.557628285998931e-7,8.688091340778442e-6
19832,8.557992101643208e-7,8.68454444586872e-6
19833,8.558355775178939e-7,8.680998999165135e-6
19834,8.558719342133259e-7,8.677454999935635e-6
19835,8.559082749215463e-7,8.673912447597354e-6
19836,8.559446023070905e-7,8.670371341477218e-6
19837,8.559809181463152e-7,8.666831681280324e-6
19838,8.560172197746851e-7,8.66329346594849e-6
19839,8.560535080803788e-7,8.659756695169468e-6
19840,8.560897848397531e-7,8.656221368651823e-6
19841,8.56126048276451e-7,8.652687484851651e-6
19842,8.561622939495805e-7,8.649155044216511e-6
19843,8.561985298527475e-7,8.645624045622302e-6
19844,8.562347524332381e-7,8.64209448903433e-6
19845,8.562709616910524e-7,8.63856637278379e-6
19846,8.563071567380121e-7,8.635039697304364e-6
19847,8.563433393504738e-7,8.631514461589912e-6
19848,8.563795068639024e-7,8.627990665269203e-6
19849,8.5641566371919e-7,8.624468307436711e-6
19850,8.564518072518013e-7,8.620947387856515e-6
19851,8.56487934797201e-7,8.617427905577985e-6
19852,8.565240507962812e-7,8.613909859945396e-6
19853,8.565601543608636e-7,8.61039325063262e-6
19854,8.565962437145913e-7,8.606878077400265e-6
19855,8.566323215219995e-7,8.603364339082598e-6
19856,8.566683842303746e-7,8.59985203528757e-6
19857,8.56704432727895e-7,8.59634116520333e-6
19858,8.567404679027391e-7,8.592831729055395e-6
19859,8.567764924194421e-7,8.589323725459452e-6
19860,8.56812501837112e-7,8.585817153954067e-6
19861,8.56848498820284e-7,8.582312013876575e-6
19862,8.568844833689582e-7,8.578808300831187e-6
19863,8.56920454594956e-7,8.575306022592932e-6
19864,8.569564107219207e-7,8.571805173995806e-6
19865,8.569923544143876e-7,8.568305754599187e-6
19866,8.570282856723566e-7,8.56480776438226e-6
19867,8.570642036076492e-7,8.56131120148193e-6
19868,8.571001073320872e-7,8.557816066595558e-6
19869,8.571359986220273e-7,8.554322358477612e-6
19870,8.571718757011126e-7,8.55083007713503e-6
19871,8.572077430102354e-7,8.547339220905947e-6
19872,8.57243595220325e-7,8.543849790300373e-6
19873,8.572794341077383e-7,8.540361784197675e-6
19874,8.573152578961185e-7,8.536875202518057e-6
19875,8.573510710263577e-7,8.533390043606592e-6
19876,8.573868708339205e-7,8.529906307834512e-6
19877,8.574226564306286e-7,8.526423994442006e-6
19878,8.574584295928389e-7,8.522943102551306e-6
19879,8.574941894323729e-7,8.519463632134655e-6
19880,8.575299332846953e-7,8.515985581637742e-6
19881,8.575656682552335e-7,8.512508951563635e-6
19882,8.57601389014917e-7,8.509033740913136e-6
19883,8.576370973401026e-7,8.505559948981944e-6
19884,8.576727896780767e-7,8.502087575412709e-6
19885,8.577084713579097e-7,8.498616619438681e-6
19886,8.57744138826888e-7,8.495147080227194e-6
19887,8.577797938613685e-7,8.49167895764294e-6
19888,8.578154355731726e-7,8.488212251148153e-6
19889,8.578510657386573e-7,8.484746959934453e-6
19890,8.578866816932873e-7,8.481283083318358e-6
19891,8.579222816607057e-7,8.477820620755167e-6
19892,8.579578727463399e-7,8.474359572279572e-6
19893,8.57993448732941e-7,8.470899936361548e-6
19894,8.580290105086874e-7,8.467441713292528e-6
19895,8.580645616262927e-7,8.463984901570243e-6
19896,8.581000976448649e-7,8.46052950151388e-6
19897,8.581356238934745e-7,8.457075511909135e-6
19898,8.581711332666941e-7,8.453622932624166e-6
19899,8.582066319817727e-7,8.450171763308562e-6
19900,8.582421164859966e-7,8.446722002199841e-6
19901,8.582775876675441e-7,8.443273650134142e-6
19902,8.583130473027722e-7,8.43982670562654e-6
19903,8.583484927271456e-7,8.436381168212131e-6
19904,8.583839257170212e-7,8.43293703798459e-6
19905,8.584193453842204e-7,8.429494313684505e-6
19906,8.584547526169217e-7,8.426052994853911e-6
19907,8.584901447505899e-7,8.422613080830144e-6
19908,8.585255253379387e-7,8.419174570988702e-6
19909,8.585608934907896e-7,8.415737465447548e-6
19910,8.585962492091426e-7,8.412301763044416e-6
19911,8.58631588940284e-7,8.408867463165215e-6
19912,8.58666917125106e-7,8.405434565737085e-6
19913,8.587022337636085e-7,8.402003069760827e-6
19914,8.587375344148995e-7,8.398572974591123e-6
19915,8.587728252962279e-7,8.395144279606942e-6
19916,8.588081001903447e-7,8.391716984388481e-6
19917,8.588433644263205e-7,8.388291088689409e-6
19918,8.588786135632631e-7,8.384866591711754e-6
19919,8.589138538184216e-7,8.38144349254305e-6
19920,8.589490780863684e-7,8.378021791356771e-6
19921,8.58984289031639e-7,8.374601486858813e-6
19922,8.590194884305902e-7,8.371182578671005e-6
19923,8.590546736186866e-7,8.36776506658865e-6
19924,8.590898463722851e-7,8.364348949317646e-6
19925,8.591250066913858e-7,8.36093422704881e-6
19926,8.591601527996318e-7,8.357520898737841e-6
19927,8.591952864733798e-7,8.354108963798401e-6
19928,8.5923040771263e-7,8.350698422372738e-6
19929,8.592655174055608e-7,8.347289272618574e-6
19930,8.593006128876368e-7,8.343881515160412e-6
19931,8.593356932706797e-7,8.34047514924538e-6
19932,8.5937076388376e-7,8.337070173402433e-6
19933,8.59405821174164e-7,8.333666588113825e-6
19934,8.594408624773564e-7,8.330264392206882e-6
19935,8.594758957869431e-7,8.326863585164657e-6
19936,8.595109122211397e-7,8.323464166969802e-6
19937,8.595459179971954e-7,8.320066136217191e-6
19938,8.595809095623963e-7,8.316669492837436e-6
19939,8.596158886930994e-7,8.313274236382978e-6
19940,8.596508518365908e-7,8.309880365663797e-6
19941,8.596858069864766e-7,8.306487880891528e-6
19942,8.597207479255076e-7,8.303096781084318e-6
19943,8.597556737655054e-7,8.299707065756445e-6
19944,8.597905898355407e-7,8.296318734325042e-6
19945,8.598254899183644e-7,8.2929317862801e-6
19946,8.598603802312255e-7,8.289546220893035e-6
19947,8.598952563332318e-7,8.28616203757404e-6
19948,8.599301208889187e-7,8.282779236222504e-6
19949,8.599649703455725e-7,8.279397815894735e-6
19950,8.599998082559068e-7,8.27601777585521e-6
19951,8.600346319553864e-7,8.2726391156078e-6
19952,8.600694441085466e-7,8.269261835384956e-6
19953,8.601042438272088e-7,8.265885933594203e-6
19954,8.601390293350164e-7,8.262511410020434e-6
19955,8.601738024083261e-7,8.25913826385527e-6
19956,8.602085621589595e-7,8.255766495449124e-6
19957,8.602433103632734e-7,8.252396103289317e-6
19958,8.602780470212679e-7,8.249027087021965e-6
19959,8.603127694684076e-7,8.245659446751152e-6
19960,8.603474777046927e-7,8.242293180436844e-6
19961,8.603821735064798e-7,8.238928288967218e-6
19962,8.60416858650126e-7,8.23556477174553e-6
19963,8.604515278065605e-7,8.232202626835827e-6
19964,8.604861863048541e-7,8.22884185512976e-6
19965,8.605208305922929e-7,8.225482455329752e-6
19966,8.605554642215907e-7,8.222124426901511e-6
19967,8.605900854163906e-7,8.218767769813812e-6
19968,8.606246897358005e-7,8.215412483001533e-6
19969,8.606592860616047e-7,8.212058565836705e-6
19970,8.606938681765541e-7,8.208706017844014e-6
19971,8.607284360806489e-7,8.205354839016521e-6
19972,8.607629915502457e-7,8.202005028178083e-6
19973,8.607975363617015e-7,8.198656584783998e-6
19974,8.608320651859458e-7,8.195309508216703e-6
19975,8.608665842402274e-7,8.191963798621915e-6
19976,8.609010864191191e-7,8.188619454847779e-6
19977,8.60935580604405e-7,8.185276476266323e-6
19978,8.609700596906578e-7,8.181934862950407e-6
19979,8.610045263424126e-7,8.178594613234696e-6
19980,8.610389805596697e-7,8.175255727521646e-6
19981,8.610734214542504e-7,8.171918205155532e-6
19982,8.6110785169069e-7,8.168582044814493e-6
19983,8.611422659399182e-7,8.165247246987722e-6
19984,8.611766686428268e-7,8.161913810322136e-6
19985,8.61211059799416e-7,8.158581735244474e-6
19986,8.612454385215074e-7,8.15525101968348e-6
19987,8.61279803032744e-7,8.151921664381612e-6
19988,8.613141559976611e-7,8.148593668100279e-6
19989,8.613484965280804e-7,8.145267031047648e-6
19990,8.613828237358234e-7,8.141941751860227e-6
19991,8.614171376208901e-7,8.138617830170253e-6
19992,8.614514390714589e-7,8.135295265342818e-6
19993,8.614857271993515e-7,8.1319740568922e-6
19994,8.615200037809245e-7,8.128654204627578e-6
19995,8.615542670398213e-7,8.125335707705877e-6
19996,8.615885187523986e-7,8.122018566036893e-6
19997,8.616227571422996e-7,8.118702777809572e-6
19998,8.616569830977028e-7,8.1153883437525e-6
19999,8.61691196618608e-7,8.112075262727697e-6
20000,8.617253977050154e-7,8.108763534794144e-6
