epoch,qre,max_grad
1,0.7375563451524427,0.21835574283802742
2,0.7090643407940944,0.2132124031472288
3,0.6818784148262456,0.20821671940075287
4,0.6559315993461903,0.20336426058866933
5,0.6311605651335963,0.1986506698953786
6,0.6075054302772163,0.19407167309944298
7,0.584909576307389,0.18962308545866027
8,0.5633194720130521,0.18530081715724378
9,0.5426845050302869,0.18110087750577158
10,0.5229568212005367,0.17701937817997165
11,0.5040911716126422,0.17305253525781422
12,0.48604476722696965,0.1691966707102819
13,0.4687771408783368,0.16544821301514243
14,0.4522500164675378,0.16180369723801877
15,0.43642718509955447,0.15825976454695476
16,0.4212743879200307,0.15481316132722775
17,0.4067592053806388,0.1514607378848467
18,0.3928509526636992,0.14819944686611244
19,0.3795205809868243,0.14502634142707482
20,0.3667405845103202,0.14193857316108713
21,0.35448491257523607,0.13893338988699314
22,0.342728886999879,0.13600813333378378
23,0.33144912416942685,0.13316023664646204
24,0.3206234616663828,0.13038722190491922
25,0.31023088919823305,0.1276866975496909
26,0.30025148356564113,0.12505635579858446
27,0.29066634746623876,0.12249397003979781
28,0.2814575519004956,0.11999739226553985
29,0.2726080819743162,0.11756455046201186
30,0.264101785903323,0.11519344608610083
31,0.2559233270257959,0.11288215155278813
32,0.24805813864879234,0.11062880777023451
33,0.24049238155668018,0.10843162171546533
34,0.23321290402428296,0.1062888641143789
35,0.22620720417919227,0.10419886708404424
36,0.21946339457870323,0.10216002193247298
37,0.21297016885991482,0.10017077696719492
38,0.20671677034115366,0.0982296353933978
39,0.20069296245328516,0.096335153256674
40,0.19488900089271066,0.09448593746925249
41,0.18929560738800522,0.0926806438807023
42,0.18390394498418505,0.09091797546719776
43,0.1787055947487941,0.08919668049158319
44,0.17369253381845873,0.0875155508144616
45,0.16885711469945264,0.08587342022329059
46,0.16419204574891477,0.0842691628431822
47,0.15969037276315046,0.0827016915827109
48,0.15534546160848084,0.08116995666278465
49,0.1511509818293133,0.07967294418837301
50,0.14710089117570746,0.07820967477570578
51,0.1431894209951201,0.07677920224333429
52,0.13941106243594348,0.07538061231157095
53,0.13576055341620386,0.07401302148948313
54,0.13223286630586184,0.07267557576248235
55,0.12882319629105954,0.07136744956412017
56,0.12552695036964057,0.07008784468215223
57,0.12233973694537159,0.06883598921535306
58,0.11925735598556209,0.06761113658696133
59,0.11627578970830044,0.06641256459653971
60,0.11339119376810025,0.06523957449688339
61,0.11059988891240824,0.06409149012248389
62,0.10789835308033346,0.0629676570460117
63,0.10528321391866768,0.0618674417759606
64,0.10275124169096816,0.060790230970698744
65,0.10029934255786177,0.05973543071035742
66,0.0979245522062211,0.058702465766862666
67,0.09562402980902451,0.05769077892880692
68,0.09339505229587264,0.05669983034171733
69,0.09123500891734437,0.055729096875763995
70,0.08914139608664318,0.054778071524810235
71,0.08711181248296196,0.05384626282082222
72,0.08514395440217903,0.05293319427494586
73,0.08323561134135726,0.052038403846538905
74,0.08138466180379034,0.05116144342446555
75,0.07958906931297793,0.05030187833565325
76,0.07784687862382444,0.04945928687002227
77,0.07615621212054702,0.04863325982506084
78,0.07451526639114814,0.04782340006487479
79,0.07292230896911978,0.047029322106254545
80,0.07137567523326371,0.046250651709688895
81,0.06987376545651536,0.04548702551178718
82,0.06841504199775272,0.04473809061272027
83,0.06699802662737309,0.04400350424064908
84,0.06562129798050442,0.0432829334095442
85,0.06428348913041404,0.042576054584206324
86,0.06298328527649222,0.04188255336113311
87,0.061719421540724184,0.04120212416271746
88,0.06049068086699716,0.04053446994263116
89,0.0592958920180342,0.03987930190110972
90,0.058133927664990814,0.03923633921253583
91,0.0570037025649599,0.038605308772485636
92,0.05590417182175056,0.03798594492747093
93,0.05483432922633913,0.037377989243565946
94,0.05379320567238732,0.03678119027028237
95,0.052779867643395484,0.03619530331517157
96,0.05179341576784502,0.03562009022670809
97,0.05083298343899312,0.035055319185498146
98,0.04989773549616405,0.03450076450276768
99,0.04898686696452259,0.033956206426647095
100,0.04809960185045625,0.03342143095525646
101,0.04723519198989656,0.03289622965646788
102,0.04639291594703554,0.03238039949469368
103,0.04557207796096918,0.03187374266379556
104,0.04477200693803063,0.03137606642463647
105,0.04399205548761831,0.030887182944356273
106,0.04323159899961304,0.030406909169987617
107,0.04249003476071067,0.02993506664893586
108,0.041766781109091156,0.029471481411055434
109,0.04106127662466985,0.02901598382969245
110,0.040372979353468175,0.02856840848864578
111,0.03970136606471275,0.028128594065621848
112,0.03904593153891067,0.02769638319791068
113,0.03840618788579864,0.027271622374134108
114,0.03778166389049176,0.026854161818919697
115,0.03717190438672002,0.02644385538384797
116,0.036576469655854815,0.02604056044214509
117,0.03599493485059124,0.0256441377864714
118,0.035426889442183196,0.025254451530850264
119,0.034871936690160865,0.02487136901530007
120,0.03432969313353862,0.02449476071397727
121,0.03379978810255402,0.02412450014624673
122,0.03328186325004001,0.02376046379080443
123,0.03277557210155635,0.023402531002354343
124,0.03228057962347286,0.023050583931614244
125,0.03179656180820345,0.022704507446984157
126,0.031323205275855415,0.022364189059872863
127,0.030860206891616393,0.022029518848857788
128,0.030407273398147083,0.021700389399925912
129,0.0299641210622692,0.02137669572256573
130,0.02953047533561648,0.021058335194101163
131,0.02910607052832237,0.02074520749173675
132,0.028690649495421106,0.020437214536705883
133,0.028283963335179685,0.020134260425201778
134,0.02788577109925061,0.0198362513769752
135,0.02749583951374479,0.01954309567632717
136,0.027113942711017636,0.019254703618600988
137,0.0267398619716257,0.018970987457106236
138,0.026373385476073707,0.01869186135195966
139,0.02601430806589633,0.01841724132050271
140,0.025662431013767417,0.018147045186710786
141,0.025317561802222777,0.017881192544057567
142,0.024979513910564854,0.0176196046970426
143,0.02464810660981165,0.017362204624873034
144,0.02432316476520402,0.01713333252809239
145,0.02400451864602804,0.01706437556901401
146,0.023692003742422862,0.016995712015023277
147,0.023385460588949414,0.01692733967497058
148,0.023084734594579714,0.016859256397421682
149,0.02278967587892211,0.016791460073980927
150,0.02250013911441595,0.016723948637283555
151,0.02221598337419728,0.01665672005984893
152,0.021937071985655088,0.016589772352402034
153,0.021663272388756205,0.016523103563308102
154,0.02139445600002432,0.01645671177870242
155,0.021130498081233462,0.01639063115771783
156,0.02087127761266494,0.016325000025447428
157,0.020616677170948172,0.01625963858876612
158,0.02036658281123671,0.016194545069082175
159,0.020120883953538282,0.016129717720085153
160,0.019879473273081594,0.01606515482677
161,0.01964224659451297,0.0160008547046704
162,0.019409102789816224,0.015936815698251644
163,0.019179943679817235,0.015873036183264216
164,0.0189546739390849,0.015809514561500346
165,0.018733201004183186,0.015746249262633516
166,0.01851543498507624,0.01568323874324857
167,0.018301288579610997,0.015620481485874776
168,0.018090676990937027,0.015557975998368471
169,0.017883517847784525,0.015495720813278274
170,0.017679731127452136,0.015433714486597461
171,0.01747923908147353,0.015371955597121277
172,0.017281966163734452,0.015310442751505749
173,0.017087838961115764,0.015249174572415213
174,0.01689678612648038,0.015188149706395655
175,0.016708738313900184,0.015127366821001537
176,0.01652362811607766,0.015066824604299025
177,0.016341390003885792,0.015006521764310216
178,0.01616196026792238,0.014946457028572939
179,0.015985276962037,0.014886629143272542
180,0.015811279848740867,0.014827036873771097
181,0.015639910346422425,0.014767679002699978
182,0.015471111478336574,0.014708554330526888
183,0.015304827823290346,0.014649661674692975
184,0.01514100546793351,0.014590999869325317
185,0.014979591960640803,0.014532567764758907
186,0.014820536266929807,0.014474364227087361
187,0.014663788726300808,0.014416388137847937
188,0.0145093010105386,0.014358638393496909
189,0.014357026083328783,0.014301113905186617
190,0.01420691816124009,0.014243813598256294
191,0.014058932675948377,0.014186736411937916
192,0.013913026237677428,0.014129881298970907
193,0.013769156599867216,0.014073247225347535
194,0.013627282624931958,0.014016833169842494
195,0.013487364251158596,0.013960638123783889
196,0.013349362460655101,0.0139046610906528
197,0.01321323924833262,0.013848901085983377
198,0.013078957591887708,0.013793357136652135
199,0.012946481422719813,0.013738028281199166
200,0.012815775597825763,0.013682913568938485
201,0.012686805872498041,0.01362801206018167
202,0.012559538874020504,0.013573322821559833
203,0.01243394207608084,0.013518844940192353
204,0.012309983774035693,0.013464577505796535
205,0.012187633060966263,0.013410519617799464
206,0.012066859804495067,0.013356670386096402
207,0.0119476346243097,0.01330302892997861
208,0.011829928870387363,0.013249594377756812
209,0.011713714601924607,0.013196365866543838
210,0.01159896456690479,0.013143342541972039
211,0.011485652182316564,0.013090523558236023
212,0.011373751514972774,0.013037908077541002
213,0.011263237262945758,0.012985495270088538
214,0.011154084737552417,0.01293328431385151
215,0.011046269845916612,0.012881274394454734
216,0.010939769074075123,0.012829464704824586
217,0.010834559470564997,0.012777854445266027
218,0.010730618630565125,0.012726442823009845
219,0.010627924680492562,0.012675229052184926
220,0.01052645626308557,0.01262421235371905
221,0.010426192522929867,0.012573391955047176
222,0.010327113092436058,0.012522767090006992
223,0.010229198078246071,0.012472336998668856
224,0.010132428048038378,0.01242210092731106
225,0.01003678401775332,0.012372058128069501
226,0.009942247439193252,0.01232220785895755
227,0.009848800187988616,0.012272549383674388
228,0.009756424551951248,0.012223081971457266
229,0.009665103219759885,0.012173804896975927
230,0.009574819269984935,0.012124717440227726
231,0.009485556160459652,0.01207581888637247
232,0.009397297717940845,0.012027108525632123
233,0.009310028128116876,0.011978585653194963
234,0.009223731925869671,0.011930249569139514
235,0.00913839398587779,0.011882099578106625
236,0.009053999513430888,0.011834134989552433
237,0.008970534035588784,0.011786355117283837
238,0.008887983392551924,0.011738759279472682
239,0.008806333729310722,0.01169134679897084
240,0.00872557148754538,0.011644117002505477
241,0.008645683397726422,0.011597069221514586
242,0.008566656471502121,0.01155020279077867
243,0.008488477994271548,0.011503517046873808
244,0.008411135517977009,0.011457011337476754
245,0.00833461685411585,0.011410685006900331
246,0.008258910066971659,0.011364537405543922
247,0.008184003467010648,0.011318567887456162
248,0.008109885604498324,0.011272775810227526
249,0.008036545263273354,0.011227160534960891
250,0.00796397145473371,0.0111817214261637
251,0.007892153411967584,0.01113645785169003
252,0.007821080584073492,0.011091369182677741
253,0.007750742630630469,0.011046454793445102
254,0.007681129416337917,0.011001714061565745
255,0.00761223100579933,0.01095714636760695
256,0.007544037658471225,0.010912751095106536
257,0.007476539823731976,0.010868527630802847
258,0.007409728136113181,0.010824475363985026
259,0.007343593410659821,0.010780593687282118
260,0.007278126638418314,0.010736881995903603
261,0.007213318982048023,0.010693339687675909
262,0.00714916177158198,0.010649966163246025
263,0.007085646500268439,0.010606760825880211
264,0.007022764820574956,0.010563723081554795
265,0.00696050854025998,0.01052085233871198
266,0.0068988696185838805,0.010478148008334465
267,0.0068378401626203456,0.010435609503892641
268,0.006777412423668139,0.010393236241282414
269,0.006717578793754342,0.010351027638790016
270,0.006658331802258388,0.010308983117064852
271,0.006599664112607151,0.010267102099062023
272,0.006541568519074836,0.010225384010012495
273,0.006484037943660148,0.01018382827738951
274,0.006427065433065593,0.010142434330870913
275,0.006370644155741623,0.01010120160230478
276,0.006314767399034693,0.010060129525621672
277,0.006259428566386838,0.010019217537040104
278,0.006204621174634717,0.009978465074655715
279,0.0061503388513726165,0.009937871578695846
280,0.006096575332382059,0.009897436491392773
281,0.006043324459150234,0.009857159256957258
282,0.005990580176431948,0.009817039321564622
283,0.005938336529891508,0.009777076133302507
284,0.005886587663813891,0.00973726914223997
285,0.00583532781885765,0.009697617800280927
286,0.005784551329893084,0.009658121561169006
287,0.005734252623875946,0.009618779880501332
288,0.0056844262177930815,0.009579592215695407
289,0.0056350667166622515,0.0095405580259477
290,0.005586168811565706,0.009501676772225576
291,0.005537727277773463,0.009462947917257634
292,0.005489736972879911,0.00942437092506316
293,0.005442192835011461,0.009385945261555114
294,0.00539508988106796,0.009347670396360905
295,0.005348423205017383,0.009309545797907645
296,0.0053021879762376045,0.00927157093736877
297,0.005256379437904357,0.009233745287586408
298,0.0052109929054120485,0.009196068322995653
299,0.005166023764837213,0.009158539519650108
300,0.005121467471448149,0.009121158355189826
301,0.005077319548251857,0.00908392430884845
302,0.005033575584568517,0.009046836861405356
303,0.004990231234661913,0.009009895495191603
304,0.0049472822163831864,0.008973099694053983
305,0.00490472430987321,0.008936448943455605
306,0.0048625533562640655,0.008899942729804947
307,0.0048207652564649095,0.008863580542431006
308,0.004779355969917631,0.008827361870766954
309,0.004738321513440447,0.0087912862061344
310,0.004697657960065271,0.008755353041470952
311,0.004657361437908847,0.00871956187101848
312,0.004617428129094492,0.008683912190217094
313,0.004577854268660531,0.008648403496836519
314,0.0045386361435522105,0.008613035289181645
315,0.004499770091578981,0.008577807067258494
316,0.004461252500437496,0.008542718332515051
317,0.004423079806751495,0.008507768587777905
318,0.0043852484951187876,0.008472957337251261
319,0.004347755097205308,0.008438284086566886
320,0.004310596190846283,0.008403748342697512
321,0.004273768399164268,0.008369349614010233
322,0.0042372683897413665,0.008335087410216834
323,0.004201092873757695,0.008300961242395391
324,0.004165238605202681,0.008266970622973525
325,0.00412970238007393,0.008233115065740631
326,0.004094481035617825,0.00819939408577609
327,0.004059571449554156,0.008165807193926254
328,0.004024970539382444,0.008132353916124244
329,0.00399067526159147,0.008099033770979092
330,0.003956682611008233,0.00806584627783519
331,0.003922989620115835,0.008032790957430137
332,0.0038895933583775744,0.00799986733278809
333,0.003856490931581469,0.007967074928263602
334,0.003823679481209652,0.007934413269492926
335,0.003791156183804212,0.007901881883397927
336,0.003758918250366783,0.007869480298207988
337,0.0037269629257696835,0.007837208043429685
338,0.0036952874881688302,0.0078050646498615504
339,0.0036638892484335273,0.007773049649573916
340,0.003632765549607342,0.007741162575927031
341,0.0036019137663494405,0.0077094029635447064
342,0.003571331304415004,0.007677770348325404
343,0.003541015600139197,0.007646264267379396
344,0.0035109641199335684,0.007614884259218323
345,0.0034811743597842337,0.007583629863535092
346,0.0034516438447722564,0.00755250062126148
347,0.0034223701286055785,0.007521496074610997
348,0.003393350793155392,0.007490615767045787
349,0.0033645834480022785,0.007459859243284021
350,0.003336065729994786,0.007429226049296918
351,0.003307795302823102,0.007398715732295672
352,0.0032797698565900646,0.007368327840760278
353,0.003251987107399046,0.00733806192439352
354,0.0032244447969560497,0.007307917534150041
355,0.003197140692162037,0.007277894222221297
356,0.0031700725847407796,0.007247991542040356
357,0.0031432382908418433,0.007218209048226527
358,0.0031166356506853177,0.007188546296796217
359,0.0030902625281932217,0.007159002844837635
360,0.0030641168106324557,0.007129578250726663
361,0.0030381964082648594,0.007100272074072874
362,0.0030124992540132567,0.0070710838757113426
363,0.002987023303119507,0.0070420132177193215
364,0.002961766532828314,0.00701305966338928
365,0.002936726942051493,0.006984222777245808
366,0.002911902551073986,0.006955502125039533
367,0.0028872914012234574,0.0069268972737465025
368,0.0028628915545887423,0.0068984077915739545
369,0.0028387010937214185,0.0068700332479191065
370,0.0028147181213329375,0.006841773212684414
371,0.002790940760028171,0.00681362725926872
372,0.002767367152015865,0.006785594959973017
373,0.002743995458838633,0.006757675889122655
374,0.002720823861113608,0.006729869622232737
375,0.002697850558262438,0.006702175736040702
376,0.002675073768259928,0.006674593808503285
377,0.0026524917273711424,0.006647123418802484
378,0.0026301026899213653,0.006619764147313356
379,0.002607904928042082,0.006592515575637944
380,0.0025858967314338344,0.006565377286647342
381,0.0025640764071370725,0.006538348864333014
382,0.002542442279301227,0.006511429893963687
383,0.0025209926889688816,0.006484619961953146
384,0.0024997259938270844,0.006457918655978508
385,0.0024786405680297108,0.006431325564908542
386,0.0024577348019585443,0.006404840278857911
387,0.00243700710202166,0.006378462388967172
388,0.0024164558904571365,0.0063521914879762255
389,0.002396079605110124,0.006326027169542944
390,0.0023758766992614255,0.0062999690285405995
391,0.0023558456414232154,0.00627401666082323
392,0.0023359849151365353,0.006248169664087609
393,0.00231629301880254,0.006222427636944271
394,0.0022967684654906506,0.006196790178958477
395,0.0022774097827547024,0.0061712568910707935
396,0.0022582155124606373,0.006145827375428608
397,0.0022391842106133097,0.006120501235378165
398,0.0022203144471779623,0.006095278075467097
399,0.0022016048059159132,0.006070157501444684
400,0.002183053884225572,0.006045139120250443
401,0.002164660292960363,0.006020222540051277
402,0.0021464226562928346,0.005995407370184523
403,0.0021283396115370223,0.005970693221194555
404,0.00211040980900723,0.005946079704822596
405,0.0020926319118563796,0.0059215664340064
406,0.0020750045959330166,0.00589715302288037
407,0.0020575265496294293,0.005872839086765849
408,0.0020401964737333245,0.005848624242193793
409,0.002023013081299041,0.005824508106869068
410,0.002005975097489454,0.005800490299695506
411,0.001989081259449854,0.005776570440778801
412,0.001972330316165838,0.00575274815141983
413,0.0019557210283336346,0.005729023054083526
414,0.0019392521682286556,0.005705394772435819
415,0.0019229225195651622,0.005681862931331268
416,0.0019067308773834668,0.005658427156809365
417,0.0018906760479131535,0.005635087075962778
418,0.001874756848458503,0.0056118423174685746
419,0.0018589721072643783,0.0055886925107908325
420,0.0018433206634069776,0.005565637286705446
421,0.0018278013666721549,0.00554267627716264
422,0.0018124130774319624,0.005519809115317041
423,0.0017971546665389582,0.005497035435481867
424,0.0017820250152142947,0.005474354873157387
425,0.0017670230149215982,0.00545176706501585
426,0.001752147567275486,0.0054292716489105705
427,0.00173739758391811,0.005406868263866008
428,0.0017227719864214563,0.005384556550082853
429,0.0017082697061816532,0.005362336148933854
430,0.001693889684304395,0.005340206702962584
431,0.0016796308715205654,0.005318167855868444
432,0.0016654922280716633,0.005296219252556168
433,0.0016514727236112137,0.00527436053941286
434,0.0016375713371203915,0.00525259136297284
435,0.0016237870567872292,0.005230911371960759
436,0.0016101188799257926,0.005209320215158023
437,0.0015965658128909155,0.005187817541030797
438,0.0015831268709662893,0.005166403008228241
439,0.0015698010782809746,0.005145076266004578
440,0.0015565874677196945,0.005123836968610539
441,0.0015434850808393463,0.00510268477126603
442,0.0015304929677686374,0.005081619330531816
443,0.001517610187133478,0.005060640304060438
444,0.0015048358059601696,0.0050397473506552486
445,0.0014921688995990223,0.005018940130274461
446,0.001479608551639977,0.004998218304021345
447,0.0014671538538246764,0.00497758153414778
448,0.001454803905973634,0.004957029484046159
449,0.0014425578158903107,0.004936561818268258
450,0.001430414699303384,0.004916178202494445
451,0.0014183736797752644,0.004895878303554053
452,0.0014064338886221606,0.004875661789409454
453,0.0013945944648430242,0.0048555283291643984
454,0.0013828545550493843,0.004835477593056751
455,0.0013712133133836346,0.004815509252460368
456,0.001359669901439986,0.004795622979880343
457,0.0013482234882022937,0.004775818448952664
458,0.0013368732499765557,0.004756095334442337
459,0.0013256183703003188,0.004736453312241443
460,0.001314458039889388,0.004716892059367227
461,0.0013033914565676596,0.004697411253960355
462,0.001292417825189851,0.0046780105752825575
463,0.0012815363575775507,0.004658689703715517
464,0.0012707462724570462,0.0046394483207585005
465,0.0012600467953927108,0.004620286109010455
466,0.0012494371587123965,0.004601202752157793
467,0.001238916601454143,0.004582197934830553
468,0.0012284843692977887,0.004563271343197787
469,0.0012181397145045736,0.0045444226647608915
470,0.0012078818958407567,0.004525651587285098
471,0.0011977101785438649,0.004506957800027522
472,0.0011876238342356515,0.004488340993397486
473,0.0011776221408759113,0.004469800858829198
474,0.001167704382697643,0.0044513370889132445
475,0.0011578698501555351,0.00443294937729927
476,0.001148117839854912,0.004414637418744052
477,0.001138447654506436,0.00439640090909349
478,0.001128858602859495,0.004378239545283366
479,0.0011193499996569045,0.004360153025336235
480,0.0011099211655718477,0.004342141048360105
481,0.0011005714271563605,0.004324203314481256
482,0.001091300116778271,0.004306339525095553
483,0.0010821065725803436,0.004288549382488471
484,0.0010729901384198826,0.004270832590083255
485,0.0010639501638145532,0.0042531888523783465
486,0.0010549860038997494,0.004235617874941599
487,0.0010460970193602037,0.004218119364410654
488,0.0010372825763997895,0.004200693028480262
489,0.001028542046673131,0.004183338575938545
490,0.0010198748072474118,0.004166055716606179
491,0.0010112802405473076,0.0041488441613732815
492,0.0010027577343061367,0.004131703622187986
493,0.0009943066815250035,0.004114633812052109
494,0.0009859264804115142,0.0040976344450210644
495,0.0009776165343451382,0.004080705236116148
496,0.0009693762518230287,0.004063845901648214
497,0.000961205046420055,0.004047056158752789
498,0.0009531023367301827,0.004030335725657745
499,0.0009450675463424929,0.0040136843216467336
500,0.0009371001037727922,0.003997101667037758
501,0.0009291994424360794,0.003980587483188355
502,0.000921365000593255,0.003964141492486192
503,0.0009135962213164817,0.003947763418348758
504,0.0009058925524314532,0.003931452985223367
505,0.0008982534464960779,0.003915209918580038
506,0.0008906783607338653,0.0038990339449191565
507,0.0008831667570108337,0.0038829247917536863
508,0.00087571810178666,0.0038668821876175
509,0.0008683318660738237,0.003850905862059644
510,0.0008610075254003036,0.0038349955456424417
511,0.0008537445597607274,0.0038191509699351915
512,0.0008465424535923916,0.003803371867523376
513,0.0008394006957175293,0.0037876579719877644
514,0.0008323187793175535,0.0037720090179201547
515,0.0008252962018922005,0.003756424740924375
516,0.0008183324652168977,0.0037409048775446027
517,0.0008114270753027952,0.0037254491629354104
518,0.0008045795423710089,0.0037100573405549273
519,0.000797789380805547,0.0036947291475442276
520,0.0007910561091168944,0.0036794643244282867
521,0.000784379249910927,0.0036642626127402697
522,0.0007777583298453905,0.0036491237549964896
523,0.0007711928796076961,0.003634047494689232
524,0.0007646824338580771,0.0036190335762865296
525,0.0007582265312233716,0.0036040817452311046
526,0.0007518247142295209,0.0035891917479356945
527,0.0007454765292962406,0.003574363331767888
528,0.0007391815266837298,0.0035595962450646404
529,0.0007329392604704665,0.003544890237136576
530,0.0007267492885123517,0.003530245058330793
531,0.0007206111724125108,0.0035156604598169314
532,0.0007145244774910964,0.0035011361937756676
533,0.0007084887727453193,0.0034866720133395375
534,0.0007025036308307975,0.0034722676725926806
535,0.0006965686280135941,0.0034579229265621243
536,0.0006906833441497895,0.0034436375312208237
537,0.0006848473626508422,0.0034294112434815477
538,0.0006790602704525028,0.0034152438211958146
539,0.0006733216579881685,0.0034011350231504638
540,0.0006676311191426976,0.003387084609065151
541,0.0006619882512506337,0.003373092339590069
542,0.0006563926550393617,0.003359157976301475
543,0.0006508439346157857,0.003345281281700991
544,0.0006453416974281367,0.0033314620192115285
545,0.000639885554240216,0.0033176999531752543
546,0.000634475119108302,0.0033039948488507477
547,0.0006291100093438473,0.0032903464724091495
548,0.0006237898454894975,0.003276754590929222
549,0.000618514251288893,0.0032632189724062267
550,0.0006132828536618007,0.0032497393857319062
551,0.0006080952826792441,0.003236315600707796
552,0.0006029511715288649,0.003222947388031472
553,0.0005978501564927186,0.003209634519294364
554,0.0005927918769188523,0.0031963767668946284
555,0.0005877759751999889,0.003183173904390938
556,0.0005828020967379999,0.0031700257059609042
557,0.0005778698899243651,0.0031569319467575074
558,0.0005729790061161921,0.0031438924028171396
559,0.0005681290996060184,0.0031309068510495634
560,0.0005633198275951656,0.003117975069257567
561,0.0005585508501821934,0.003105096836098449
562,0.000553821830315826,0.0030922719311247023
563,0.0005491324337869585,0.003079500134740294
564,0.0005444823292002354,0.0030667812282184487
565,0.0005398711879509577,0.0030541149936967812
566,0.0005352986841975493,0.0030415012141731465
567,0.0005307644948411294,0.003028939673503886
568,0.0005262682994979784,0.003016430156399543
569,0.000521809780484439,0.003003972448424378
570,0.0005173886227858304,0.002991566335990025
571,0.000513004514033355,0.0029792116063523007
572,0.0005086571444916643,0.0029669080476217267
573,0.0005043462070206672,0.0029546554487400387
574,0.0005000713970693127,0.00294245359948846
575,0.0004958324126373981,0.002930302290485777
576,0.000491628954274681,0.00291820131299534
577,0.0004874607250364704,0.0029061504596703536
578,0.000483327430475633,0.002894149523376934
579,0.0004792287786203886,0.002882198298158691
580,0.00047516447994855326,0.0028702965787132904
581,0.0004711342473688873,0.002858444160613413
582,0.00046713779620244367,0.0028466408402481463
583,0.0004631748441621397,0.0028348864148188234
584,0.00045924511132433565,0.002823180682338354
585,0.00045534832011995263,0.0028115234416272138
586,0.000451484195310492,0.002799914492310849
587,0.00044765246396050173,0.0027883536348072627
588,0.00044385285542958286,0.0027768406703616404
589,0.0004400851013492968,0.0027653754009897037
590,0.00043634893559740817,0.0027539576295083877
591,0.0004326440942872267,0.002742587159527972
592,0.0004289703157445146,0.002731263795430771
593,0.0004253273404879465,0.002719987342430022
594,0.00042171491121578697,0.0027087576064779052
595,0.00041813277277658045,0.00269757439432107
596,0.00041458067216648686,0.0026864375134845325
597,0.0004110583584937544,0.002675346772267214
598,0.00040756558297960765,0.002664301979741754
599,0.0004041020989156152,0.002653302945748618
600,0.0004006676616770122,0.0026423494808951696
601,0.0003972620286791795,0.0026314413965605812
602,0.0003938849593660976,0.0026205785048644056
603,0.00039053621520857007,0.002609760618708868
604,0.0003872155596713611,0.0025989875513053352
605,0.0003839227581901028,0.002588259117706323
606,0.0003806575781784005,0.002577575133061033
607,0.00037741978899319406,0.0025669354130530876
608,0.00037420916191699405,0.0025563397743269267
609,0.00037102547015610554,0.0025457880342696047
610,0.0003678684888139827,0.0025352800110083097
611,0.00036473799486547165,0.0025248155234070084
612,0.00036163376717013307,0.002514394391060888
613,0.0003585555864225043,0.002504016434308337
614,0.0003555032351654219,0.0024936814742048258
615,0.0003524764977482775,0.0024833893325366604
616,0.00034947516033856374,0.002473139831815588
617,0.0003464990108854593,0.0024629327952700904
618,0.00034354783910917064,0.0024527680468562005
619,0.0003406214364938265,0.0024426454112312646
620,0.0003377195962732671,0.0024325647137788987
621,0.0003348421133972934,0.002422525780590934
622,0.00033198878453877256,0.002412528438463301
623,0.0003291594080740978,0.002402572514901148
624,0.0003263537840600961,0.00239265783811117
625,0.00032357171422603415,0.0023827842370007755
626,0.00032081300196473705,0.002372951541174985
627,0.00031807745230150175,0.002363159580933808
628,0.0003153648719020907,0.00235340818727086
629,0.0003126750690487512,0.0023436971918681486
630,0.00031000785361356975,0.002334026427087809
631,0.00030736303707534773,0.0023243957260019113
632,0.0003047404324725278,0.0023148049223314544
633,0.00030213985441740476,0.00230525385050959
634,0.00029956111906415117,0.002295742345620466
635,0.0002970040441132582,0.0022862702434356917
636,0.000294468448773344,0.002276837380399705
637,0.0002919541537789172,0.0022674435936204523
638,0.0002894609813495208,0.002258088720876336
639,0.00028698875520039024,0.0022487726006100925
640,0.00028453730050781445,0.0022394950719262265
641,0.00028210644392245854,0.002230255974589219
642,0.00027969601353028395,0.0022210551490209306
643,0.0002773058388596539,0.0022118924362973767
644,0.0002749357508635697,0.0022027676781465055
645,0.0002725855819019074,0.0021936807169462835
646,0.00027025516573520036,0.0021846313957217117
647,0.00026794433751842206,0.0021756195581425046
648,0.0002656529337752289,0.0021666450484158634
649,0.0002633807923979603,0.002157707711703233
650,0.0002611277526334277,0.0021488073934879774
651,0.00025889365506515105,0.0021399439399948615
652,0.00025667834161513525,0.0021311171980800993
653,0.00025448165551811286,0.002122327015229783
654,0.0002523034413188796,0.002113573239558096
655,0.0002501435448634126,0.0021048557198041842
656,0.000248001813281995,0.002096174305329594
657,0.00024587809497766955,0.0020875288461172647
658,0.0002437722396271269,0.002078919192767325
659,0.0002416840981469548,0.0020703451964953837
660,0.00023961352271317793,0.0020618067091304794
661,0.00023756036672661907,0.002053303583113092
662,0.00023552448481378718,0.002044835671490955
663,0.00023350573281266662,0.0020364028279191426
664,0.00023150396776472348,0.002028004906655452
665,0.00022951904790424749,0.002019641762559466
666,0.00022755083264947018,0.0020113132510904616
667,0.00022559918258924228,0.0020030192283026875
668,0.00022366395947504003,0.001994759550846825
669,0.00022174502621297165,0.001986534075964514
670,0.00021984224684867826,0.001978342661487536
671,0.00021795548657266295,0.001970185165834283
672,0.00021608461168654003,0.001962061448009849
673,0.0002142294896119168,0.001953971367600199
674,0.0002123899888788472,0.0019459147847737251
675,0.0002105659791071801,0.0019378915602759235
676,0.00020875733101632932,0.0019299015554286383
677,0.00020696391638530542,0.0019219446321269741
678,0.00020518560808024944,0.0019140206528386848
679,0.00020342228001624107,0.0019061294805998476
680,0.00020167380716085148,0.0018982709790131315
681,0.00019994006552970234,0.0018904450122476102
682,0.0001982209321642614,0.0018826514450323018
683,0.00019651628513805974,0.0018748901426587257
684,0.00019482600353359913,0.0018671609709760423
685,0.00019314996744856927,0.001859463796387805
686,0.00019148805797719604,0.0018517984858530123
687,0.00018984015720491243,0.0018441649068810344
688,0.00018820614819592407,0.0018365629275292443
689,0.0001865859149976501,0.0018289924164068966
690,0.00018497934261230142,0.001821453242659251
691,0.00018338631701464436,0.0018139452759876676
692,0.0001818067251146971,0.0018064683866219344
693,0.00018024045477904593,0.0017990224453343188
694,0.00017868739479887097,0.0017916073234353694
695,0.0001771474348943869,0.001784222892766897
696,0.00017562046570418488,0.0017768690257038665
697,0.00017410637878079172,0.0017695455951504992
698,0.00017260506658267616,0.0017622524745315449
699,0.00017111642245293268,0.0017549895378207066
700,0.00016964034063260414,0.001747756659491683
701,0.00016817671624913544,0.001740553714544138
702,0.0001667254452861755,0.001733380578489787
703,0.00016528642460844623,0.001726237127397865
704,0.00016385955193864987,0.001719123237806465
705,0.00016244472584414638,0.0017120387867831377
706,0.00016104184574228242,0.001704983651880588
707,0.0001596508118888451,0.0016979577112380753
708,0.00015827152536651568,0.0016909608434239817
709,0.0001569038880901985,0.0016839929275374727
710,0.00015554780277593494,0.0016770538431804954
711,0.00015420317296843677,0.001670143470455819
712,0.00015286990300378278,0.0016632616899654382
713,0.00015154789802007684,0.001656408382806774
714,0.00015023706394057257,0.0016495834305735937
715,0.00014893730747900236,0.0016427867153512715
716,0.0001476485361191493,0.0016360181197165487
717,0.0001463706581175117,0.0016292775267337418
718,0.00014510358249797406,0.0016225648199556
719,0.0001438472190384843,0.0016158798834182697
720,0.00014260147826750114,0.0016092226016417993
721,0.00014136627145866498,0.0016025928596258426
722,0.00014014151062990976,0.0015959905428499684
723,0.00013892710852569934,0.0015894155372703361
724,0.00013772297861525118,0.0015828677293081989
725,0.00013652903509875358,0.0015763470058876641
726,0.00013534519287894398,0.0015698532543644908
727,0.00013417136757354342,0.0015633863626027464
728,0.0001330074754983812,0.0015569462189041414
729,0.00013185343367272395,0.0015505327120469252
730,0.00013070915980240017,0.001544145731262412
731,0.00012957457227713576,0.0015377851662705978
732,0.00012844959016788948,0.0015314509072256906
733,0.00012733413321974751,0.001525142844746613
734,0.00012622812184304166,0.0015188608699104045
735,0.00012513147711334938,0.0015126048742464676
736,0.00012404412076616467,0.001506374749737461
737,0.00012296597518357544,0.0015001703888160162
738,0.0001218969633933753,0.0014939916843636214
739,0.00012083700906639905,0.0014878385297080604
740,0.00011978603650675268,0.0014817118291450063
741,0.00011874397065358977,0.0014756253102533173
742,0.00011771073706512425,0.0014695639195023945
743,0.00011668626192218312,0.0014635275523312563
744,0.00011567047202198921,0.0014575161046422903
745,0.00011466329476306214,0.0014515294728536833
746,0.00011366465815587645,0.0014455675537101177
747,0.00011267449080865077,0.0014396302444304454
748,0.00011169272192201873,0.0014337174426232273
749,0.00011071928128814079,0.0014278290464465916
750,0.00010975409927738156,0.0014219649543249953
751,0.00010879710684807975,0.0014161250652687356
752,0.00010784823552878464,0.0014103092785915025
753,0.00010690741741736787,0.001404517494068648
754,0.00010597458518013525,0.0013987496118892905
755,0.00010504967203850413,0.0013930055326806697
756,0.00010413261177433242,0.0013872851574663891
757,0.00010322333871570777,0.0013815883876917012
758,0.00010232178774494116,0.0013759151252150902
759,0.00010142789427991517,0.0013702652723053925
760,0.00010054159427674847,0.001364638731642654
761,9.966282422446682e-5,0.0013590354063143448
762,9.879152114322665e-5,0.0013534551998132319
763,9.792762257454513e-5,0.001347898016037196
764,9.70710665795238e-5,0.0013423637592874758
765,9.622179174328949e-5,0.0013368523342660345
766,9.537973714301984e-5,0.001331363646073943
767,9.454484238169414e-5,0.0013258976002099333
768,9.371704755789523e-5,0.001320454102570437
769,9.289629326314497e-5,0.0013150330594441303
770,9.208252059256239e-5,0.0013096343775146797
771,9.127567112710011e-5,0.001304257963854874
772,9.0475686931768e-5,0.001298903725928776
773,8.968251056007404e-5,0.0012935715715876213
774,8.889608503714896e-5,0.0012882614090687014
775,8.811635386241079e-5,0.0012829731469939931
776,8.734326100867662e-5,0.0012777066943691767
777,8.657675091416905e-5,0.0012724619605809714
778,8.581676848073982e-5,0.0012672388553957546
779,8.506325906409984e-5,0.0012620372889586388
780,8.431616847737189e-5,0.001256857171790679
781,8.357544298842612e-5,0.0012516984147886885
782,8.284102930478099e-5,0.0012465609292226613
783,8.211287458159688e-5,0.001241444626733347
784,8.139092641457069e-5,0.0012363494193359803
785,8.067513283194216e-5,0.0012312752194106116
786,7.996544229715852e-5,0.0012262219397052472
787,7.92618037035453e-5,0.0012211894933348844
788,7.856416636897734e-5,0.0012161777937774627
789,7.78724800261088e-5,0.001211186754874305
790,7.718669483924856e-5,0.0012062162908275317
791,7.650676137149759e-5,0.001201266316199677
792,7.583263061228251e-5,0.001196336745857965
793,7.51642539524866e-5,0.0011914274951837292
794,7.450158318089706e-5,0.0011865384797557638
795,7.384457050019222e-5,0.0011816696155607272
796,7.319316849940805e-5,0.001176820818935758
797,7.25473301708135e-5,0.0011719920065653804
798,7.190700889214696e-5,0.0011671830954924148
799,7.127215843194534e-5,0.001162394003102099
800,7.064273294066226e-5,0.0011576246471222233
801,7.001868695333258e-5,0.0011528749456300655
802,6.939997537891429e-5,0.0011481448170452269
803,6.878655351183482e-5,0.001143434180128737
804,6.817837700534568e-5,0.0011387429539821588
805,6.757540188662148e-5,0.001134071058046332
806,6.697758455143088e-5,0.0011294184120996219
807,6.638488176058388e-5,0.001124784936256864
808,6.579725062660913e-5,0.001120170550966821
809,6.521464862441206e-5,0.0011155751770118814
810,6.463703357795225e-5,0.0011109987355070565
811,6.406436367090151e-5,0.0011064411478967986
812,6.349659742799219e-5,0.0011019023359557858
813,6.293369371856983e-5,0.0010973822217816565
814,6.237561175925777e-5,0.001092880727810313
815,6.182231110063441e-5,0.0010883977767917608
816,6.127375163611504e-5,0.0010839332918016684
817,6.0729893583300054e-5,0.0010794871962404584
818,6.0190697500850376e-5,0.0010750594138262543
819,5.965612427161204e-5,0.0010706498686008162
820,5.912613510261622e-5,0.0010662584849207499
821,5.86006915286319e-5,0.0010618851874609446
822,5.807975539706689e-5,0.001057529901211364
823,5.7563288875961405e-5,0.0010531925514758213
824,5.7051254447770816e-5,0.0010488730638722361
825,5.654361491558291e-5,0.0010445713643289847
826,5.604033338180159e-5,0.001040287379084421
827,5.5541373255252324e-5,0.0010360210346868244
828,5.504669825384667e-5,0.0010317722579913854
829,5.455627240014138e-5,0.001027540976160101
830,5.4070060010680265e-5,0.0010233271166594643
831,5.3588025699546904e-5,0.0010191306072595517
832,5.311013437925283e-5,0.001014951376033548
833,5.263635125007937e-5,0.0010107893513556683
834,5.216664180185404e-5,0.0010066444617999673
835,5.1700971818391395e-5,0.0010025166364300807
836,5.1239307362394015e-5,0.0009984058046341518
837,5.078161477456433e-5,0.000994311895868627
838,5.032786068959183e-5,0.0009902348399930538
839,4.987801200329045e-5,0.0009861745671634892
840,4.943203590190848e-5,0.0009821310078266775
841,4.898989983370683e-5,0.0009781040927203631
842,4.855157152494627e-5,0.000974093752866164
843,4.811701897011744e-5,0.0009700999195932196
844,4.768621042483545e-5,0.000966122524499121
845,4.72591144120571e-5,0.0009621614994742775
846,4.683569971764001e-5,0.0009582167766940125
847,4.6415935387678076e-5,0.0009542882886178425
848,4.5999790723172396e-5,0.0009503759679864721
849,4.558723528536035e-5,0.000946479747824195
850,4.5178238884169275e-5,0.0009425995614341029
851,4.4772771583545534e-5,0.0009387353423984633
852,4.4370803693460914e-5,0.0009348870245778421
853,4.397230577701805e-5,0.0009310545421094621
854,4.3577248636239574e-5,0.0009272378294055035
855,4.3185603320061716e-5,0.0009234368211539258
856,4.279734111811706e-5,0.000919651452313857
857,4.241243355718183e-5,0.0009158816581180812
858,4.2030852402064056e-5,0.0009121273740682403
859,4.16525696556036e-5,0.0009083885359345463
860,4.127755754801399e-5,0.0009046650797651934
861,4.090578854576421e-5,0.0009009569418703713
862,4.053723534180875e-5,0.0008972640588201623
863,4.017187085469942e-5,0.0008935863674573059
864,3.980966824013166e-5,0.0008899238048847465
865,3.945060085897012e-5,0.0008862763084738386
866,3.9094642309223104e-5,0.0008826438158528495
867,3.874176640206173e-5,0.0008790262649099254
868,3.8391947164484463e-5,0.0008754235937976987
869,3.804515884375803e-5,0.0008718357409224116
870,3.770137590652922e-5,0.000868262644952357
871,3.736057302106133e-5,0.0008647042448090246
872,3.702272507410953e-5,0.0008611604796700568
873,3.668780716203912e-5,0.0008576312889673789
874,3.635579458194371e-5,0.0008541166123852521
875,3.6026662845856094e-5,0.0008506163898629564
876,3.570038766298467e-5,0.00084713056158775
877,3.537694494060162e-5,0.0008436590679974237
878,3.505631080269467e-5,0.0008402018497800263
879,3.4738461560657186e-5,0.0008367588478695037
880,3.442337372216997e-5,0.0008333300034477145
881,3.411102399653032e-5,0.0008299152579424006
882,3.38013892839939e-5,0.0008265145530258235
883,3.3494446674886547e-5,0.0008231278306133176
884,3.319017345582154e-5,0.0008197550328637448
885,3.2888547098153254e-5,0.0008163961021771873
886,3.258954526419444e-5,0.0008130509811943958
887,3.229314580099896e-5,0.0008097196127957867
888,3.199932673947359e-5,0.0008064019400996388
889,3.1708066296154414e-5,0.0008030979064628067
890,3.1419342866101374e-5,0.0007998074554778287
891,3.113313502467463e-5,0.0007965305309737651
892,3.084942152842274e-5,0.0007932670770135243
893,3.0568181309753584e-5,0.0007900170378937373
894,3.0289393477822557e-5,0.0007867803581435781
895,3.0013037311427126e-5,0.0007835569825239627
896,2.973909226433591e-5,0.0007803468560259527
897,2.9467537967065027e-5,0.0007771499238712308
898,2.9198354211779076e-5,0.0007739661315082878
899,2.8931520962949264e-5,0.0007707954246156425
900,2.8667018355577056e-5,0.0007676377490979658
901,2.8404826682759676e-5,0.0007644930510833196
902,2.814492640546007e-5,0.0007613612769286314
903,2.788729814806601e-5,0.0007582423732120647
904,2.7631922699278277e-5,0.0007551362867249181
905,2.7378781000564345e-5,0.000752042964510341
906,2.712785416214558e-5,0.0007489623537851459
907,2.6879123441680974e-5,0.0007458944020504038
908,2.6632570259366162e-5,0.0007428390569717801
909,2.6388176191716184e-5,0.0007397962664515666
910,2.614592296179552e-5,0.0007367659786094681
911,2.5905792453428944e-5,0.000733748141781447
912,2.5667766693437954e-5,0.0007307427045187831
913,2.5431827864963452e-5,0.0007277496155873864
914,2.519795829591942e-5,0.0007247688239671243
915,2.4966140465210174e-5,0.0007218002788509405
916,2.473635699562493e-5,0.0007188439296429983
917,2.4508590654725992e-5,0.0007158997259583931
918,2.42828243566251e-5,0.0007129676176228332
919,2.4059041152213467e-5,0.0007100475546715779
920,2.3837224236267218e-5,0.0007071394873466447
921,2.361735695188827e-5,0.0007042433660989951
922,2.3399422765635336e-5,0.0007013591415859464
923,2.3183405297722004e-5,0.0006984867646702732
924,2.296928829093048e-5,0.0006956261864256123
925,2.2757055639921475e-5,0.0006927773581140578
926,2.2546691358371618e-5,0.000689940231174635
927,2.2338179599401542e-5,0.0006871147573655582
928,2.2131504652023182e-5,0.000684300888515111
929,2.1926650927817093e-5,0.0006814985767098873
930,2.172360298047238e-5,0.0006787077742279948
931,2.152234548180587e-5,0.0006759284335472737
932,2.132286323597299e-5,0.0006731605073428786
933,2.1125141171474127e-5,0.0006704039484876842
934,2.092916435270098e-5,0.0006676587100501556
935,2.073491795240301e-5,0.0006649247452947364
936,2.0542387280997332e-5,0.0006622020076812035
937,2.0351557759035188e-5,0.0006594904508618118
938,2.016241494740001e-5,0.0006567900286827237
939,1.9974944510003922e-5,0.0006541006951823573
940,1.9789132235992213e-5,0.0006514224045904606
941,1.9604964038855144e-5,0.0006487551113272677
942,1.9422425936888033e-5,0.000646098770003118
943,1.924150408161296e-5,0.0006434533354164676
944,1.9062184725804343e-5,0.0006408187625557386
945,1.8884454245693405e-5,0.000638195006594594
946,1.8708299128533667e-5,0.0006355820228948553
947,1.8533705973489134e-5,0.000632979767004032
948,1.836066149607518e-5,0.000630388194654271
949,1.818915251572406e-5,0.0006278072617618528
950,1.8019165970883932e-5,0.0006252369244270153
951,1.7850688900367118e-5,0.0006226771389327562
952,1.7683708458449132e-5,0.0006201278617436398
953,1.7518211897105118e-5,0.0006175890495053633
954,1.7354186589102483e-5,0.0006150606590444412
955,1.7191620003131902e-5,0.0006125426473670252
956,1.7030499712689107e-5,0.0006100349716577844
957,1.68708133951867e-5,0.0006075375892798975
958,1.6712548837283236e-5,0.0006050504577741443
959,1.6555693921560533e-5,0.000602573534857008
960,1.6400236632740928e-5,0.0006001067784220313
961,1.6246165059463635e-5,0.0005976501465197147
962,1.609346738451478e-5,0.000595203597427877
963,1.5942131895485545e-5,0.0005927670895445533
964,1.5792146972337662e-5,0.0005903405814563466
965,1.5643501097173385e-5,0.0005879240319314749
966,1.54961828453537e-5,0.0005855173998994719
967,1.5350180889051046e-5,0.0005831206444641239
968,1.520548399280841e-5,0.0005807337248989151
969,1.5062081021532947e-5,0.0005783566006474158
970,1.4919960923620579e-5,0.000575989231321062
971,1.4779112746943213e-5,0.0005736315767000677
972,1.4639525630855132e-5,0.0005712835967311147
973,1.4501188805304821e-5,0.0005689452515280878
974,1.4364091586394068e-5,0.0005666165013694449
975,1.4228223385259753e-5,0.0005642973067005105
976,1.4093573697415707e-5,0.0005619876281289585
977,1.3960132105417244e-5,0.0005596874264282778
978,1.3827888284190237e-5,0.0005573966625336164
979,1.3696831991261149e-5,0.0005551152975427215
980,1.3566953072974286e-5,0.0005528432927157378
981,1.3438241455610012e-5,0.0005505806094728734
982,1.3310687156931067e-5,0.0005483272093949471
983,1.3184280268419002e-5,0.0005460830542224765
984,1.3059010976590457e-5,0.0005438481058492386
985,1.2934869541680882e-5,0.0005416223263441725
986,1.2811846304749963e-5,0.0005394056779171215
987,1.2689931694787049e-5,0.0005371981229402335
988,1.2569116215388476e-5,0.0005349996239426107
989,1.2449390450974818e-5,0.0005328101436079258
990,1.2330745067679061e-5,0.000530629644775571
991,1.2213170805353002e-5,0.0005284580904396964
992,1.2096658484672673e-5,0.0005262954437467923
993,1.1981199000032916e-5,0.0005241416679918932
994,1.1866783326652808e-5,0.0005219967266386245
995,1.1753402511693878e-5,0.0005198605832866347
996,1.1641047678701e-5,0.0005177332016906219
997,1.1529710027602391e-5,0.000515614545757246
998,1.1419380824051473e-5,0.0005135045795420859
999,1.1310051421631329e-5,0.0005114032672502572
1000,1.1201713230768462e-5,0.0005093105732359229
1001,1.109435774360179e-5,0.0005072264619998927
1002,1.0987976521548148e-5,0.0005051508981920617
1003,1.0882561196190466e-5,0.0005030838464729279
1004,1.077810346750141e-5,0.0005010252720546518
1005,1.0674595109172458e-5,0.000498975139889106
1006,1.057202796062029e-5,0.0004969334152087404
1007,1.047039393142768e-5,0.0004949000633900184
1008,1.0369684999567141e-5,0.000492875049953212
1009,1.0269893205183678e-5,0.0004908583405610865
1010,1.0171010663029278e-5,0.0004888499010199804
1011,1.0073029548252066e-5,0.0004868496972770357
1012,9.975942106166258e-6,0.00048485769542151724
1013,9.879740640705847e-6,0.0004828738616821926
1014,9.784417528635458e-6,0.0004808981624296084
1015,9.689965204451312e-6,0.0004789305641721489
1016,9.596376168374832e-6,0.00047697103355819406
1017,9.503642984576288e-6,0.00047501953737396144
1018,9.411758277622084e-6,0.00047307604254400934
1019,9.320714734251112e-6,0.0004711405161284474
1020,9.230505102486575e-6,0.00046921292532644057
1021,9.141122196076878e-6,0.0004672932374708144
1022,9.052558885613848e-6,0.0004653814200318261
1023,8.964808094091836e-6,0.0004634774406128868
1024,8.877862818224003e-6,0.0004615812669528166
1025,8.7917161044615e-6,0.0004596928669234647
1026,8.706361059651613e-6,0.0004578122085312185
1027,8.621790846596866e-6,0.0004559392599131108
1028,8.537998690272275e-6,0.00045407398933983156
1029,8.45497786805538e-6,0.0004522163652131428
1030,8.372721719496212e-6,0.0004503663560654937
1031,8.291223632106437e-6,0.00044852393055987844
1032,8.21047705468203e-6,0.0004466890574896555
1033,8.130475491086031e-6,0.00044486170577628936
1034,8.051212495807647e-6,0.0004430418444714458
1035,7.97268168284404e-6,0.0004412294427571968
1036,7.894876717706723e-6,0.00043942446993455384
1037,7.817791317421552e-6,0.0004376268954405932
1038,7.741419251416914e-6,0.0004358366888361116
1039,7.665754347740972e-6,0.00043405381980798907
1040,7.590790478850806e-6,0.0004322782581636757
1041,7.516521571382384e-6,0.0004305099738507352
1042,7.442941607038733e-6,0.0004287489369266956
1043,7.37004461370816e-6,0.00042699511757711764
1044,7.297824669016961e-6,0.00042524848611153604
1045,7.226275902993962e-6,0.00042350901296248425
1046,7.155392494517798e-6,0.00042177666868510946
1047,7.085168670428743e-6,0.0004200514239561595
1048,7.01559871263413e-6,0.0004183332495740037
1049,6.946676936792073e-6,0.0004166221164580118
1050,6.8783977198449975e-6,0.00041491799564775597
1051,6.810755480479713e-6,0.00041322085830271596
1052,6.743744689785558e-6,0.00041153067570188356
1053,6.677359853490827e-6,0.00040984741924359955
1054,6.611595535943593e-6,0.0004081710604434685
1055,6.54644634412449e-6,0.00040650157093615955
1056,6.481906925870362e-6,0.00040483892247305045
1057,6.4179719778678646e-6,0.00040318308692317145
1058,6.354636242100753e-6,0.00040153403627062045
1059,6.291894503185347e-6,0.00039989174261735247
1060,6.229741587482351e-6,0.00039825617817915854
1061,6.16817237286682e-6,0.00039662731528791045
1062,6.107181774517301e-6,0.000395005126388924
1063,6.04676474669219e-6,0.0003933895840424126
1064,5.986916294276057e-6,0.0003917806609219053
1065,5.927631463897853e-6,0.0003901783298141809
1066,5.868905335049135e-6,0.00038858256361765445
1067,5.810733039623983e-6,0.00038699333534412614
1068,5.753109744155438e-6,0.0003854106181163455
1069,5.69603065425639e-6,0.00038383438516851123
1070,5.639491023501364e-6,0.0003822646098454001
1071,5.583486138327487e-6,0.00038070126560181203
1072,5.528011332245342e-6,0.0003791443260031599
1073,5.473061970739934e-6,0.00037759376472343634
1074,5.418633461040656e-6,0.0003760495555458765
1075,5.364721253897642e-6,0.000374511672361421
1076,5.311320830259092e-6,0.00037298008917061726
1077,5.258427716370306e-6,0.0003714547800793798
1078,5.206037470451008e-6,0.0003699357193027511
1079,5.154145691577128e-6,0.00036842288116110955
1080,5.102748019680803e-6,0.000366916240080898
1081,5.0518401231158805e-6,0.0003654157705954425
1082,5.001417712868772e-6,0.00036392144734275975
1083,4.9514765354530255e-6,0.0003624332450650608
1084,4.90201237024479e-6,0.0003609511386099551
1085,4.853021035700067e-6,0.00035947510292879195
1086,4.8044983893547055e-6,0.0003580051130758974
1087,4.75644030917266e-6,0.0003565411442094206
1088,4.708842726408591e-6,0.0003550831715896409
1089,4.661701594521617e-6,0.00035363117057977955
1090,4.615012906050708e-6,0.0003521851166442859
1091,4.568772683732902e-6,0.00035074498534902465
1092,4.522976991161443e-6,0.00034931075236108514
1093,4.477621915022212e-6,0.00034788239344794164
1094,4.432703586410014e-6,0.0003464598844774257
1095,4.388218161288648e-6,0.0003450432014174762
1096,4.344161829372695e-6,0.00034363232033344723
1097,4.300530814127512e-6,0.0003422272173922228
1098,4.257321370104705e-6,0.0003408278688573074
1099,4.21452979004755e-6,0.00033943425109080744
1100,4.1721523844628905e-6,0.0003380463405533232
1101,4.130185506490136e-6,0.00033666411380040354
1102,4.088625535025869e-6,0.0003352875474875207
1103,4.047468883605632e-6,0.0003339166183637908
1104,4.0067119941866736e-6,0.0003325513032762656
1105,3.966351338036134e-6,0.0003311915791667716
1106,3.926383412178325e-6,0.00032983742307237524
1107,3.886804753605588e-6,0.0003284888121250981
1108,3.847611923291083e-6,0.0003271457235518721
1109,3.8088015070769643e-6,0.00032580813467246797
1110,3.770370130773415e-6,0.00032447602290218425
1111,3.732314435289652e-6,0.00032314936574766653
1112,3.6946311023910994e-6,0.0003218281408094402
1113,3.657316828054036e-6,0.0003205123257803179
1114,3.620368354440018e-6,0.00031920189844580546
1115,3.583782438809635e-6,0.0003178968366816942
1116,3.5475558659570083e-6,0.0003165971184563472
1117,3.511685454427038e-6,0.0003153027218289785
1118,3.4761680440809073e-6,0.0003140136249483484
1119,3.4410005023133294e-6,0.00031272980605534864
1120,3.4061797311579767e-6,0.00031145124347859224
1121,3.371702646859376e-6,0.00031017791563749467
1122,3.3375661994128336e-6,0.00030890980103975146
1123,3.3037673610181173e-6,0.0003076468782824658
1124,3.270303133184882e-6,0.0003063891260506671
1125,3.2371705422917785e-6,0.0003051365231176509
1126,3.2043666413628102e-6,0.00030388904834374383
1127,3.1718884994091923e-6,0.00030264668067716063
1128,3.1397332218574547e-6,0.0003014093991525191
1129,3.1078979327858747e-6,0.00030017718289111414
1130,3.0763797829180817e-6,0.0002989500111005468
1131,3.0451759460703443e-6,0.0002977278630737906
1132,3.0142836200397483e-6,0.0002965107181895875
1133,2.983700026604197e-6,0.00029529855591226353
1134,2.953422414186946e-6,0.0002940913557892104
1135,2.9234480471984625e-6,0.0002928890974540875
1136,2.8937742220236373e-6,0.0002916917606237239
1137,2.8643982554754643e-6,0.00029049932509818063
1138,2.8353174812423276e-6,0.0002893117707617257
1139,2.8065292649870344e-6,0.0002881290775811132
1140,2.778030987471425e-6,0.0002869512256058644
1141,2.7498200569908704e-6,0.00028577819496757376
1142,2.7218938996043107e-6,0.0002846099658797528
1143,2.694249965351503e-6,0.0002834465186383056
1144,2.666885728253021e-6,0.00028228783361903403
1145,2.639798683645722e-6,0.00028113389127988955
1146,2.6129863401891384e-6,0.00027998467215885336
1147,2.5864462394054044e-6,0.0002788401568744117
1148,2.5601759379156874e-6,0.0002777003261244283
1149,2.5341730109929017e-6,0.00027656516068702217
1150,2.508435056114422e-6,0.0002754346414190617
1151,2.482959698291154e-6,0.00027430874925692475
1152,2.457744574968501e-6,0.0002731874652145347
1153,2.432787344019971e-6,0.0002720707703853763
1154,2.4080856864117095e-6,0.00027095864593991437
1155,2.3836373017616097e-6,0.00026985107312662085
1156,2.3594399083393114e-6,0.00026874803327139873
1157,2.3354912475070932e-6,0.00026764950777700275
1158,2.311789075726267e-6,0.00026655547812248076
1159,2.2883311725507838e-6,0.00026546592586362827
1160,2.2651153317454487e-6,0.00026438083263224943
1161,2.2421393683913493e-6,0.00026330018013592457
1162,2.2194011188858553e-6,0.0002622239501573233
1163,2.196898433837191e-6,0.0002611521245537429
1164,2.1746291842816845e-6,0.0002600846852589857
1165,2.1525912616837672e-6,0.0002590216142793894
1166,2.1307825690541904e-6,0.0002579628936964194
1167,2.109201036937236e-6,0.000256908505664951
1168,2.087844605647149e-6,0.0002558584324136859
1169,2.0667112368144558e-6,0.0002548126562445102
1170,2.045798906280538e-6,0.0002537711595322553
1171,2.0251056129794165e-6,0.0002527339247242154
1172,2.0046293656150738e-6,0.00025170093434024113
1173,1.984368198648667e-6,0.0002506721709714249
1174,1.9643201545349598e-6,0.00024964761728216156
1175,1.9444833005977102e-6,0.00024862725600637015
1176,1.924855716595175e-6,0.0002476110699506373
1177,1.9054354938319307e-6,0.00024659904199111557
1178,1.8862207520342622e-6,0.00024559115507568827
1179,1.8672096153693474e-6,0.000244587392221475
1180,1.8484002310970027e-6,0.00024358773651635135
1181,1.8297907633524346e-6,0.0002425921711172764
1182,1.8113793815999202e-6,0.0002416006792507648
1183,1.7931642872781595e-6,0.0002406132442120401
1184,1.7751436836022094e-6,0.00023962984936615195
1185,1.757315795103409e-6,0.000238650478145766
1186,1.7396788614121306e-6,0.00023767511405184058
1187,1.7222311354814224e-6,0.00023670374065357103
1188,1.7049708889160797e-6,0.0002357363415875155
1189,1.6878964022026821e-6,0.0002347729005577684
1190,1.6710059780322695e-6,0.00023381340133538445
1191,1.654297927977666e-6,0.00023285782775902403
1192,1.6377705787107288e-6,0.000231906163732698
1193,1.6214222746668838e-6,0.00023095839322697514
1194,1.605251371827876e-6,0.0002300145002789404
1195,1.5892562448271974e-6,0.00022907446899108827
1196,1.5734352718510536e-6,0.00022813828353139554
1197,1.5577868577310028e-6,0.00022720592813364054
1198,1.542309410851317e-6,0.00022627738709447148
1199,1.5270013582480146e-6,0.0002253526447774032
1200,1.5118611447206831e-6,0.00022443168560942403
1201,1.4968872195098015e-6,0.0002235144940817453
1202,1.4820780496194175e-6,0.00022260105474882982
1203,1.4674321171526117e-6,0.0002216913522296443
1204,1.4529479139824275e-6,0.00022078537120561945
1205,1.4386239444164062e-6,0.00021988309642208617
1206,1.4244587323020141e-6,0.00021898451268676997
1207,1.4104508050394315e-6,0.0002180896048695341
1208,1.396598712233299e-6,0.00021719835790249067
1209,1.3829010070409709e-6,0.00021631075678044814
1210,1.3693562612715482e-6,0.00021542678655959296
1211,1.3559630565040948e-6,0.0002145464323575902
1212,1.3427199867521722e-6,0.00021366967935348632
1213,1.3296256593520184e-6,0.00021279651278664075
1214,1.3166786931861907e-6,0.00021192691795793306
1215,1.303877718683566e-6,0.00021106088022877778
1216,1.2912213778193404e-6,0.0002101983850199586
1217,1.2787083267795651e-6,0.00020933941781314108
1218,1.26633722796754e-6,0.00020848396414900258
1219,1.2541067633264902e-6,0.00020763200962868947
1220,1.2420156183523545e-6,0.0002067835399109548
1221,1.2300624963046403e-6,0.00020593854071497206
1222,1.2182461057719252e-6,0.00020509699781842694
1223,1.206565172218177e-6,0.00020425889705688594
1224,1.1950184282127907e-6,0.00020342422432509388
1225,1.1836046205360162e-6,0.0002025929655748368
1226,1.1723225021853523e-6,0.00020176510681612497
1227,1.1611708430336876e-6,0.0002009406341164574
1228,1.1501484173948029e-6,0.00020011953360122778
1229,1.139254016457869e-6,0.00019930179145176072
1230,1.1284864367411274e-6,0.00019848739390709857
1231,1.1178444889736738e-6,0.00019767632726242976
1232,1.1073269909900318e-6,0.00019686857786943568
1233,1.0969327748355795e-6,0.0001960641321359577
1234,1.0866606761084086e-6,0.0001952629765255079
1235,1.0765095472820008e-6,0.0001944650975575779
1236,1.0664782505998005e-6,0.00019367048180721214
1237,1.0565656518579658e-6,0.00019287911590416817
1238,1.0467706355044015e-6,0.00019209098653319434
1239,1.0370920877633694e-6,0.00019130608043447725
1240,1.0275289081818073e-6,0.00019052438440162606
1241,1.0180800078529728e-6,0.00018974588528344882
1242,1.0087443031991938e-6,0.00018897056998283188
1243,9.995207239654746e-7,0.00018819842545534857
1244,9.904082043377116e-7,0.0001874294387121181
1245,9.814056936008342e-7,0.00018666359681582603
1246,9.725121445924856e-7,0.0001859008868833091
1247,9.63726527025699e-7,0.0001851412960837892
1248,9.550478115016858e-7,0.0001843848116399524
1249,9.464749801679773e-7,0.00018363142082648484
1250,9.380070258302453e-7,0.00018288111096967374
1251,9.296429492877678e-7,0.0001821338694505542
1252,9.21381762886142e-7,0.00018138968369929911
1253,9.132224798591437e-7,0.00018064854119866774
1254,9.051641285395817e-7,0.00017991042948267352
1255,8.972057452538706e-7,0.00017917533613697953
1256,8.893463716574956e-7,0.00017844324879770848
1257,8.815850636167966e-7,0.00017771415515212274
1258,8.739208761099349e-7,0.00017698804293811432
1259,8.663528801022835e-7,0.00017626489994436792
1260,8.588801545528213e-7,0.00017554471400886215
1261,8.515017837495975e-7,0.0001748274730197473
1262,8.442168581979104e-7,0.00017411316491522041
1263,8.370244799493776e-7,0.0001734017776836433
1264,8.299237572728657e-7,0.000172693299361322
1265,8.229138073190256e-7,0.00017198771803452612
1266,8.159937570084708e-7,0.0001712850218377089
1267,8.091627332618145e-7,0.00017058519895588042
1268,8.024198807632388e-7,0.0001698882376221511
1269,7.957643441969253e-7,0.00016919412611622262
1270,7.89195278905197e-7,0.00016850285276765256
1271,7.827118464476257e-7,0.00016781440595254465
1272,7.763132190419242e-7,0.00016712877409606752
1273,7.699985715703406e-7,0.00016644594566982487
1274,7.637670877969072e-7,0.00016576590919399267
1275,7.57617959479262e-7,0.0001650886532346893
1276,7.515503872568274e-7,0.0001644141664058421
1277,7.455635753217393e-7,0.0001637424373679107
1278,7.39656734971561e-7,0.00016307345482755378
1279,7.3382908638564e-7,0.00016240720753875337
1280,7.280798604014649e-7,0.00016174368430052835
1281,7.22408283415632e-7,0.0001610828739583743
1282,7.168136031410199e-7,0.0001604247654037952
1283,7.112950592969014e-7,0.0001597693475738418
1284,7.058519084779391e-7,0.0001591166094511605
1285,7.004834126078663e-7,0.0001584665400630736
1286,6.951888327222377e-7,0.0001578191284823706
1287,6.899674520610688e-7,0.00015717436382681194
1288,6.8481853965352e-7,0.00015653223525835536
1289,6.797413876213909e-7,0.00015589273198407527
1290,6.747352845337673e-7,0.0001552558432550144
1291,6.697995340587681e-7,0.00015462155836640928
1292,6.649334354236203e-7,0.00015398986665705536
1293,6.601363065072974e-7,0.00015336075751035474
1294,6.554074563069889e-7,0.00015273422034726633
1295,6.507462160243449e-7,0.0001521102446485241
1296,6.461519053146958e-7,0.00015148881992231925
1297,6.416238713669031e-7,0.0001508699357251654
1298,6.371614444944385e-7,0.0001502535816552894
1299,6.327639772152338e-7,0.00014963974735459143
1300,6.284308229353996e-7,0.00014902842250797896
1301,6.241613368374033e-7,0.00014841959684190956
1302,6.199548883145667e-7,0.00014781326012484192
1303,6.158108423193198e-7,0.0001472094021682767
1304,6.117285744622336e-7,0.000146608012824824
1305,6.077074692356632e-7,0.00014600908198835957
1306,6.037469111319638e-7,0.00014541259959510028
1307,5.998462908607394e-7,0.00014481855562197
1308,5.960050106779136e-7,0.00014422694008753983
1309,5.92222471063053e-7,0.00014363774305072366
1310,5.884980787129734e-7,0.00014305095461146153
1311,5.848312492062746e-7,0.00014246656491091053
1312,5.812213990097348e-7,0.00014188456412988354
1313,5.776679552482733e-7,0.0001413049424897131
1314,5.741703459349878e-7,0.00014072769025213344
1315,5.70728005300225e-7,0.00014015279771867686
1316,5.673403720152237e-7,0.00013958025523088183
1317,5.640068918566499e-7,0.0001390100531694083
1318,5.607270141538834e-7,0.0001384421819544783
1319,5.575001900126608e-7,0.00013787663204626807
1320,5.543258838613951e-7,0.00013731339394361386
1321,5.512035547994287e-7,0.00013675245818447687
1322,5.481326779133155e-7,0.0001361938153449059
1323,5.451127185196469e-7,0.00013563745604120228
1324,5.421431614749395e-7,0.00013508337092691877
1325,5.392234889711744e-7,0.00013453155069389003
1326,5.363531876412253e-7,0.00013398198607315198
1327,5.335317476706791e-7,0.00013343466783273875
1328,5.307586690150856e-7,0.00013288958677896978
1329,5.280334551827082e-7,0.00013234673375627642
1330,5.253556079054533e-7,0.00013180609964563716
1331,5.227246386851903e-7,0.0001312676753667634
1332,5.201400643528586e-7,0.00013073145187586163
1333,5.176014008512198e-7,0.0001301974201657688
1334,5.15108173004819e-7,0.00012966557126715614
1335,5.126599127436293e-7,0.00012913589624673552
1336,5.102561457803745e-7,0.00012860838620896986
1337,5.0789641381499e-7,0.0001280830322939741
1338,5.055802523301622e-7,0.00012755982567784832
1339,5.033072110194325e-7,0.00012703875757358318
1340,5.010768360236284e-7,0.00012651981923058817
1341,4.988886814771831e-7,0.00012600300193300537
1342,4.967423032908869e-7,0.0001254882970012708
1343,4.946372627046003e-7,0.00012497569579134754
1344,4.925731253990762e-7,0.00012446519137246717
1345,4.905494614959593e-7,0.00012395678213944147
1346,4.885658420050731e-7,0.00012345045086076256
1347,4.866218432653113e-7,0.00012294618903340923
1348,4.847170487209951e-7,0.00012244398818993252
1349,4.828510382637319e-7,0.00012194383989622831
1350,4.810234077723408e-7,0.00012144573575452108
1351,4.79233738914786e-7,0.00012094966739947463
1352,4.774816355634925e-7,0.00012045562650184194
1353,4.757666935972793e-7,0.00011996360476594636
1354,4.740885151122143e-7,0.00011947359392949428
1355,4.7244671108614966e-7,0.0001189855857644008
1356,4.7084088894422393e-7,0.00011849957207764328
1357,4.692706614406461e-7,0.00011801554470746226
1358,4.6773564932323097e-7,0.0001175334955277052
1359,4.662354715634365e-7,0.00011705341644355216
1360,4.64769748020899e-7,0.0001165752993956097
1361,4.6333811543064485e-7,0.00011609913635528962
1362,4.6194019986955936e-7,0.00011562491932885083
1363,4.6057563629631204e-7,0.00011515264035403747
1364,4.592440605577508e-7,0.0001146822915016471
1365,4.57945120047043e-7,0.00011421386487508317
1366,4.5667845238739346e-7,0.00011374735261004965
1367,4.554437085246832e-7,0.00011328274687475923
1368,4.542405411811501e-7,0.00011282003986853861
1369,4.5306860130267523e-7,0.00011235922382397262
1370,4.5192754871692387e-7,0.00011190029100497864
1371,4.508170414752044e-7,0.00011144323370699746
1372,4.497367482869663e-7,0.00011098804425727429
1373,4.486863325325885e-7,0.00011053471501448406
1374,4.4766546380969885e-7,0.00011008323836797854
1375,4.466738143804605e-7,0.00010963360674014905
1376,4.457110627242855e-7,0.00010918581258206536
1377,4.447768855442291e-7,0.00010873984837763556
1378,4.438709657605955e-7,0.00010829570664066049
1379,4.4299298895822403e-7,0.00010785337991556232
1380,4.4214264249831103e-7,0.00010741286077797785
1381,4.41319616406588e-7,0.00010697414183319723
1382,4.40523606037857e-7,0.00010653721571736788
1383,4.397543085232769e-7,0.00010610207509621425
1384,4.390114183294713e-7,0.00010566871266662684
1385,4.3829463791666967e-7,0.00010523712115435846
1386,4.3760367862688554e-7,0.00010480729331589084
1387,4.3693824025581307e-7,0.00010437922193613086
1388,4.362980394745364e-7,0.0001039528998307282
1389,4.3568278762506907e-7,0.00010352831984423994
1390,4.3509219604942473e-7,0.00010310547485107777
1391,4.34525986747758e-7,0.00010268435775350263
1392,4.3398388349658035e-7,0.00010226496148444189
1393,4.334656029669759e-7,0.00010184727900282992
1394,4.329708778172403e-7,0.00010143130330366595
1395,4.3249943182388506e-7,0.00010101702740258206
1396,4.3205099498067057e-7,0.00010060444434810065
1397,4.316253097158551e-7,0.00010019354721543111
1398,4.312221024704854e-7,9.978432910939805e-5
1399,4.308411165609982e-7,9.937678316150264e-5
1400,4.3048209708018703e-7,9.897090253392637e-5
1401,4.301447793508828e-7,9.856668041429914e-5
1402,4.298289137949496e-7,9.816411001948439e-5
1403,4.2953424994607303e-7,9.776318459427807e-5
1404,4.292605328970467e-7,9.736389741018397e-5
1405,4.290075219515188e-7,9.69662417676688e-5
1406,4.2877497197224557e-7,9.657021099289051e-5
1407,4.285626378219831e-7,9.617579844124063e-5
1408,4.28370281468915e-7,9.578299749388869e-5
1409,4.2819766399304626e-7,9.539180156033916e-5
1410,4.2804455002709574e-7,9.500220407551024e-5
1411,4.2791070598013903e-7,9.461419850219366e-5
1412,4.2779590359032227e-7,9.422777833052731e-5
1413,4.2769991193125634e-7,9.384293707664568e-5
1414,4.2762250185290895e-7,9.345966828279081e-5
1415,4.2756345308703203e-7,9.30779655183879e-5
1416,4.275225427008422e-7,9.269782237899399e-5
1417,4.2749954687337777e-7,9.231923248644719e-5
1418,4.274942497772827e-7,9.194218948863422e-5
1419,4.275064373615578e-7,9.156668705939675e-5
1420,4.275358920224903e-7,9.119271889873257e-5
1421,4.2758240326179475e-7,9.08202787322232e-5
1422,4.2764576058118564e-7,9.04493603109402e-5
1423,4.2772575881144803e-7,9.00799574126282e-5
1424,4.2782218745429645e-7,8.971206383873859e-5
1425,4.2793484489322964e-7,8.934567341791627e-5
1426,4.280635295117463e-7,8.89807800028182e-5
1427,4.2820804146970204e-7,8.8617377471914e-5
1428,4.2836817826241713e-7,8.825545972821619e-5
1429,4.285437498197098e-7,8.78950207009524e-5
1430,4.2873455718961395e-7,8.753605434256781e-5
1431,4.2894041030194785e-7,8.717855463147642e-5
1432,4.291611173101728e-7,8.682251556988221e-5
1433,4.2939648903228544e-7,8.646793118555207e-5
1434,4.296463380626392e-7,8.611479552950857e-5
1435,4.2991047966012275e-7,8.576310267855575e-5
1436,4.301887326363385e-7,8.541284673196925e-5
1437,4.3048091313835357e-7,8.506402181555905e-5
1438,4.3078683997777034e-7,8.471662207674632e-5
1439,4.311063372952617e-7,8.437064168865388e-5
1440,4.314392247906085e-7,8.402607484706698e-5
1441,4.317853345980893e-7,8.368291577249415e-5
1442,4.3214448641748504e-7,8.334115870906392e-5
1443,4.3251651504760957e-7,8.300079792330703e-5
1444,4.3290124640549266e-7,8.266182770694935e-5
1445,4.3329851262541297e-7,8.232424237378244e-5
1446,4.33708147618006e-7,8.198803626122478e-5
1447,4.341299870702642e-7,8.165320373013443e-5
1448,4.3456386933371505e-7,8.131973916443436e-5
1449,4.350096309835294e-7,8.098763697078973e-5
1450,4.3546711392394855e-7,8.065689157907285e-5
1451,4.3593615561832166e-7,8.032749744146112e-5
1452,4.36416604188139e-7,7.999944903311698e-5
1453,4.369083006494634e-7,7.967274085246556e-5
1454,4.374110913474283e-7,7.93473674195154e-5
1455,4.3792482440352387e-7,7.902332327696174e-5
1456,4.3844935060377566e-7,7.870060299043288e-5
1457,4.389845198460307e-7,7.8379201146863e-5
1458,4.395301811399577e-7,7.805911235582094e-5
1459,4.4008619326518783e-7,7.774033124979471e-5
1460,4.4065240700774666e-7,7.742285248096142e-5
1461,4.4122868114726543e-7,7.710667072628741e-5
1462,4.418148700224833e-7,7.679178068251136e-5
1463,4.424108377421021e-7,7.647817706841337e-5
1464,4.4301644397393147e-7,7.616585462493289e-5
1465,4.4363154572124586e-7,7.5854808114343e-5
1466,4.442560141981744e-7,7.554503231975082e-5
1467,4.448897055198131e-7,7.523652204681833e-5
1468,4.455324944530048e-7,7.492927212126438e-5
1469,4.461842415537376e-7,7.462327739126903e-5
1470,4.468448207006759e-7,7.431853272436145e-5
1471,4.475140977788783e-7,7.401503301078874e-5
1472,4.481919448906524e-7,7.371277316138916e-5
1473,4.48878236802841e-7,7.341174810633622e-5
1474,4.4957284828228694e-7,7.311195279820909e-5
1475,4.5027565054311935e-7,7.281338220999425e-5
1476,4.509865236812516e-7,7.251603133452342e-5
1477,4.5170534246352645e-7,7.221989518643723e-5
1478,4.524319869858573e-7,7.192496879870891e-5
1479,4.531663382323359e-7,7.163124722664102e-5
1480,4.539082736343403e-7,7.133872554535362e-5
1481,4.5465768216956803e-7,7.104739884873298e-5
1482,4.5541444304575407e-7,7.075726225268253e-5
1483,4.5617844257606066e-7,7.046831089191352e-5
1484,4.569495670736501e-7,7.018053992159656e-5
1485,4.577277028516846e-7,6.989394451549155e-5
1486,4.585127388878618e-7,6.960851986973979e-5
1487,4.5930456327170077e-7,6.932426119693469e-5
1488,4.601030685336127e-7,6.904116373229394e-5
1489,4.6090814631583044e-7,6.875922272766774e-5
1490,4.6171968826058674e-7,6.847843345670485e-5
1491,4.6253758778647125e-7,6.819879121152186e-5
1492,4.6336174097660887e-7,6.792029130285593e-5
1493,4.6419204569048134e-7,6.764292906154615e-5
1494,4.6502839357032144e-7,6.736669983723603e-5
1495,4.6587068869285986e-7,6.709159899861636e-5
1496,4.6671882980575674e-7,6.681762193323434e-5
1497,4.67572712992137e-7,6.654476404781978e-5
1498,4.684322441050881e-7,6.627302076679664e-5
1499,4.6929732189227025e-7,6.600238753563456e-5
1500,4.701678513185925e-7,6.573285981554752e-5
1501,4.7104373646078557e-7,6.546443308869457e-5
1502,4.719248831719369e-7,6.51971028546687e-5
1503,4.7281119464059884e-7,6.49308646311908e-5
1504,4.737025838252862e-7,6.466571395539328e-5
1505,4.7459895569090804e-7,6.44016463814713e-5
1506,4.755002187550872e-7,6.413865748218853e-5
1507,4.764062859763385e-7,6.387674284982076e-5
1508,4.773170649841063e-7,6.361589809225632e-5
1509,4.782324687369055e-7,6.33561188368506e-5
1510,4.791524101932509e-7,6.309740072923259e-5
1511,4.80076807640728e-7,6.283973943119886e-5
1512,4.810055695969595e-7,6.258313062361756e-5
1513,4.819386134613524e-7,6.232757000523143e-5
1514,4.828758584096704e-7,6.207305329113122e-5
1515,4.838172174004285e-7,6.181957621562498e-5
1516,4.847626122739257e-7,6.156713452816834e-5
1517,4.85711960429569e-7,6.131572399816973e-5
1518,4.866651854840143e-7,6.10653404105807e-5
1519,4.876222039484901e-7,6.081597956825516e-5
1520,4.885829376632955e-7,6.056763729102993e-5
1521,4.895473102450865e-7,6.032030941626604e-5
1522,4.905152453105188e-7,6.007399179761355e-5
1523,4.914866673644269e-7,5.982868030659019e-5
1524,4.924615017998235e-7,5.958437083099927e-5
1525,4.934396722333645e-7,5.934105927477701e-5
1526,4.944211058344194e-7,5.90987415607265e-5
1527,4.954057333250717e-7,5.885741362626762e-5
1528,4.96393478321977e-7,5.86170714264346e-5
1529,4.973842724353972e-7,5.837771093249178e-5
1530,4.983780428347018e-7,5.813932813224579e-5
1531,4.993747229065093e-7,5.790191903053826e-5
1532,5.003742451492599e-7,5.7665479646921286e-5
1533,5.013765349559662e-7,5.743000601947379e-5
1534,5.02381530154139e-7,5.71954942002878e-5
1535,5.033891623540399e-7,5.69619402596179e-5
1536,5.043993676068226e-7,5.6729340282047486e-5
1537,5.054120801872841e-7,5.649769036895555e-5
1538,5.064272352583998e-7,5.626698663805177e-5
1539,5.074447653186098e-7,5.603722522243282e-5
1540,5.084646153008521e-7,5.580840227096748e-5
1541,5.094867168153883e-7,5.558051394849786e-5
1542,5.105110085779074e-7,5.535355643527043e-5
1543,5.115374319686339e-7,5.51275259277513e-5
1544,5.125659257032567e-7,5.490241863777626e-5
1545,5.13596431162e-7,5.467823079181866e-5
1546,5.146288861723747e-7,5.445495863237379e-5
1547,5.156632356673185e-7,5.42325984181774e-5
1548,5.166994210270559e-7,5.401114642234958e-5
1549,5.177373845199895e-7,5.379059893284924e-5
1550,5.187770701908789e-7,5.357095225344902e-5
1551,5.19818424749019e-7,5.335220270332244e-5
1552,5.208613904628123e-7,5.3134346616034306e-5
1553,5.219059096006617e-7,5.291738034087293e-5
1554,5.229519359772894e-7,5.270130024140687e-5
1555,5.239994091965627e-7,5.248610269590476e-5
1556,5.250482812968471e-7,5.2271784098112395e-5
1557,5.260984972110805e-7,5.205834085692668e-5
1558,5.271500098658066e-7,5.184576939419247e-5
1559,5.282027633057851e-7,5.1634066148421864e-5
1560,5.292567069048459e-7,5.1423227571012475e-5
1561,5.303117953658898e-7,5.121325012930056e-5
1562,5.313679789509251e-7,5.1004130303494016e-5
1563,5.324252034810684e-7,5.079586458987817e-5
1564,5.334834254355769e-7,5.058844949806102e-5
1565,5.345425995173514e-7,5.0381881551871815e-5
1566,5.356026759884003e-7,5.017615729022151e-5
1567,5.366636059989105e-7,4.9971273265066174e-5
1568,5.377253486926747e-7,4.976722604289191e-5
1569,5.387878543317015e-7,4.956401220450324e-5
1570,5.398510811716051e-7,4.936162834516533e-5
1571,5.409149821389292e-7,4.916007107244602e-5
1572,5.419795163774666e-7,4.8959337008866455e-5
1573,5.430446403664746e-7,4.8759422791293944e-5
1574,5.441103079206755e-7,4.856032506938071e-5
1575,5.451764790720404e-7,4.83620405067435e-5
1576,5.462431138525403e-7,4.816456578073114e-5
1577,5.473101687414328e-7,4.796789758201511e-5
1578,5.483776037706889e-7,4.7772032615578386e-5
1579,5.494453789722797e-7,4.757696759907781e-5
1580,5.505134543781764e-7,4.738269926398905e-5
1581,5.515817909085285e-7,4.7189224354596965e-5
1582,5.526503468189503e-7,4.699653962945624e-5
1583,5.537190883586618e-7,4.6804641859979346e-5
1584,5.547879746714557e-7,4.661352782987793e-5
1585,5.558569693420168e-7,4.642319433729308e-5
1586,5.56926034178673e-7,4.623363819300508e-5
1587,5.579951336542877e-7,4.604485622041604e-5
1588,5.590642322417239e-7,4.585684525706957e-5
1589,5.60133292637488e-7,4.56696021523019e-5
1590,5.61202282867157e-7,4.548312376837296e-5
1591,5.62271162962702e-7,4.529740698126089e-5
1592,5.633399045024134e-7,4.511244867851441e-5
1593,5.644084675182626e-7,4.492824576174739e-5
1594,5.654768244767183e-7,4.4744795143936145e-5
1595,5.665449371861087e-7,4.456209375205619e-5
1596,5.676127754483673e-7,4.438013852402223e-5
1597,5.686803072890712e-7,4.4198926411734285e-5
1598,5.697474989574403e-7,4.401845437897872e-5
1599,5.708143211435868e-7,4.383871940158088e-5
1600,5.718807418730876e-7,4.3659718468529174e-5
1601,5.729467318360548e-7,4.348144858072264e-5
1602,5.740122563935302e-7,4.330390675057541e-5
1603,5.750772924528746e-7,4.312709000413653e-5
1604,5.761418018224163e-7,4.295099537916097e-5
1605,5.772057622976945e-7,4.277561992438103e-5
1606,5.782691427924647e-7,4.260096070177882e-5
1607,5.793319175495526e-7,4.242701478533034e-5
1608,5.803940528181784e-7,4.22537792609777e-5
1609,5.814555228411677e-7,4.208125122542525e-5
1610,5.825163036377035e-7,4.190942778910245e-5
1611,5.835763676742545e-7,4.173830607298937e-5
1612,5.846356865291114e-7,4.156788320927238e-5
1613,5.856942335569215e-7,4.139815634414748e-5
1614,5.86751985665046e-7,4.122912263287981e-5
1615,5.878089108790618e-7,4.1060779244598417e-5
1616,5.888649887708652e-7,4.0893123358008016e-5
1617,5.899201962478173e-7,4.0726152164619056e-5
1618,5.909745084409224e-7,4.055986286690197e-5
1619,5.920278951521141e-7,4.039425267971311e-5
1620,5.930803386178241e-7,4.022931882761288e-5
1621,5.941318139690566e-7,4.006505854803333e-5
1622,5.951822981131727e-7,3.9901469089161784e-5
1623,5.962317644048198e-7,3.97385477097327e-5
1624,5.972801924158944e-7,3.957629168123075e-5
1625,5.983275617182926e-7,3.9414698284914035e-5
1626,5.993738509957325e-7,3.92537648135835e-5
1627,6.004190318265046e-7,3.9093488571222135e-5
1628,6.014630926642894e-7,3.8933866872883915e-5
1629,6.025060050873776e-7,3.8774897044308726e-5
1630,6.035477495558439e-7,3.8616576423049914e-5
1631,6.045883074179415e-7,3.845890235604568e-5
1632,6.056276600219235e-7,3.830187220198525e-5
1633,6.066657816106158e-7,3.814548333103823e-5
1634,6.077026579731637e-7,3.7989733122523184e-5
1635,6.087382677932851e-7,3.7834618967544364e-5
1636,6.097725906428764e-7,3.768013826758662e-5
1637,6.108056096465475e-7,3.752628843495601e-5
1638,6.118373052643733e-7,3.737306689239814e-5
1639,6.128676579564285e-7,3.7220471072806766e-5
1640,6.138966535118584e-7,3.706849842094809e-5
1641,6.149242715025593e-7,3.691714638973803e-5
1642,6.159504950531414e-7,3.676641244467621e-5
1643,6.169753090645713e-7,3.661629406053607e-5
1644,6.179986931087456e-7,3.646678872225306e-5
1645,6.190206294220957e-7,3.631789392594467e-5
1646,6.200411046819454e-7,3.616960717707507e-5
1647,6.2106010467744e-7,3.602192599233556e-5
1648,6.220776080922974e-7,3.5874847896966156e-5
1649,6.230936016038413e-7,3.5728370427420136e-5
1650,6.241080727775739e-7,3.5582491130739524e-5
1651,6.251210020735698e-7,3.543720756276139e-5
1652,6.261323752809744e-7,3.5292517290150954e-5
1653,6.271421799652899e-7,3.514841788904502e-5
1654,6.281503983629477e-7,3.50049069456522e-5
1655,6.291570180394501e-7,3.4861982055746366e-5
1656,6.301620265602992e-7,3.471964082588444e-5
1657,6.311654070501049e-7,3.4577880872178196e-5
1658,6.321671470743695e-7,3.4436699819232613e-5
1659,6.33167234198595e-7,3.4296095302359386e-5
1660,6.341656559882836e-7,3.4156064966681804e-5
1661,6.3516239290351e-7,3.401660646671842e-5
1662,6.361574405033821e-7,3.3877717465814056e-5
1663,6.371507845770452e-7,3.3739395638322095e-5
1664,6.381424082491094e-7,3.360163866623564e-5
1665,6.391323044141473e-7,3.346444424415229e-5
1666,6.401204588613041e-7,3.332781007292507e-5
1667,6.411068582679036e-7,3.319173386355859e-5
1668,6.420914955285184e-7,3.3056213337417234e-5
1669,6.430743573204722e-7,3.292124622442799e-5
1670,6.44055428544732e-7,3.278683026385065e-5
1671,6.450347038722271e-7,3.2652963204215374e-5
1672,6.460121699802812e-7,3.2519642803621046e-5
1673,6.469878206516455e-7,3.238686682881936e-5
1674,6.479616363463947e-7,3.225463305609605e-5
1675,6.489336135118151e-7,3.212293927027862e-5
1676,6.499037432661225e-7,3.199178326574251e-5
1677,6.508720131748191e-7,3.1861162846515134e-5
1678,6.518384143561207e-7,3.173107582330956e-5
1679,6.528029361518861e-7,3.160152001839209e-5
1680,6.537655687921529e-7,3.147249326183876e-5
1681,6.547263069478504e-7,3.1343993391677594e-5
1682,6.556851399608377e-7,3.121601825679596e-5
1683,6.566420571729736e-7,3.108856571318319e-5
1684,6.575970532551878e-7,3.096163362644594e-5
1685,6.585501184375175e-7,3.083521987031282e-5
1686,6.595012393972866e-7,3.070932232778975e-5
1687,6.604504179108517e-7,3.058393889020933e-5
1688,6.613976388791798e-7,3.0459067457661027e-5
1689,6.623428996377356e-7,3.0334705938564466e-5
1690,6.632861868638429e-7,3.0210852249929615e-5
1691,6.642274970047879e-7,3.0087504317998642e-5
1692,6.65166820290608e-7,2.996466007657711e-5
1693,6.661041558331249e-7,2.984231746831073e-5
1694,6.6703948586877e-7,2.972047444411638e-5
1695,6.679728148384356e-7,2.9599128963525567e-5
1696,6.689041276430885e-7,2.9478278993931573e-5
1697,6.698334242827286e-7,2.9357922511741297e-5
1698,6.707606932110366e-7,2.9238057500546866e-5
1699,6.716859308752987e-7,2.9118681954230785e-5
1700,6.72609131058266e-7,2.899979387194912e-5
1701,6.735302893190465e-7,2.8881391263845674e-5
1702,6.744493958876774e-7,2.8763472146246805e-5
1703,6.753664472114451e-7,2.8646034544416166e-5
1704,6.76281439737636e-7,2.852907649145489e-5
1705,6.771943645844658e-7,2.8412596029196713e-5
1706,6.781052181992209e-7,2.8296591206254662e-5
1707,6.790139952528307e-7,2.8181060079849468e-5
1708,6.799206921925816e-7,2.806600071578874e-5
1709,6.808253028012246e-7,2.795141118697858e-5
1710,6.817278253024028e-7,2.7837289573864193e-5
1711,6.826282481497969e-7,2.7723633965252154e-5
1712,6.835265740079421e-7,2.7610442458341627e-5
1713,6.844227939950542e-7,2.749771315711802e-5
1714,6.853169063347764e-7,2.7385444174039125e-5
1715,6.862089083625733e-7,2.727363362806101e-5
1716,6.870987911966608e-7,2.7162279647996446e-5
1717,6.87986554837039e-7,2.7051380367928285e-5
1718,6.888721975073508e-7,2.6940933931750982e-5
1719,6.89755707661277e-7,2.6830938488233563e-5
1720,6.906370897397096e-7,2.6721392197250754e-5
1721,6.915163357490428e-7,2.6612293223048783e-5
1722,6.92393446577455e-7,2.6503639738550966e-5
1723,6.93268415119519e-7,2.6395429924993413e-5
1724,6.941412395988777e-7,2.6287661969402742e-5
1725,6.950119182391745e-7,2.6180334067243266e-5
1726,6.958804465995172e-7,2.6073444421764735e-5
1727,6.967468229035489e-7,2.596699124243068e-5
1728,6.976110462630913e-7,2.586097274681967e-5
1729,6.984731086845386e-7,2.575538715931386e-5
1730,6.993330137206044e-7,2.565023271210165e-5
1731,7.001907551540398e-7,2.5545507643345844e-5
1732,7.010463329848449e-7,2.5441210200663478e-5
1733,7.018997445484843e-7,2.5337338636809842e-5
1734,7.027509889567796e-7,2.5233891211839943e-5
1735,7.036000599924819e-7,2.513086619444077e-5
1736,7.044469603201264e-7,2.5028261858729e-5
1737,7.052916863869996e-7,2.492607648676981e-5
1738,7.061342390812797e-7,2.4824308367185632e-5
1739,7.069746130738963e-7,2.472295579637393e-5
1740,7.07812807476671e-7,2.462201707635614e-5
1741,7.086488231777821e-7,2.4521490517265265e-5
1742,7.094826575126945e-7,2.4421374435430743e-5
1743,7.103143095932296e-7,2.4321667155165205e-5
1744,7.11143780307566e-7,2.422236700590566e-5
1745,7.119710634384546e-7,2.412347232513476e-5
1746,7.127961634267876e-7,2.4024981457121397e-5
1747,7.136190767198514e-7,2.392689275238294e-5
1748,7.144398006531105e-7,2.3829204568514423e-5
1749,7.152583414438141e-7,2.3731915269529363e-5
1750,7.160746902101778e-7,2.3635023226092206e-5
1751,7.16888854057629e-7,2.3538526816493238e-5
1752,7.177008241043836e-7,2.3442424423952835e-5
1753,7.185106092322258e-7,2.3346714440486416e-5
1754,7.193181996711928e-7,2.3251395261870283e-5
1755,7.201236060794258e-7,2.3156465293196205e-5
1756,7.209268177987838e-7,2.3061922944576235e-5
1757,7.21727841934694e-7,2.2967766632742137e-5
1758,7.225266758226212e-7,2.2873994781128643e-5
1759,7.23323318574387e-7,2.278060581965488e-5
1760,7.241177701899915e-7,2.268759818438784e-5
1761,7.249100368866834e-7,2.2594970318229324e-5
1762,7.257001106708572e-7,2.2502720669625303e-5
1763,7.264879977597616e-7,2.241084769466148e-5
1764,7.272736954888614e-7,2.231934985449935e-5
1765,7.280572047463352e-7,2.222822561733645e-5
1766,7.28838528196718e-7,2.2137473456754903e-5
1767,7.296176631754747e-7,2.2047091853927975e-5
1768,7.30394613235319e-7,2.195707929488963e-5
1769,7.311693792644292e-7,2.1867434272685587e-5
1770,7.3194195859827e-7,2.1778155286405337e-5
1771,7.327123574540906e-7,2.1689240841209906e-5
1772,7.334805705028202e-7,2.1600689447849597e-5
1773,7.342466057380648e-7,2.1512499623961567e-5
1774,7.350104569425753e-7,2.142466989285205e-5
1775,7.357721329981359e-7,2.133719878389881e-5
1776,7.365316267993194e-7,2.1250084832453997e-5
1777,7.37288945451553e-7,2.116332657993089e-5
1778,7.380440925075504e-7,2.107692257369287e-5
1779,7.387970626382412e-7,2.0990871366564218e-5
1780,7.395478593963389e-7,2.0905171518453836e-5
1781,7.402964863345574e-7,2.081982159392315e-5
1782,7.410429452292533e-7,2.0734820164132473e-5
1783,7.417872325277131e-7,2.0650165805984055e-5
1784,7.425293562235424e-7,2.056585710144207e-5
1785,7.432693127640277e-7,2.0481892639787752e-5
1786,7.440071083664179e-7,2.0398271014066688e-5
1787,7.447427439188914e-7,2.0314990825148066e-5
1788,7.454762194214481e-7,2.0232050678480745e-5
1789,7.46207536650445e-7,2.0149449184762858e-5
1790,7.469367000467741e-7,2.0067184961260198e-5
1791,7.476637087222571e-7,1.9985256630543347e-5
1792,7.483885688941427e-7,1.9903662821257884e-5
1793,7.491112752333606e-7,1.9822402166927433e-5
1794,7.498318383980518e-7,1.9741473306914697e-5
1795,7.505502566118594e-7,1.966087488673024e-5
1796,7.512665307629618e-7,1.9580605556200614e-5
1797,7.519806644040727e-7,1.9500663971425136e-5
1798,7.526926610879059e-7,1.9421048794803636e-5
1799,7.534025243671749e-7,1.934175869227478e-5
1800,7.541102506891662e-7,1.9262792336913886e-5
1801,7.548158480474854e-7,1.9184148406500845e-5
1802,7.555193155539541e-7,1.9105825584331965e-5
1803,7.56220658537643e-7,1.9027822558737723e-5
1804,7.569198787749087e-7,1.8950138023953594e-5
1805,7.576169762657514e-7,1.887277067946086e-5
1806,7.5831195722742e-7,1.8795719230139257e-5
1807,7.590048234362712e-7,1.87189823848688e-5
1808,7.596955775568404e-7,1.8642558859933295e-5
1809,7.603842195891275e-7,1.8566447375387846e-5
1810,7.610707575267384e-7,1.8490646657026016e-5
1811,7.617551887051377e-7,1.8415155435654723e-5
1812,7.624375211179313e-7,1.8339972447475872e-5
1813,7.631177538769407e-7,1.8265096434121053e-5
1814,7.637958905348796e-7,1.8190526140868246e-5
1815,7.644719355326401e-7,1.8116260320541477e-5
1816,7.651458906465791e-7,1.804229772893462e-5
1817,7.658177594294102e-7,1.7968637127611237e-5
1818,7.664875454338471e-7,1.7895277283738048e-5
1819,7.671552504362467e-7,1.7822216969040627e-5
1820,7.678208779893225e-7,1.774945496081995e-5
1821,7.684844334221452e-7,1.7676990040054602e-5
1822,7.691459167347148e-7,1.7604820993426945e-5
1823,7.698053341442801e-7,1.7532946613274536e-5
1824,7.704626847626628e-7,1.746136569603235e-5
1825,7.711179748071118e-7,1.739007704396056e-5
1826,7.717712087185191e-7,1.7319079462150416e-5
1827,7.724223882732417e-7,1.7248371763121245e-5
1828,7.730715152476364e-7,1.717795276258427e-5
1829,7.737185958589521e-7,1.7107821281690805e-5
1830,7.743636301071888e-7,1.7037976146629802e-5
1831,7.750066277623091e-7,1.696841618743783e-5
1832,7.756475870479562e-7,1.6899140239969718e-5
1833,7.762865106286654e-7,1.6830147144607926e-5
1834,7.769234047216855e-7,1.676143574528069e-5
1835,7.775582711033735e-7,1.669300489326106e-5
1836,7.781911168791567e-7,1.6624853441223747e-5
1837,7.78821942049035e-7,1.6556980249146647e-5
1838,7.794507510539006e-7,1.6489384180883027e-5
1839,7.800775483346456e-7,1.6422064104491124e-5
1840,7.807023383321621e-7,1.6355018892483947e-5
1841,7.8132512104645e-7,1.628824742321011e-5
1842,7.819459026947584e-7,1.6221748578092166e-5
1843,7.825646886061577e-7,1.615552124448541e-5
1844,7.831814814451832e-7,1.608956431324582e-5
1845,7.837962821000133e-7,1.6023876680360677e-5
1846,7.844090994524322e-7,1.5958457245796726e-5
1847,7.850199299497262e-7,1.5893304915113454e-5
1848,7.856287878027501e-7,1.5828418596548766e-5
1849,7.862356667942549e-7,1.576379720424209e-5
1850,7.868405766942033e-7,1.569943965687784e-5
1851,7.874435210553088e-7,1.5635344876464147e-5
1852,7.880445007657499e-7,1.5571511789956582e-5
1853,7.886435202664188e-7,1.5507939328824466e-5
1854,7.89240589327278e-7,1.544462642889821e-5
1855,7.898357035074355e-7,1.5381572030504637e-5
1856,7.904288725768538e-7,1.531877507727694e-5
1857,7.910200956473545e-7,1.5256234518680467e-5
1858,7.916093842652572e-7,1.5193949307427956e-5
1859,7.92196734877848e-7,1.5131918400915906e-5
1860,7.927821528141976e-7,1.507014076050639e-5
1861,7.933656460679117e-7,1.5008615352297278e-5
1862,7.939472164153472e-7,1.4947341145623433e-5
1863,7.945268665210392e-7,1.4886317115228587e-5
1864,7.951046034904152e-7,1.482554223943694e-5
1865,7.956804308761889e-7,1.4765015501017054e-5
1866,7.962543513428955e-7,1.47047358868245e-5
1867,7.968263666668918e-7,1.4644702386854697e-5
1868,7.973964866181404e-7,1.4584913997115617e-5
1869,7.979647129729983e-7,1.4525369716366504e-5
1870,7.985310457314654e-7,1.446606854738769e-5
1871,7.990954964398611e-7,1.4407009497667544e-5
1872,7.996580668745423e-7,1.4348191579180436e-5
1873,8.002187561473306e-7,1.4289613806509754e-5
1874,8.007775740281886e-7,1.4231275198926113e-5
1875,8.013345222934731e-7,1.4173174780481024e-5
1876,8.018896071604331e-7,1.411531157846993e-5
1877,8.024428330699607e-7,1.4057684623817318e-5
1878,8.029942017984126e-7,1.400029295142366e-5
1879,8.035437195630379e-7,1.3943135601893197e-5
1880,8.04091387252015e-7,1.3886211617068767e-5
1881,8.046372172998417e-7,1.3829520044975757e-5
1882,8.051812026010907e-7,1.377305993620348e-5
1883,8.057233564784383e-7,1.3716830345154168e-5
1884,8.06263678043706e-7,1.3660830330945034e-5
1885,8.068021752904997e-7,1.360505895650968e-5
1886,8.073388535478898e-7,1.3549515287925029e-5
1887,8.078737110395195e-7,1.3494198394838064e-5
1888,8.084067539826378e-7,1.3439107351662788e-5
1889,8.089379930353857e-7,1.338424123628612e-5
1890,8.094674264214063e-7,1.3329599130341985e-5
1891,8.099950594697702e-7,1.3275180119252938e-5
1892,8.105208983977263e-7,1.322098329120669e-5
1893,8.110449458698099e-7,1.316700773549423e-5
1894,8.115672054387346e-7,1.3113252556613136e-5
1895,8.120876842099278e-7,1.305971685095289e-5
1896,8.126063848479248e-7,1.3006399721619821e-5
1897,8.13123312681796e-7,1.2953300277018104e-5
1898,8.136384694878984e-7,1.2900417627220717e-5
1899,8.141518641480161e-7,1.2847750887372972e-5
1900,8.146635002148628e-7,1.2795299176290853e-5
1901,8.151733776884384e-7,1.2743061615833051e-5
1902,8.15681502785992e-7,1.2691037330883614e-5
1903,8.161878835011294e-7,1.263922545147872e-5
1904,8.166925233865641e-7,1.258762510961478e-5
1905,8.171954224422961e-7,1.2536235441999721e-5
1906,8.176965895501098e-7,1.248505558800253e-5
1907,8.181960273745403e-7,1.2434084690662872e-5
1908,8.186937394683014e-7,1.238332189740926e-5
1909,8.191897347131771e-7,1.233276635836944e-5
1910,8.196840131091676e-7,1.2282417226935904e-5
1911,8.201765799853433e-7,1.2232273660647136e-5
1912,8.206674380062395e-7,1.2182334819862278e-5
1913,8.211565969418189e-7,1.2132599868847072e-5
1914,8.216440559039029e-7,1.2083067975017514e-5
1915,8.22129821997919e-7,1.203373830870047e-5
1916,8.22613901441116e-7,1.1984610044778188e-5
1917,8.230962933453156e-7,1.193568236098827e-5
1918,8.235770074804805e-7,1.1886954437542036e-5
1919,8.24056049175681e-7,1.1838425459591295e-5
1920,8.24533415766382e-7,1.1790094614119728e-5
1921,8.250091152461891e-7,1.174196109296824e-5
1922,8.254831547205299e-7,1.1694024089473065e-5
1923,8.259555368539395e-7,1.1646282801733993e-5
1924,8.264262687518453e-7,1.159873643072698e-5
1925,8.268953477497121e-7,1.1551384179804558e-5
1926,8.273627853938592e-7,1.150422525717995e-5
1927,8.278285825724652e-7,1.1457258872853149e-5
1928,8.282927472791357e-7,1.1410484241393404e-5
1929,8.287552768493356e-7,1.136390057898326e-5
1930,8.292161837175627e-7,1.1317507106246155e-5
1931,8.296754669956385e-7,1.1271303046435366e-5
1932,8.301331355653474e-7,1.1225287626356883e-5
1933,8.305891920912245e-7,1.1179460076147368e-5
1934,8.310436392378051e-7,1.1133819627879432e-5
1935,8.314964832223382e-7,1.1088365517979842e-5
1936,8.319477275975373e-7,1.1043096985248468e-5
1937,8.323973768042947e-7,1.0998013272568719e-5
1938,8.328454379480377e-7,1.0953113624975058e-5
1939,8.332919110287662e-7,1.090839729065568e-5
1940,8.337368040400861e-7,1.0863863521448636e-5
1941,8.341801196465326e-7,1.0819511571950186e-5
1942,8.346218640653547e-7,1.0775340699906849e-5
1943,8.350620408492659e-7,1.0731350164900483e-5
1944,8.355006508864449e-7,1.0687539232018956e-5
1945,8.359377083877462e-7,1.0643907166780348e-5
1946,8.363732089122777e-7,1.0600453239598129e-5
1947,8.368071586772885e-7,1.0557176722558043e-5
1948,8.372395612354921e-7,1.051407689152059e-5
1949,8.376704245804945e-7,1.0471153025562452e-5
1950,8.380997522650091e-7,1.0428404405207065e-5
1951,8.385275469535713e-7,1.0385830315651212e-5
1952,8.389538148634301e-7,1.0343430043566193e-5
1953,8.393785577709423e-7,1.030120288029665e-5
1954,8.398017827815352e-7,1.0259148117974792e-5
1955,8.402234934479225e-7,1.0217265053333313e-5
1956,8.406436950991747e-7,1.0175552984856978e-5
1957,8.410623912880055e-7,1.0134011214728983e-5
1958,8.414795837907718e-7,1.0092639047110108e-5
1959,8.418952823774362e-7,1.0051435790255081e-5
1960,8.423094852716417e-7,1.0010400753625998e-5
1961,8.427222049078864e-7,9.969533250955842e-6
1962,8.431334403979918e-7,9.928832597986409e-6
1963,8.435431944064931e-7,9.888298113415461e-6
1964,8.439514740388177e-7,9.847929119285309e-6
1965,8.443582837358576e-7,9.807724939060736e-6
1966,8.447636279385051e-7,9.767684900213736e-6
1967,8.451675119758306e-7,9.727808332350013e-6
1968,8.455699367360126e-7,9.688094568281042e-6
1969,8.459709084362999e-7,9.648542942861799e-6
1970,8.463704350702983e-7,9.609152794746306e-6
1971,8.467685157498295e-7,9.569923463778607e-6
1972,8.471651558039639e-7,9.530854294059754e-6
1973,8.475603614499505e-7,9.491944631363075e-6
1974,8.47954136240503e-7,9.45319382426174e-6
1975,8.483464846165134e-7,9.414601224260605e-6
1976,8.487374110188739e-7,9.376166185594975e-6
1977,8.491269172239413e-7,9.337888064332028e-6
1978,8.495150121134998e-7,9.299766220702277e-6
1979,8.499016974639062e-7,9.26180001570992e-6
1980,8.502869768278742e-7,9.223988814210243e-6
1981,8.506708573108313e-7,9.186331983539187e-6
1982,8.510533398009557e-7,9.148828893211502e-6
1983,8.514344305154964e-7,9.111478915357907e-6
1984,8.518141338953455e-7,9.074281425283659e-6
1985,8.521924534932168e-7,9.037235800021803e-6
1986,8.525693937500023e-7,9.00034141914155e-6
1987,8.529449599947725e-7,8.963597665744005e-6
1988,8.533191557802411e-7,8.927003924741328e-6
1989,8.536919828827649e-7,8.890559583262653e-6
1990,8.540634492959498e-7,8.854264031840642e-6
1991,8.544335576843309e-7,8.818116662191039e-6
1992,8.548023142651573e-7,8.782116869918838e-6
1993,8.55169717262072e-7,8.746264052443553e-6
1994,8.55535779109573e-7,8.710557609158814e-6
1995,8.55900497143125e-7,8.674996943153213e-6
1996,8.562638811326906e-7,8.639581458622092e-6
1997,8.56625929301913e-7,8.604310563396778e-6
1998,8.569866523089331e-7,8.569183662283236e-6
1999,8.573460492655727e-7,8.534200175838724e-6
2000,8.577041263890806e-7,8.499359514857474e-6
2001,8.580608890085273e-7,8.464661095428094e-6
2002,8.584163380120913e-7,8.43010433704619e-6
2003,8.58770478728843e-7,8.39568866194823e-6
2004,8.5912331826421e-7,8.361413493186004e-6
2005,8.594748592827273e-7,8.327278257589527e-6
2006,8.598251035607518e-7,8.293282383498024e-6
2007,8.601740573155325e-7,8.25942530240445e-6
2008,8.605217249879615e-7,8.22570644677667e-6
2009,8.608681074662172e-7,8.19212525331528e-6
2010,8.612132162966191e-7,8.158681159213532e-6
2011,8.615570461500965e-7,8.125373604471464e-6
2012,8.618996076847907e-7,8.092202032627949e-6
2013,8.622409035652367e-7,8.05916588771105e-6
2014,8.625809355677916e-7,8.026264617065626e-6
2015,8.629197099097041e-7,7.993497669497168e-6
2016,8.63257230143688e-7,7.960864497471437e-6
2017,8.635935015988139e-7,7.928364553898282e-6
2018,8.6392852516326e-7,7.895997295347817e-6
2019,8.642623079424538e-7,7.863762179982636e-6
2020,8.64594853489109e-7,7.831658668525782e-6
2021,8.649261662441177e-7,7.799686222977054e-6
2022,8.652562479838366e-7,7.767844308517735e-6
2023,8.655851022609795e-7,7.736132392213019e-6
2024,8.659127361809738e-7,7.704549943660793e-6
2025,8.662391524083546e-7,7.673096433770399e-6
2026,8.665643544958357e-7,7.641771336060199e-6
2027,8.668883451079523e-7,7.610574126723502e-6
2028,8.672111331264887e-7,7.57950428335874e-6
2029,8.675327176632663e-7,7.548561285361521e-6
2030,8.678531040473558e-7,7.517744616002825e-6
2031,8.681722976078277e-7,7.487053758380158e-6
2032,8.684902992328603e-7,7.456488199556605e-6
2033,8.68807116027881e-7,7.426047427712412e-6
2034,8.691227488810682e-7,7.3957309331788845e-6
2035,8.694372048978494e-7,7.365538208844308e-6
2036,8.697504885191165e-7,7.335468748832091e-6
2037,8.700625979685128e-7,7.3055220507455e-6
2038,8.703735421278225e-7,7.275697612652704e-6
2039,8.706833245497592e-7,7.2459949358449904e-6
2040,8.709919461225013e-7,7.2164135225642745e-6
2041,8.712994148396547e-7,7.18695287819926e-6
2042,8.716057298130409e-7,7.157612509741534e-6
2043,8.719108981480872e-7,7.1283919258514905e-6
2044,8.722149260620427e-7,7.099290637292005e-6
2045,8.725178117785504e-7,7.070308157726413e-6
2046,8.728195632912161e-7,7.041444001237851e-6
2047,8.731201806000399e-7,7.012697684962571e-6
2048,8.734196708104491e-7,6.984068728541765e-6
2049,8.737180356988006e-7,6.955556651429273e-6
2050,8.740152797059864e-7,6.927160977453911e-6
2051,8.743114090492554e-7,6.89888123115226e-6
2052,8.746064219522509e-7,6.8707169391842016e-6
2053,8.749003281849355e-7,6.8426676299755684e-6
2054,8.751931277473091e-7,6.814732834405091e-6
2055,8.754848259684422e-7,6.786912084257024e-6
2056,8.757754264010487e-7,6.7592049150071165e-6
2057,8.760649272687715e-7,6.731610862086013e-6
2058,8.763533463351791e-7,6.704129463592362e-6
2059,8.766406720539521e-7,6.676760259931996e-6
2060,8.769269168595883e-7,6.649502792964446e-6
2061,8.772120798639094e-7,6.622356606360291e-6
2062,8.77496169060521e-7,6.595321246093827e-6
2063,8.777791853376016e-7,6.56839625969019e-6
2064,8.780611322478649e-7,6.541581195774332e-6
2065,8.783420124558461e-7,6.514875606416365e-6
2066,8.786218375078647e-7,6.488279044040285e-6
2067,8.789006002984934e-7,6.461791063953198e-6
2068,8.791783097095163e-7,6.435411222738968e-6
2069,8.794549666291118e-7,6.4091390787543445e-6
2070,8.797305790508858e-7,6.3829741925973404e-6
2071,8.800051487511951e-7,6.3569161257714946e-6
2072,8.80278676618218e-7,6.330964442548964e-6
2073,8.805511670928468e-7,6.305118708391927e-6
2074,8.808226281686871e-7,6.279378491250154e-6
2075,8.810930589575605e-7,6.253743359635466e-6
2076,8.813624656767161e-7,6.228212884928919e-6
2077,8.816308483261537e-7,6.20278663967036e-6
2078,8.818982131231223e-7,6.177464198113547e-6
2079,8.821645653966925e-7,6.152245137062279e-6
2080,8.824299033705074e-7,6.127129033566686e-6
2081,8.826942323736375e-7,6.10211546812553e-6
2082,8.829575586233318e-7,6.077204021636556e-6
2083,8.832198856723039e-7,6.0523942772804096e-6
2084,8.834812135205539e-7,6.027685820170214e-6
2085,8.837415466089737e-7,6.003078235908288e-6
2086,8.840008920429909e-7,5.978571113618436e-6
2087,8.842592462698917e-7,5.95416404201507e-6
2088,8.84516621724174e-7,5.929856614055734e-6
2089,8.847730121885888e-7,5.905648421740406e-6
2090,8.850284292094557e-7,5.881539060437896e-6
2091,8.852828718985961e-7,5.8575281263115175e-6
2092,8.855363438087238e-7,5.833615217637478e-6
2093,8.857888511570877e-7,5.80979993446834e-6
2094,8.86040392167331e-7,5.78608187810567e-6
2095,8.862909757212378e-7,5.762460651544121e-6
2096,8.865406035951651e-7,5.738935859332661e-6
2097,8.867892740127559e-7,5.715507107935391e-6
2098,8.870369994085081e-7,5.692174005256234e-6
2099,8.872837771178865e-7,5.66893616059036e-6
2100,8.875296124699616e-7,5.645793184950315e-6
2101,8.877745063529119e-7,5.622744690979287e-6
2102,8.880184632076293e-7,5.599790293572132e-6
2103,8.882614892513629e-7,5.576929607949838e-6
2104,8.885035835959343e-7,5.5541622518244516e-6
2105,8.887447515704139e-7,5.531487843518645e-6
2106,8.889849940629801e-7,5.508906004508818e-6
2107,8.892243199554173e-7,5.486416356212387e-6
2108,8.894627283595469e-7,5.4640185223435445e-6
2109,8.89700223716261e-7,5.441712128444881e-6
2110,8.89936808690095e-7,5.419496800555118e-6
2111,8.90172485945584e-7,5.39737216770711e-6
2112,8.904072599236201e-7,5.375337858576357e-6
2113,8.906411324005603e-7,5.353393505064946e-6
2114,8.908741069291182e-7,5.3315387393525204e-6
2115,8.911061888383642e-7,5.309773196807144e-6
2116,8.913373781282985e-7,5.2880965122001355e-6
2117,8.915676819043483e-7,5.266508322675917e-6
2118,8.917970975019784e-7,5.245008267470985e-6
2119,8.920256320266162e-7,5.223595986474094e-6
2120,8.922532899191538e-7,5.20227112144056e-6
2121,8.924800702914126e-7,5.1810333152151056e-6
2122,8.927059802488202e-7,5.159882212481259e-6
2123,8.929310233440901e-7,5.138817459580947e-6
2124,8.931551969126872e-7,5.117838703640187e-6
2125,8.933785080600387e-7,5.0969455939742225e-6
2126,8.936009630033936e-7,5.076137780064827e-6
2127,8.938225564136815e-7,5.055414914325457e-6
2128,8.940432971726864e-7,5.034776650168771e-6
2129,8.942631888331221e-7,5.014222641503557e-6
2130,8.944822322831669e-7,4.993752544760893e-6
2131,8.947004310755347e-7,4.9733660171663585e-6
2132,8.949177878747605e-7,4.953062717368006e-6
2133,8.951343071217366e-7,4.932842306262092e-6
2134,8.953499914809981e-7,4.912704444547111e-6
2135,8.955648436170804e-7,4.892648796217536e-6
2136,8.957788661945187e-7,4.872675024542722e-6
2137,8.959920627660267e-7,4.852782796299637e-6
2138,8.962044333316044e-7,4.8329717777309544e-6
2139,8.964159858848575e-7,4.813241637292853e-6
2140,8.966267177612508e-7,4.793592045675837e-6
2141,8.968366387307469e-7,4.7740226729493795e-6
2142,8.970457479051674e-7,4.754533192086879e-6
2143,8.972540470608692e-7,4.735123277282982e-6
2144,8.974615415269227e-7,4.715792603030705e-6
2145,8.97668231303328e-7,4.69654084649454e-6
2146,8.978741261600476e-7,4.677367684436523e-6
2147,8.980792189916542e-7,4.6582727972893645e-6
2148,8.982835186799321e-7,4.6392558641916715e-6
2149,8.984870278894164e-7,4.620316567848642e-6
2150,8.986897501728208e-7,4.601454591083437e-6
2151,8.98891684641967e-7,4.582669618249241e-6
2152,8.990928366259254e-7,4.5639613340982266e-6
2153,8.992932105655882e-7,4.545329426855482e-6
2154,8.994928064609553e-7,4.526773583958532e-6
2155,8.996916296410973e-7,4.508293495388005e-6
2156,8.998896792178357e-7,4.4898888506908485e-6
2157,9.000869622965979e-7,4.471559343407344e-6
2158,9.002834762128487e-7,4.453304665665708e-6
2159,9.004792334010858e-7,4.435124512060934e-6
2160,9.00674226755882e-7,4.417018579234988e-6
2161,9.008684633826647e-7,4.398986563413504e-6
2162,9.010619441696122e-7,4.381028162577655e-6
2163,9.012546762221518e-7,4.363143076540482e-6
2164,9.014466568757484e-7,4.345331006062186e-6
2165,9.016378914594725e-7,4.327591653283808e-6
2166,9.018283835260377e-7,4.309924720374142e-6
2167,9.020181339636224e-7,4.292329912662651e-6
2168,9.022071481012972e-7,4.274806935659209e-6
2169,9.023954232745268e-7,4.257355495536352e-6
2170,9.025829683650954e-7,4.239975300045218e-6
2171,9.027697842611815e-7,4.222666059233715e-6
2172,9.02955870962785e-7,4.205427482712604e-6
2173,9.031412355753332e-7,4.188259282087575e-6
2174,9.033258745461126e-7,4.171161170483939e-6
2175,9.035097976450857e-7,4.154132861099863e-6
2176,9.03693003984074e-7,4.137174069770294e-6
2177,9.038754944512561e-7,4.120284511903438e-6
2178,9.040572743757025e-7,4.1034639049336574e-6
2179,9.042383446455915e-7,4.086711967585949e-6
2180,9.044187097018153e-7,4.070028419841248e-6
2181,9.045983713207306e-7,4.053412981850496e-6
2182,9.04777330390516e-7,4.03686537558956e-6
2183,9.049555940165988e-7,4.020385325102099e-6
2184,9.051331613108005e-7,4.00397255331808e-6
2185,9.053100358258348e-7,3.987626786106091e-6
2186,9.054862184498802e-7,3.97134774970942e-6
2187,9.056617127356503e-7,3.955135172276081e-6
2188,9.058365222358589e-7,3.938988781988784e-6
2189,9.060106469505058e-7,3.922908308792716e-6
2190,9.06184094873197e-7,3.906893483073687e-6
2191,9.063568624512186e-7,3.890944037972244e-6
2192,9.065289550136413e-7,3.8750597051960545e-6
2193,9.067003752250002e-7,3.859240219807741e-6
2194,9.068711230852955e-7,3.843485316585432e-6
2195,9.070412065881328e-7,3.82779473272199e-6
2196,9.072106221807985e-7,3.812168204730265e-6
2197,9.073793760805415e-7,3.796605470739872e-6
2198,9.075474682873619e-7,3.7811062717461874e-6
2199,9.077149023539732e-7,3.765670346808636e-6
2200,9.078816844976245e-7,3.750297438948752e-6
2201,9.080478102774237e-7,3.734987290095193e-6
2202,9.082132859106196e-7,3.7197396441958352e-6
2203,9.083781140617475e-7,3.7045542461526526e-6
2204,9.085422973953428e-7,3.6894308415615085e-6
2205,9.087058341350485e-7,3.674369178051362e-6
2206,9.088687331626488e-7,3.659369002359525e-6
2207,9.090309909254302e-7,3.644430064737858e-6
2208,9.091926136406414e-7,3.6295521144182052e-6
2209,9.093536013082826e-7,3.614734902446931e-6
2210,9.095139583692458e-7,3.5999781811610343e-6
2211,9.096736874880662e-7,3.5852817029807804e-6
2212,9.098327886647439e-7,3.5706452233032204e-6
2213,9.099912645638142e-7,3.5560684956657818e-6
2214,9.101491222907043e-7,3.541551276742272e-6
2215,9.103063565163438e-7,3.52709332344589e-6
2216,9.104629743461601e-7,3.5126943943551703e-6
2217,9.106189775565099e-7,3.4983542479410934e-6
2218,9.107743688119285e-7,3.4840726442358916e-6
2219,9.109291490005944e-7,3.4698493447289647e-6
2220,9.11083319010686e-7,3.455684110750118e-6
2221,9.112368850594521e-7,3.4415767055512303e-6
2222,9.113898471468929e-7,3.4275268929045977e-6
2223,9.115422079375435e-7,3.4135344381992783e-6
2224,9.116939700959392e-7,3.3995991064288134e-6
2225,9.118451362866153e-7,3.3857206649806626e-6
2226,9.119957056213934e-7,3.3718988817245388e-6
2227,9.121456843175224e-7,3.358133524616891e-6
2228,9.122950714868239e-7,3.3444243641503335e-6
2229,9.124438724583683e-7,3.3307711705225784e-6
2230,9.125920863439774e-7,3.317173714868088e-6
2231,9.127397175845431e-7,3.3036317697819617e-6
2232,9.128867661800655e-7,3.2901451094066725e-6
2233,9.130332383477935e-7,3.276713507100598e-6
2234,9.131791305350134e-7,3.2633367387825685e-6
2235,9.133244498471527e-7,3.250014579812832e-6
2236,9.134691953960328e-7,3.2367468079073924e-6
2237,9.136133716225459e-7,3.2235332007996e-6
2238,9.137569811912272e-7,3.2103735372775166e-6
2239,9.139000232138983e-7,3.197267597176978e-6
2240,9.140425012432729e-7,3.1842151616452707e-6
2241,9.141844188320647e-7,3.171216011614575e-6
2242,9.143257759802736e-7,3.1582699293250527e-6
2243,9.144665744642566e-7,3.1453766987966925e-6
2244,9.146068187249057e-7,3.1325361041258104e-6
2245,9.147465096503993e-7,3.1197479298632202e-6
2246,9.148856481289158e-7,3.107011962984879e-6
2247,9.15024237713169e-7,3.0943279892108044e-6
2248,9.151622801795156e-7,3.0816957973106573e-6
2249,9.152997808570262e-7,3.069115175238779e-6
2250,9.154367353048087e-7,3.0565859129409734e-6
2251,9.155731497401121e-7,3.0441078002346744e-6
2252,9.157090232747578e-7,3.0316806281238673e-6
2253,9.158443647905301e-7,3.019304189815636e-6
2254,9.159791671820017e-7,3.0069782767823405e-6
2255,9.161134402191351e-7,2.994702683317002e-6
2256,9.16247183013752e-7,2.9824772047083725e-6
2257,9.163803946776738e-7,2.9703016349545697e-6
2258,9.165130805399713e-7,2.9581757714260137e-6
2259,9.166452423770011e-7,2.946099410733316e-6
2260,9.167768810769417e-7,2.9340723509199695e-6
2261,9.169079975279715e-7,2.92209439038682e-6
2262,9.17038597059161e-7,2.910165329019637e-6
2263,9.171686814468671e-7,2.898284967318282e-6
2264,9.172982498029114e-7,2.8864531061850718e-6
2265,9.174273047918291e-7,2.874669547594383e-6
2266,9.175558499663339e-7,2.8629340945197923e-6
2267,9.176838853264258e-7,2.8512465507953e-6
2268,9.178114153129968e-7,2.8396067200189834e-6
2269,9.179384417024039e-7,2.8280144082522274e-6
2270,9.180649627182902e-7,2.816469421108858e-6
2271,9.181909828015478e-7,2.804971565111697e-6
2272,9.183165046167119e-7,2.7935206480984853e-6
2273,9.18441529051961e-7,2.7821164792912745e-6
2274,9.18566056107295e-7,2.7707588663994365e-6
2275,9.186900928881414e-7,2.7594476200293316e-6
2276,9.188136367299649e-7,2.7481825512695734e-6
2277,9.189366902973006e-7,2.736963470532233e-6
2278,9.190592571428624e-7,2.725790191261679e-6
2279,9.191813372666502e-7,2.7146625256983803e-6
2280,9.193029333331992e-7,2.703580288129781e-6
2281,9.194240471188664e-7,2.69254329280863e-6
2282,9.195446812881869e-7,2.6815513546746272e-6
2283,9.196648376175176e-7,2.670604290693629e-6
2284,9.197845169950369e-7,2.659701917078622e-6
2285,9.199037167562096e-7,2.6488440507815847e-6
2286,9.200224520000688e-7,2.6380305112871927e-6
2287,9.201407102921166e-7,2.6272611175354177e-6
2288,9.202585014023157e-7,2.6165356880603063e-6
2289,9.203758226661307e-7,2.6058540444628964e-6
2290,9.204926811889891e-7,2.5952160078099307e-6
2291,9.206090734181771e-7,2.584621399796122e-6
2292,9.207250046827653e-7,2.5740700437086594e-6
2293,9.208404740945753e-7,2.5635617623455398e-6
2294,9.209554869826775e-7,2.5530963800278472e-6
2295,9.210700415707151e-7,2.5426737216560635e-6
2296,9.211841422995803e-7,2.5322936130604823e-6
2297,9.212977865047378e-7,2.5219558799187414e-6
2298,9.214109839561502e-7,2.5116603498617773e-6
2299,9.215237284365685e-7,2.5014068501631737e-6
2300,9.216360243868849e-7,2.491195209720215e-6
2301,9.21747875359813e-7,2.481025257010383e-6
2302,9.218592804671744e-7,2.4708968221105743e-6
2303,9.219702423735043e-7,2.4608097359268832e-6
2304,9.220807646315166e-7,2.450763828740904e-6
2305,9.221908463530326e-7,2.4407589335924407e-6
2306,9.223004893144093e-7,2.4307948821855607e-6
2307,9.224096988447172e-7,2.4208715079347687e-6
2308,9.225184696148858e-7,2.4109886450178475e-6
2309,9.226268122830561e-7,2.401146128309939e-6
2310,9.22734722408336e-7,2.3913437925821013e-6
2311,9.228422017670823e-7,2.381581473403366e-6
2312,9.229492521356519e-7,2.3718590084140234e-6
2313,9.230558770667585e-7,2.362176234151081e-6
2314,9.231620792249373e-7,2.3525329891221913e-6
2315,9.232678594983668e-7,2.342929111290304e-6
2316,9.233732169988684e-7,2.3333644403600307e-6
2317,9.234781535027992e-7,2.3238388163863977e-6
2318,9.235826716746942e-7,2.3143520802362816e-6
2319,9.236867741790888e-7,2.304904072054914e-6
2320,9.237904636805183e-7,2.2954946349088012e-6
2321,9.238937384026258e-7,2.2861236103934035e-6
2322,9.239966045626602e-7,2.2767908426507555e-6
2323,9.240990586079079e-7,2.2674961745496047e-6
2324,9.24201103202904e-7,2.258239451265881e-6
2325,9.243027401240056e-7,2.2490205171393773e-6
2326,9.24403974700283e-7,2.2398392184944105e-6
2327,9.24504804267201e-7,2.23069540151305e-6
2328,9.246052323774734e-7,2.2215889133939126e-6
2329,9.247052608074569e-7,2.212519601776236e-6
2330,9.248048860044378e-7,2.203487314583752e-6
2331,9.249041177383788e-7,2.194491900385509e-6
2332,9.250029551211014e-7,2.1855332093673185e-6
2333,9.251013937117136e-7,2.1766110910557968e-6
2334,9.25199443280178e-7,2.1677253961606413e-6
2335,9.252970993856025e-7,2.1588759763838117e-6
2336,9.253943664688791e-7,2.150062683666659e-6
2337,9.254912445300079e-7,2.141285369770124e-6
2338,9.255877362335241e-7,2.132543888613142e-6
2339,9.256838433557846e-7,2.1238380936081103e-6
2340,9.257795667849678e-7,2.1151678389133566e-6
2341,9.258749082974305e-7,2.106532979526815e-6
2342,9.259698678931727e-7,2.0979333712027592e-6
2343,9.260644482367297e-7,2.089368869924446e-6
2344,9.261586519926368e-7,2.0808393319665663e-6
2345,9.262524809372508e-7,2.0723446148215863e-6
2346,9.263459306296795e-7,2.0638845767660674e-6
2347,9.264390099517072e-7,2.055459075934324e-6
2348,9.265317162387987e-7,2.0470679709533313e-6
2349,9.26624053931846e-7,2.0387111222680554e-6
2350,9.267160221426707e-7,2.030388389001603e-6
2351,9.268076226476296e-7,2.0220996323171148e-6
2352,9.268988554467228e-7,2.0138447136310023e-6
2353,9.26989722316307e-7,2.0056234950605045e-6
2354,9.270802294736313e-7,1.997435838119177e-6
2355,9.271703724778035e-7,1.9892816068012298e-6
2356,9.272601575460726e-7,1.9811606636610524e-6
2357,9.273495802375464e-7,1.9730728737753223e-6
2358,9.27438646769474e-7,1.9650181012839663e-6
2359,9.27527358918212e-7,1.956996211770201e-6
2360,9.27615713131047e-7,1.949007070470299e-6
2361,9.277037147370493e-7,1.9410505436544268e-6
2362,9.277913681771111e-7,1.9331264987827723e-6
2363,9.278786672339834e-7,1.9252348024551003e-6
2364,9.279656145722015e-7,1.9173753237240743e-6
2365,9.280522181853712e-7,1.909547930119271e-6
2366,9.281384736326004e-7,1.9017524903360006e-6
2367,9.282243818020675e-7,1.8939888752587952e-6
2368,9.283099480228429e-7,1.8862569542109353e-6
2369,9.283951722949269e-7,1.8785565974663299e-6
2370,9.284800555064976e-7,1.870887676433397e-6
2371,9.285645985457336e-7,1.8632500630375026e-6
2372,9.286488023008133e-7,1.855643629814635e-6
2373,9.287326694362719e-7,1.8480682480968846e-6
2374,9.288161981757526e-7,1.8405237922937412e-6
2375,9.288993974010396e-7,1.833010136290808e-6
2376,9.289822591185271e-7,1.8255271534498019e-6
2377,9.290647913218208e-7,1.818074718704099e-6
2378,9.291469922345641e-7,1.8106527080799517e-6
2379,9.292288609685784e-7,1.8032609965315527e-6
2380,9.29310404629291e-7,1.7958994611537438e-6
2381,9.293916196639884e-7,1.7885679783891106e-6
2382,9.29472511401741e-7,1.7812664250410615e-6
2383,9.29553078066192e-7,1.7739946799183448e-6
2384,9.296333214336983e-7,1.766752620206008e-6
2385,9.297132406160813e-7,1.7595401259444532e-6
2386,9.297928436069469e-7,1.7523570755295648e-6
2387,9.298721277417599e-7,1.745203349026031e-6
2388,9.299510912441633e-7,1.7380788264916014e-6
2389,9.300297403314062e-7,1.730983389403029e-6
2390,9.301080723389532e-7,1.7239169180886804e-6
2391,9.301860890431612e-7,1.7168792952569623e-6
2392,9.30263793996744e-7,1.7098704021625832e-6
2393,9.303411889760582e-7,1.7028901221766146e-6
2394,9.30418273981104e-7,1.6959383386770666e-6
2395,9.304950445709892e-7,1.6890149343827543e-6
2396,9.305715122920333e-7,1.6821197944862087e-6
2397,9.306476691506305e-7,1.6752528032397407e-6
2398,9.307235222522081e-7,1.668413845246075e-6
2399,9.307990698204094e-7,1.6616028063846933e-6
2400,9.308743171843048e-7,1.654819572941002e-6
2401,9.309492590148238e-7,1.6480640309540773e-6
2402,9.310239015292154e-7,1.6413360674275013e-6
2403,9.31098245615658e-7,1.6346355705236515e-6
2404,9.311722886096163e-7,1.627962427284274e-6
2405,9.312460367283393e-7,1.6213165261562412e-6
2406,9.313194890836485e-7,1.6146977564156229e-6
2407,9.313926447873655e-7,1.6081060066723551e-6
2408,9.314655056158472e-7,1.6015411671080337e-6
2409,9.315380751218072e-7,1.5950031272311815e-6
2410,9.316103533052456e-7,1.5884917784238228e-6
2411,9.316823410543407e-7,1.5820070113740925e-6
2412,9.317540410336278e-7,1.575548717776265e-6
2413,9.318254479140364e-7,1.5691167887417479e-6
2414,9.318965723537076e-7,1.5627111173699415e-6
2415,9.319674134644629e-7,1.5563315963265656e-6
2416,9.320379650290533e-7,1.549978119380624e-6
2417,9.321082341529063e-7,1.5436505790243638e-6
2418,9.321782226123787e-7,1.537348869973948e-6
2419,9.322479277429352e-7,1.5310728873514645e-6
2420,9.32317352209111e-7,1.5248225254914372e-6
2421,9.3238649956362e-7,1.5185976796547318e-6
2422,9.324553680301051e-7,1.512398245688551e-6
2423,9.325239593849233e-7,1.5062241205225646e-6
2424,9.325922754044313e-7,1.5000752004896978e-6
2425,9.326603169768077e-7,1.493951382221248e-6
2426,9.327280841020524e-7,1.4878525641387474e-6
2427,9.327955785565223e-7,1.4817786432794189e-6
2428,9.328628021165741e-7,1.475729518751745e-6
2429,9.329297565585648e-7,1.469705088373574e-6
2430,9.329964401061375e-7,1.4637052520791172e-6
2431,9.330628563120058e-7,1.457729909490335e-6
2432,9.331290051761698e-7,1.451778960371436e-6
2433,9.331948858104511e-7,1.4458523053366423e-6
2434,9.332605017675633e-7,1.4399498450279324e-6
2435,9.3332585660022e-7,1.4340714807291322e-6
2436,9.333909458675294e-7,1.428217113838559e-6
2437,9.334557757867401e-7,1.4223866472290458e-6
2438,9.335203428051386e-7,1.4165799819693126e-6
2439,9.335846504754386e-7,1.410797022097926e-6
2440,9.3364869879764e-7,1.405037670217102e-6
2441,9.337124886599213e-7,1.3993018297617232e-6
2442,9.337760236149961e-7,1.3935894054850628e-6
2443,9.338393027746861e-7,1.3879003013979319e-6
2444,9.339023225862775e-7,1.3822344220003335e-6
2445,9.339650928197329e-7,1.3765916735200556e-6
2446,9.340276099223388e-7,1.370971960120565e-6
2447,9.340898783349871e-7,1.3653751887998666e-6
2448,9.341518900640722e-7,1.359801264984306e-6
2449,9.342136539913781e-7,1.3542500961472026e-6
2450,9.342751718932618e-7,1.3487215892900306e-6
2451,9.343364402170096e-7,1.3432156518514149e-6
2452,9.343974607389782e-7,1.3377321917626417e-6
2453,9.34458236123703e-7,1.332271116975814e-6
2454,9.345187672593624e-7,1.3268323364075407e-6
2455,9.34579053257778e-7,1.3214157587454478e-6
2456,9.34639096783485e-7,1.3160212935410531e-6
2457,9.346988987246618e-7,1.310648850325058e-6
2458,9.347584608576653e-7,1.305298339259603e-6
2459,9.348177814061387e-7,1.2999696712943931e-6
2460,9.348768621464387e-7,1.2946627567268776e-6
2461,9.349357066312791e-7,1.2893775069820756e-6
2462,9.34994313084303e-7,1.2841138332456148e-6
2463,9.350526832818673e-7,1.278871648104779e-6
2464,9.351108181121504e-7,1.2736508631129573e-6
2465,9.351687184633306e-7,1.2684513913154005e-6
2466,9.352263852235865e-7,1.2632731454693957e-6
2467,9.352838192810964e-7,1.2581160395222502e-6
2468,9.35341024188574e-7,1.2529799864081925e-6
2469,9.353979972814841e-7,1.247864900501272e-6
2470,9.354547385598266e-7,1.24277069653983e-6
2471,9.355112524644937e-7,1.2376972886203597e-6
2472,9.355675363309501e-7,1.2326445922375417e-6
2473,9.356235981528016e-7,1.2276125225044177e-6
2474,9.356794317127992e-7,1.2226009962167106e-6
2475,9.357350361227645e-7,1.217609928029495e-6
2476,9.357904211526602e-7,1.212639235290136e-6
2477,9.358455796970588e-7,1.20768883502681e-6
2478,9.359005179732094e-7,1.2027586438582982e-6
2479,9.359552324283982e-7,1.1978485792603355e-6
2480,9.360097283916957e-7,1.192958559402546e-6
2481,9.360640040867452e-7,1.188088502943746e-6
2482,9.361180595135465e-7,1.1832383268947644e-6
2483,9.361718964484567e-7,1.178407951409749e-6
2484,9.362255166678324e-7,1.1735972955916052e-6
2485,9.362789201716737e-7,1.1688062782275188e-6
2486,9.363321096245159e-7,1.1640348192287764e-6
2487,9.36385083250002e-7,1.159282839325454e-6
2488,9.364378437126675e-7,1.1545502583629186e-6
2489,9.364903910125122e-7,1.1498369979316692e-6
2490,9.365427251495362e-7,1.1451429784252454e-6
2491,9.365948496764531e-7,1.1404681219580326e-6
2492,9.366467601523709e-7,1.1358123493815375e-6
2493,9.366984663472522e-7,1.1311755835942405e-6
2494,9.36749962043848e-7,1.1265577466931798e-6
2495,9.368012481303367e-7,1.1219587612749937e-6
2496,9.368523281594321e-7,1.1173785506059242e-6
2497,9.369032021311341e-7,1.1128170383165048e-6
2498,9.369538700454427e-7,1.1082741470276603e-6
2499,9.370043327905364e-7,1.1037498021428116e-6
2500,9.370545912545936e-7,1.0992439270912646e-6
2501,9.371046481021494e-7,1.0947564459441728e-6
2502,9.371545042213825e-7,1.0902872847606826e-6
2503,9.372041551714005e-7,1.085836368468901e-6
2504,9.37253608057631e-7,1.0814036222189793e-6
2505,9.373028611037171e-7,1.0769889721810866e-6
2506,9.37351916974194e-7,1.0725923441368135e-6
2507,9.374007703399911e-7,1.0682136643291873e-6
2508,9.37449428306536e-7,1.0638528602710529e-6
2509,9.374978899856501e-7,1.059509858295643e-6
2510,9.375461562655119e-7,1.0551845859817222e-6
2511,9.375942262579429e-7,1.0508769711405075e-6
2512,9.376421008511215e-7,1.0465869412744355e-6
2513,9.376897835977616e-7,1.0423144250863714e-6
2514,9.377372753860413e-7,1.038059350710191e-6
2515,9.377845735514256e-7,1.0338216465920202e-6
2516,9.378316798702713e-7,1.0296012430063839e-6
2517,9.378785961189351e-7,1.0253980681947106e-6
2518,9.379253231855955e-7,1.021212052323972e-6
2519,9.379718601820741e-7,1.0170431247111256e-6
2520,9.380182106610846e-7,1.0128912168345938e-6
2521,9.380643710699132e-7,1.0087562579592924e-6
2522,9.38110347625809e-7,1.0046381800354887e-6
2523,9.381561376642367e-7,1.0005369130185182e-6
2524,9.382017420733746e-7,9.964523888655874e-7
